Brand,Year,Engine Size,Fuel Type,Transmission,Mileage,Condition,Car_Age,Is_Luxury_Brand,Mileage_Per_Year,Age_Mileage_Interaction,Engine_Age_Interaction,Model_TargetEnc,Price
-0.9023457165144926,1.0562431260255811,0.6483330482261644,-0.4169108333665442,0.9502432353523981,0.005790568894013876,1.1945547843381912,-1.0562431260255776,0.9522907789840104,0.7064787394701166,-0.5993991808476198,-0.5240369436164143,1.1026041036699394,14679.61
-1.3991158317232693,0.30033465038573365,0.7190333800480644,-0.4169108333665442,0.9502432353523981,0.4495389302644417,-0.020213536197862498,-0.30033465038573015,0.9522907789840104,0.32332616916316187,0.07697407115793133,0.2084982864202957,-0.32573604007393053,44402.61
-0.4055756013057161,-0.3043921301261443,-0.6242729245680396,-1.315874817813155,0.9502432353523981,0.9279105464063456,-1.2349818567339161,0.30439213012614774,-1.0500994255839482,0.24742439328211382,0.8730320730337094,-0.24108342128463786,-2.1422224185336938,73577.1
-1.3991158317232693,1.2074248211535505,-0.7656735882118402,-1.315874817813155,-1.052362135079183,1.1999058451516362,-1.2349818567339161,-1.207424821153547,0.9522907789840104,2.6504874394114735,-0.2764039087818104,-1.1025197003836016,-0.38744411323898026,88969.76
-1.3991158317232693,1.3586065162815202,0.36553172093856334,-0.4169108333665442,-1.052362135079183,-0.08321095087890991,1.1945547843381912,-1.3586065162815164,0.9522907789840104,1.1556927400789077,-0.7845104660356809,-0.8761568825181806,0.47660365932963433,63498.75
0.09119451390306038,1.8121516016654287,1.5674373619108672,-0.4169108333665442,0.9502432353523981,-0.2579561466324464,-1.2349818567339161,-1.8121516016654249,-1.0500994255839482,2.555416444745808,-1.03598051045557,-1.0930879163058758,-0.7470670257026498,15905.62
-0.4055756013057161,-0.1532104349981748,-1.401976574608942,-0.4169108333665442,-1.052362135079183,-0.08872155899569141,-1.2349818567339161,0.15321043499817827,-1.0500994255839482,-0.3325113480365224,-0.03470857994489068,-0.8761568825181806,0.2337897666176811,9560.22
-0.4055756013057161,0.9050614308976117,1.5674373619108672,-0.4169108333665442,-1.052362135079183,0.31247843823614885,1.1945547843381912,-0.905061430897608,-1.0500994255839482,0.8451751454716508,-0.386733582968263,-0.017864531445125318,-2.1422224185336938,28074.19
-0.4055756013057161,-0.7579372155100528,0.8604340436918649,1.3810171355266774,-1.052362135079183,-0.32727197200076713,-0.020213536197862498,0.7579372155100562,-1.0500994255839482,-0.6579650134156821,0.03600463893057168,1.3245927356178582,-0.48592130799853095,74766.45
-0.9023457165144926,0.4515163455137032,-1.048474915499441,-0.4169108333665442,-1.052362135079183,-0.8973022145547138,-0.020213536197862498,-0.4515163455136996,0.9522907789840104,-0.7159013943074484,-0.8027097030432021,-0.8761568825181806,-0.23600717548390576,35220.52
-0.4055756013057161,-0.1532104349981748,0.294831389116663,-0.4169108333665442,-1.052362135079183,1.134644995567362,1.1945547843381912,0.15321043499817827,-1.0500994255839482,0.47970659894833323,0.9082679107763144,0.3311114794307321,-2.1422224185336938,21796.16
0.5879646291118369,0.9050614308976117,0.7190333800480644,-0.4169108333665442,-1.052362135079183,-0.0678343902847041,-0.020213536197862498,-0.905061430897608,0.9522907789840104,0.41592952306208975,-0.5516286881850335,-0.3574087582432572,-0.9671453726489531,14728.03
0.09119451390306038,-0.002028739870205314,-0.34147159728043885,-0.4169108333665442,-1.052362135079183,-0.6435369778812917,-0.020213536197862498,0.002028739870208805,-1.0500994255839482,-0.6591664690069604,-0.5107739055853053,-0.21593199707736896,-0.7470670257026498,47791.89
-0.9023457165144926,-0.9091189106380223,-1.684777901896543,1.3810171355266774,-1.052362135079183,1.708707108630233,-0.020213536197862498,0.9091189106380256,0.9522907789840104,0.3542761393418695,2.1594131391938984,-0.9044522347513582,-0.26764155666356654,35735.34
0.5879646291118369,1.2074248211535505,0.294831389116663,1.3810171355266774,-1.052362135079183,0.5766988119026261,1.1945547843381912,-1.207424821153547,0.9522907789840104,1.7712478016197144,-0.48656613760734985,-0.7724072576631958,0.37516262445382653,86382.04
0.5879646291118369,1.660969906537459,-0.8363739200337406,-0.4169108333665442,0.9502432353523981,-1.5080670571501105,1.1945547843381912,-1.6609699065374555,0.9522907789840104,-1.0511855953053642,-1.2098917514375345,-1.3414582303526574,-0.4991774591537944,61393.26
0.09119451390306038,0.14915295525776417,-0.12937060181473833,-1.315874817813155,0.9502432353523981,1.5348976765191686,-0.020213536197862498,-0.14915295525776068,-1.0500994255839482,1.0272394415137134,0.9100689117229913,-0.17820486076646555,-1.6196282426233282,54210.22
-0.9023457165144926,1.2074248211535505,1.6381376937327672,0.48205315108006663,-1.052362135079183,0.09431843052692081,-0.020213536197862498,-1.207424821153547,0.9522907789840104,1.0906907328275204,-0.6492378192202962,-0.3542648302173485,-0.26764155666356654,75621.02
-1.3991158317232693,0.6026980406416726,-0.34147159728043885,-0.4169108333665442,-1.052362135079183,0.5291134977872738,-0.020213536197862498,-0.6026980406416691,0.9522907789840104,0.680063791412258,-0.08299777868977092,-0.5932033601864042,0.47660365932963433,82480.4
1.58150485952939,0.9050614308976117,1.213935702801366,-0.4169108333665442,-1.052362135079183,-1.436729520208547,1.1945547843381912,-0.905061430897608,-1.0500994255839482,-1.129093936553758,-1.1451508876791274,-0.15934129261101354,0.69675831515521,70176.95
-0.9023457165144926,-0.3043921301261443,-1.1191752473213412,-0.4169108333665442,0.9502432353523981,0.6592770651914187,1.1945547843381912,0.30439213012614774,0.9522907789840104,0.07898156119946351,0.6530266727795763,-0.6152108563677646,-0.23600717548390576,46800.6
0.5879646291118369,-0.6067555203820832,1.7088380255546678,-1.315874817813155,0.9502432353523981,-1.4443080504488168,1.1945547843381912,0.6067555203820867,0.9522907789840104,-1.2528410683726505,-1.0500996677535457,1.89364370830732,2.062366028251568,78308.17
-1.3991158317232693,0.9050614308976117,-1.401976574608942,-1.315874817813155,-1.052362135079183,0.7526223766874239,-1.2349818567339161,-0.905061430897608,0.9522907789840104,1.3419500229984387,-0.19589705156930368,-1.2062693252385863,0.3338715005351011,54201.18
-0.9023457165144926,1.3586065162815202,-1.7554782337184431,0.48205315108006663,-1.052362135079183,-0.11291278204923534,1.1945547843381912,-1.3586065162815164,0.9522907789840104,1.1078021613940008,-0.7930958308698712,-1.4420639271817335,-0.26764155666356654,71916.68
1.58150485952939,-1.6650273862778697,-0.2000709336366383,1.3810171355266774,-1.052362135079183,0.6237527046901544,1.1945547843381912,1.665027386277873,-1.0500994255839482,-0.4182071855258361,1.6091010486302921,0.9850485088197266,0.3674671920348336,89587.88
1.58150485952939,1.660969906537459,-1.401976574608942,0.48205315108006663,-1.052362135079183,-1.0614189837517745,1.1945547843381912,-1.6609699065374555,-1.0500994255839482,-0.04295386665418263,-1.1238221610785393,-1.4420639271817335,0.3674671920348336,92009.61
-0.4055756013057161,-0.6067555203820832,0.8604340436918649,-1.315874817813155,0.9502432353523981,1.5655468239695278,-1.2349818567339161,0.6067555203820867,-1.0500994255839482,0.4457172394774797,1.70491196147683,1.1768281184001528,-0.48592130799853095,31382.99
-0.4055756013057161,-0.9091189106380223,1.4967370300889666,1.3810171355266774,-1.052362135079183,1.2727914355264254,-1.2349818567339161,0.9091189106380256,-1.0500994255839482,0.13063860108963313,1.7184055547871466,2.0665597497322943,-2.1422224185336938,22849.55
0.09119451390306038,0.4515163455137032,-0.8363739200337406,-1.315874817813155,0.9502432353523981,-1.3550523726495425,-0.020213536197862498,-0.4515163455136996,-1.0500994255839482,-1.1133216975305074,-1.067336627061189,-0.7629754735854701,1.1379736053352763,76380.32
-0.9023457165144926,0.4515163455137032,0.7897337118699643,0.48205315108006663,0.9502432353523981,1.0052901127925142,-1.2349818567339161,-0.4515163455136996,0.9522907789840104,0.9359359808913599,0.29718539550052897,0.10474866156531086,-0.23600717548390576,21471.98
0.5879646291118369,-1.6650273862778697,0.294831389116663,1.3810171355266774,0.9502432353523981,0.7096927755093106,-0.020213536197862498,1.665027386277873,0.9522907789840104,-0.38228218006810777,1.7167459179444422,1.5572434095350964,-0.4991774591537944,36094.75
-0.9023457165144926,0.9050614308976117,-1.401976574608942,0.48205315108006663,-1.052362135079183,-0.6324348931847991,-1.2349818567339161,-0.905061430897608,0.9522907789840104,-0.22131507166452238,-0.796426792138679,-1.2062693252385863,1.1026041036699394,16167.56
-0.9023457165144926,0.7538797357696422,1.3553363664451665,1.3810171355266774,-1.052362135079183,1.2416686299360493,-0.020213536197862498,-0.7538797357696385,0.9522907789840104,1.5973779576590539,0.15537382404901687,0.06702152525440748,-0.26764155666356654,85266.84
1.58150485952939,-0.6067555203820832,0.8604340436918649,1.3810171355266774,-1.052362135079183,-1.6151484547066046,1.1945547843381912,0.6067555203820867,-1.0500994255839482,-1.34925182572673,-1.2064750812237983,1.1768281184001528,-1.2207387173533923,36278.13
-0.4055756013057161,0.4515163455137032,-1.684777901896543,-0.4169108333665442,-1.052362135079183,-0.3561535659042341,1.1945547843381912,-0.4515163455136996,-1.0500994255839482,-0.24607422716779373,-0.48986982784822586,-1.2157011093163121,0.2337897666176811,13355.54
-1.3991158317232693,-0.6067555203820832,-0.9070742518556405,-1.315874817813155,-1.052362135079183,0.27410057625722195,1.1945547843381912,0.6067555203820867,0.9522907789840104,-0.28308758491377195,0.5228119668181472,-0.3165376939064449,0.47660365932963433,71972.18
-0.4055756013057161,0.7538797357696422,-0.9777745836775408,0.48205315108006663,-1.052362135079183,-0.03420466234350717,1.1945547843381912,-0.7538797357696385,-1.0500994255839482,0.28825704362746407,-0.4592817524374195,-0.9704747232954394,-2.1422224185336938,39212.51
-1.3991158317232693,-0.6067555203820832,-0.9070742518556405,-0.4169108333665442,-1.052362135079183,0.058274201335394044,1.1945547843381912,0.6067555203820867,0.9522907789840104,-0.4048853783198385,0.3252595273772994,-0.3165376939064449,-0.32573604007393053,19993.56
1.58150485952939,0.30033465038573365,-1.5433772382527424,-1.315874817813155,0.9502432353523981,1.7114681890074044,-1.2349818567339161,-0.30033465038573015,-1.0500994255839482,1.3406796466988236,0.8672934695846406,-1.0993757723576931,0.69675831515521,18035.41
-0.9023457165144926,-1.6650273862778697,0.36553172093856334,-1.315874817813155,0.9502432353523981,-0.8254217036477653,-0.020213536197862498,1.665027386277873,0.9522907789840104,-1.0239967553097988,-0.2060730408489831,1.6389855382087208,1.1026041036699394,80341.84
1.58150485952939,1.0562431260255811,0.6483330482261644,1.3810171355266774,-1.052362135079183,-0.4134777534838353,-0.020213536197862498,-1.0562431260255776,-1.0500994255839482,0.18068617404255513,-0.7609861434107907,-0.5240369436164143,-1.2207387173533923,56919.02
-0.9023457165144926,0.6026980406416726,-1.4726769064308425,1.3810171355266774,0.9502432353523981,0.7695816486275397,-1.2349818567339161,-0.6026980406416691,0.9522907789840104,0.9062370303362914,0.0444330562162568,-1.1465346927463225,2.122442554249507,45104.74
0.5879646291118369,0.30033465038573365,1.6381376937327672,1.3810171355266774,0.9502432353523981,-0.7181901218029731,1.1945547843381912,-0.30033465038573015,0.9522907789840104,-0.618084138672631,-0.6543497455785251,0.7398221227988534,2.062366028251568,63774.29
0.09119451390306038,1.3586065162815202,1.213935702801366,-1.315874817813155,-1.052362135079183,0.03261579331155399,-1.2349818567339161,-1.3586065162815164,-1.0500994255839482,1.3424492324534198,-0.7510305485609271,-0.6497940646527594,0.07785883467789716,47162.21
0.09119451390306038,0.6026980406416726,1.0725350391575654,-1.315874817813155,-1.052362135079183,-0.2724316014968641,-0.020213536197862498,-0.6026980406416691,-1.0500994255839482,-0.07383251716459893,-0.5077590656198697,0.09846080551349375,-1.6196282426233282,28379.42
1.58150485952939,-1.0603006057659918,1.1432353709794654,-0.4169108333665442,-1.052362135079183,-1.38893625861709,1.1945547843381912,1.0603006057659952,-1.0500994255839482,-1.2406940567389688,-0.9619123985929107,1.8967876363332279,0.69675831515521,69523.76
0.09119451390306038,-0.4555738252541138,1.5674373619108672,0.48205315108006663,-1.052362135079183,1.5859025713526913,-0.020213536197862498,0.4555738252541172,-1.0500994255839482,0.5532698675590492,1.5677292296030416,1.5949705458460004,1.1379736053352763,87958.17
-1.3991158317232693,-1.5138456911499003,0.1534307254728628,-1.315874817813155,0.9502432353523981,-0.5753186530813028,-0.020213536197862498,1.5138456911499036,0.9522907789840104,-0.9021943555146636,0.05549785838587535,1.2774338152292288,-0.32573604007393053,40422.68
0.09119451390306038,0.9050614308976117,-1.048474915499441,0.48205315108006663,-1.052362135079183,-0.6208013871604826,1.1945547843381912,-0.905061430897608,-1.0500994255839482,-0.2081847453654206,-0.7913827650744844,-1.0647925640726983,-1.6196282426233282,84946.15
-0.9023457165144926,-0.9091189106380223,0.4362320527604633,1.3810171355266774,0.9502432353523981,0.5881128178132762,1.1945547843381912,0.9091189106380256,0.9522907789840104,-0.22062163112241037,1.0257292370427173,1.0762224215710765,-0.23600717548390576,45952.79
-0.9023457165144926,-0.4555738252541138,0.8604340436918649,-1.315874817813155,0.9502432353523981,0.4022193268130014,1.1945547843381912,0.4555738252541172,0.9522907789840104,-0.14987821826437644,0.5412922623788429,1.0290635011824476,1.1026041036699394,43126.91
1.0847347443206135,-1.6650273862778697,0.8604340436918649,-0.4169108333665442,0.9502432353523981,0.9113556167808784,-1.2349818567339161,1.665027386277873,0.9522907789840104,-0.29798228824526796,1.9693401965770285,2.211180438924091,-0.4721873181544019,7690.81
-0.9023457165144926,-0.4555738252541138,0.0827303936509625,-0.4169108333665442,0.9502432353523981,0.8861362089843711,-1.2349818567339161,0.4555738252541172,0.9522907789840104,0.13758486019523364,0.9609232567482284,0.4065657520525391,1.1026041036699394,71051.5
-0.9023457165144926,0.14915295525776417,-0.41217192910233913,1.3810171355266774,0.9502432353523981,1.28690875862644,1.1945547843381912,-0.14915295525776068,0.9522907789840104,0.8406419014034737,0.742811801556376,-0.3542648302173485,-0.26764155666356654,68037.91
-1.3991158317232693,-0.4555738252541138,1.4967370300889666,0.48205315108006663,-1.052362135079183,-0.15275782899845836,-0.020213536197862498,0.4555738252541172,0.9522907789840104,-0.4795535149154749,0.06004098901867037,1.5383798413796448,0.3338715005351011,19379.29
-0.4055756013057161,0.14915295525776417,0.1534307254728628,-0.4169108333665442,0.9502432353523981,-1.4799017267754495,-0.020213536197862498,-0.14915295525776068,-1.0500994255839482,-1.2412254453887548,-1.123274514313542,-0.002144891315582183,-0.48592130799853095,59421.58
0.5879646291118369,-0.4555738252541138,-0.8363739200337406,0.48205315108006663,0.9502432353523981,0.008817359935097214,-0.020213536197862498,0.4555738252541172,0.9522907789840104,-0.38357236004209566,0.2001517388097853,-0.32911340601007955,2.062366028251568,43144.04
1.58150485952939,-0.1532104349981748,-0.4828722609242394,-0.4169108333665442,-1.052362135079183,0.35845793573046825,-0.020213536197862498,0.15321043499817827,-1.0500994255839482,-0.03561978288340093,0.3099794034616574,-0.2222198531291863,-1.021296133371345,45764.29
-0.9023457165144926,-1.2114823008939613,1.4260366982670667,-0.4169108333665442,-1.052362135079183,0.22227544415684083,1.1945547843381912,1.2114823008939646,0.9522907789840104,-0.4882842474389176,0.8358622185143116,2.346369344038162,-0.26764155666356654,96941.02
0.09119451390306038,-1.5138456911499003,0.5776327164042638,1.3810171355266774,0.9502432353523981,-1.3976122894256913,-1.2349818567339161,1.5138456911499036,-1.0500994255839482,-1.259153474496201,-0.9348578692298337,1.749023019115523,1.1379736053352763,73772.65
-0.9023457165144926,-0.9091189106380223,1.0018347073356655,0.48205315108006663,-1.052362135079183,-0.07532049942448274,1.1945547843381912,0.9091189106380256,0.9522907789840104,-0.5609824004545911,0.3545463851696476,1.6044023299237262,1.1026041036699394,44119.84
0.09119451390306038,0.30033465038573365,-0.12937060181473833,0.48205315108006663,0.9502432353523981,0.1938097452055838,1.1945547843381912,-0.30033465038573015,-1.0500994255839482,0.11716011514350291,-0.08318366692097912,-0.28195448562145015,-1.6196282426233282,6814.43
0.5879646291118369,-1.2114823008939613,0.5069323845823639,-0.4169108333665442,-1.052362135079183,1.6350590441763921,1.1945547843381912,1.2114823008939646,0.9522907789840104,0.17611526159925103,2.401270981095228,1.4063348642914828,2.062366028251568,8239.09
0.5879646291118369,-0.9091189106380223,-0.9070742518556405,-0.4169108333665442,0.9502432353523981,0.2044843823123052,-1.2349818567339161,0.9091189106380256,0.9522907789840104,-0.4174342813951693,0.6376196551013131,-0.17820486076646533,-0.4991774591537944,70056.35
0.5879646291118369,1.0562431260255811,0.7190333800480644,1.3810171355266774,-1.052362135079183,-0.9728333589310607,-1.2349818567339161,-1.0562431260255776,0.9522907789840104,-0.5207858978430303,-0.9765630626597605,-0.4988855194091454,2.062366028251568,84585.18
0.09119451390306038,-0.9091189106380223,-0.2707712654585386,-1.315874817813155,-1.052362135079183,1.461399796353626,-1.2349818567339161,0.9091189106380256,-1.0500994255839482,0.22740022750433683,1.909217041364536,0.41599753613026536,1.1379736053352763,72231.75
-0.9023457165144926,-1.5138456911499003,-0.2000709336366383,-1.315874817813155,-1.052362135079183,1.243297551832205,1.1945547843381912,1.5138456911499036,0.9522907789840104,-0.11272985089141492,2.245806642578532,0.8844428119906504,-0.23600717548390576,43559.34
0.5879646291118369,0.9050614308976117,0.5069323845823639,-0.4169108333665442,0.9502432353523981,-1.0074219557898527,-1.2349818567339161,-0.905061430897608,0.9522907789840104,-0.644549690673998,-0.9590127648066971,-0.44229481494278994,0.37516262445382653,7957.9
-1.3991158317232693,0.14915295525776417,1.5674373619108672,-1.315874817813155,0.9502432353523981,-1.011165010359742,-0.020213536197862498,-0.14915295525776068,0.9522907789840104,-0.8885277563720367,-0.8071331750840516,0.8781549559388331,0.3338715005351011,96903.15
0.09119451390306038,1.660969906537459,1.1432353709794654,-1.315874817813155,-1.052362135079183,-1.3032156879116,1.1945547843381912,-1.6609699065374555,-1.0500994255839482,-0.588768622245441,-1.170416660230517,-0.9893382914508912,-1.6196282426233282,57189.63
0.09119451390306038,1.0562431260255811,-0.6949732563899399,-1.315874817813155,-1.052362135079183,-1.0236880694762853,1.1945547843381912,-1.0562431260255776,-1.0500994255839482,-0.5845613545004789,-0.9961625834688391,-1.0019140035545258,-1.6196282426233282,11713.74
-0.9023457165144926,0.14915295525776417,-0.2000709336366383,-0.4169108333665442,0.9502432353523981,1.1089519296308379,-0.020213536197862498,-0.14915295525776068,0.9522907789840104,0.7067395205286887,0.6227881117675687,-0.22221985312918607,2.122442554249507,56392.39
0.09119451390306038,-1.6650273862778697,-0.6949732563899399,-1.315874817813155,0.9502432353523981,0.37210160069046605,-1.2349818567339161,1.665027386277873,-1.0500994255839482,-0.5234033669864755,1.293893602969567,0.41285360810435645,1.1379736053352763,69598.62
0.5879646291118369,1.8121516016654287,0.01203006182906223,1.3810171355266774,0.9502432353523981,-0.5054367484724741,-0.020213536197862498,-1.8121516016654249,0.9522907789840104,1.857109965154555,-1.071747854967049,-1.3005871660158452,0.37516262445382653,73398.98
0.5879646291118369,-0.7579372155100528,0.01203006182906223,0.48205315108006663,0.9502432353523981,-1.2724741193607496,1.1945547843381912,0.7579372155100562,0.9522907789840104,-1.1659727245868194,-0.8747029905766858,0.5700500093997878,-0.4991774591537944,15118.61
0.5879646291118369,-1.6650273862778697,0.931134375513765,1.3810171355266774,-1.052362135079183,0.18633518870336654,-1.2349818567339161,1.665027386277873,0.9522907789840104,-0.601058171094591,1.0612105140367079,2.292922567597715,-0.9671453726489531,54955.72
1.0847347443206135,-0.002028739870205314,-0.34147159728043885,-0.4169108333665442,0.9502432353523981,1.155636138016402,-1.2349818567339161,0.002028739870208805,0.9522907789840104,0.609997897206546,0.7893612200295281,-0.21593199707736896,-0.3906307080330218,80199.63
-0.9023457165144926,-0.7579372155100528,0.5776327164042638,0.48205315108006663,-1.052362135079183,0.2603991481094172,-1.2349818567339161,0.7579372155100562,0.9522907789840104,-0.342115687975192,0.6022290960165646,1.073078493545168,-0.26764155666356654,15952.67
1.58150485952939,0.4515163455137032,-0.8363739200337406,-1.315874817813155,0.9502432353523981,-0.003405330604850004,1.1945547843381912,-0.4515163455136996,-1.0500994255839482,0.06018303600291232,-0.28594487269679325,-0.7629754735854701,0.69675831515521,93126.06
0.5879646291118369,1.3586065162815202,-1.1898755791432414,1.3810171355266774,0.9502432353523981,-0.8419188700854257,1.1945547843381912,-1.3586065162815164,0.9522907789840104,-0.06763120568248442,-1.003816280940626,-1.2911553819381192,2.062366028251568,83008.5
-1.3991158317232693,1.0562431260255811,-1.1898755791432414,0.48205315108006663,0.9502432353523981,1.7730090892969117,1.1945547843381912,-1.0562431260255776,0.9522907789840104,2.9226975900713374,0.08169084588694485,-1.1779739730054088,-0.32573604007393053,26352.59
-1.3991158317232693,-1.6650273862778697,-1.4726769064308425,-0.4169108333665442,0.9502432353523981,0.9879727090879955,1.1945547843381912,1.665027386277873,0.9522907789840104,-0.26595451082953275,2.0653075004204813,-0.48630980730551093,-0.38744411323898026,88047.31
0.09119451390306038,0.7538797357696422,-1.1191752473213412,-1.315874817813155,0.9502432353523981,1.5836844649409052,-0.020213536197862498,-0.7538797357696385,-1.0500994255839482,1.9483062867056422,0.32014092239998526,-1.033353283813612,0.07785883467789716,30027.06
1.0847347443206135,0.7538797357696422,0.5776327164042638,-0.4169108333665442,0.9502432353523981,-0.1626006762007599,1.1945547843381912,-0.7538797357696385,0.9522907789840104,0.15651519431066688,-0.521136896199374,-0.27881055759554146,0.685101601507867,24507.29
-1.3991158317232693,-1.3626639960219307,1.3553363664451665,1.3810171355266774,-1.052362135079183,-0.528403391944511,-0.020213536197862498,1.362663996021934,0.9522907789840104,-0.8623801088992147,0.05804408191215709,2.4438311128413304,0.47660365932963433,30103.17
0.09119451390306038,-0.002028739870205314,1.1432353709794654,0.48205315108006663,-1.052362135079183,0.37260991674316707,1.1945547843381912,0.002028739870208805,-1.0500994255839482,0.057639166926745755,0.2235235662988938,0.7744053310838486,0.07785883467789716,91445.73
-0.9023457165144926,-0.1532104349981748,-1.331276242787042,0.48205315108006663,-1.052362135079183,1.1889192868307572,-1.2349818567339161,0.15321043499817827,0.9522907789840104,0.5157404052180804,0.9501027807268146,-0.8258540341036426,-0.26764155666356654,36254.6
-0.9023457165144926,-1.3626639960219307,-0.7656735882118402,0.48205315108006663,0.9502432353523981,-1.5261122770209965,-1.2349818567339161,1.362663996021934,0.9522907789840104,-1.3128115845071673,-1.0955137209821917,0.18020293418711786,2.122442554249507,72016.25
-0.9023457165144926,-0.6067555203820832,-0.6949732563899399,-1.315874817813155,0.9502432353523981,0.29491842914284094,-0.020213536197862498,0.6067555203820867,0.9522907789840104,-0.27133939822510195,0.5418671801717716,-0.13733379642965327,1.1026041036699394,69195.8
-1.3991158317232693,0.30033465038573365,-0.9070742518556405,-1.315874817813155,-1.052362135079183,1.502469422884356,1.1945547843381912,-0.30033465038573015,0.9522907789840104,1.1721871420335885,0.7364019968892317,-0.7315361933263838,0.3338715005351011,81623.45
1.58150485952939,0.30033465038573365,0.0827303936509625,-0.4169108333665442,-1.052362135079183,0.7603164333033076,1.1945547843381912,-0.30033465038573015,-1.0500994255839482,0.5738715711862395,0.2716073975069002,-0.15934129261101354,0.69675831515521,33168.4
-1.3991158317232693,-0.3043921301261443,0.1534307254728628,-1.315874817813155,-1.052362135079183,-0.10025109128195542,-0.020213536197862498,0.30439213012614774,0.9522907789840104,-0.3972698470177058,0.030988439445899317,0.34683111956027546,0.47660365932963433,53463.16
-1.3991158317232693,0.30033465038573365,-0.4828722609242394,1.3810171355266774,-1.052362135079183,1.6359023867183733,-0.020213536197862498,-0.30033465038573015,0.9522907789840104,1.2797593286945508,0.8199682181944096,-0.48630980730551093,0.47660365932963433,7494.4
1.58150485952939,-0.4555738252541138,1.1432353709794654,0.48205315108006663,-1.052362135079183,0.6348201314739629,-0.020213536197862498,0.4555738252541172,-1.0500994255839482,-0.011705433177817411,0.7429932373748611,1.2554263190478683,0.69675831515521,40790.18
1.58150485952939,-1.3626639960219307,1.0018347073356655,1.3810171355266774,-1.052362135079183,-0.016274968848234882,-0.020213536197862498,1.362663996021934,-1.0500994255839482,-0.6311716223692531,0.6501704500174175,2.0665597497322943,-1.2207387173533923,71109.39
1.0847347443206135,1.3586065162815202,-0.6949732563899399,-0.4169108333665442,-1.052362135079183,0.6294019444576725,-1.2349818567339161,-1.3586065162815164,0.9522907789840104,2.304694084147271,-0.578528496205967,-1.159110404849957,-0.3906307080330218,28996.53
1.58150485952939,-0.6067555203820832,1.4967370300889666,-1.315874817813155,0.9502432353523981,0.4375588451132836,1.1945547843381912,0.6067555203820867,-1.0500994255839482,-0.1908428049703806,0.6724302874288186,1.7144398108305277,0.3674671920348336,95981.89
1.58150485952939,0.6026980406416726,1.6381376937327672,-1.315874817813155,0.9502432353523981,-1.4063922939723452,-0.020213536197862498,-0.6026980406416691,-1.0500994255839482,-1.140383583214439,-1.1086767226477845,0.3751264717934528,0.3674671920348336,7865.33
-0.9023457165144926,-1.5138456911499003,-0.6242729245680396,-1.315874817813155,0.9502432353523981,0.43095073642817033,-1.2349818567339161,1.5138456911499036,0.9522907789840104,-0.4653710373454422,1.2674306879471318,0.41285360810435645,-0.23600717548390576,96018.28
-0.4055756013057161,1.3586065162815202,0.01203006182906223,-1.315874817813155,-1.052362135079183,0.19332453442800557,-1.2349818567339161,-1.3586065162815164,-1.0500994255839482,1.6015724685816701,-0.704577413512922,-0.9704747232954394,-2.1422224185336938,9638.09
-0.4055756013057161,-0.002028739870205314,1.5674373619108672,0.48205315108006663,0.9502432353523981,-0.6419427138978204,-0.020213536197862498,0.002028739870208805,-1.0500994255839482,-0.6580418506918685,-0.5096218437930861,1.0573588534156249,0.2337897666176811,32785.03
1.58150485952939,-1.0603006057659918,1.3553363664451665,0.48205315108006663,-1.052362135079183,1.4875549677926057,1.1945547843381912,1.0603006057659952,-1.0500994255839482,0.17086846008385081,2.086754772509834,2.1042868860431985,0.3674671920348336,79696.82
-0.4055756013057161,-1.5138456911499003,-1.401976574608942,0.48205315108006663,0.9502432353523981,-0.6871250794004041,-0.020213536197862498,1.5138456911499036,-1.0500994255839482,-0.950729722531204,-0.07915979892206854,-0.451726599020516,0.2337897666176811,76481.99
-0.4055756013057161,0.6026980406416726,-0.34147159728043885,1.3810171355266774,-1.052362135079183,-0.1866301623284444,-0.020213536197862498,-0.6026980406416691,-1.0500994255839482,0.006868354586003706,-0.46229047033536014,-0.5932033601864042,0.5993057439214935,24839.84
1.58150485952939,-1.0603006057659918,0.22413105729476276,-1.315874817813155,-1.052362135079183,-1.547692603985667,1.1945547843381912,1.0603006057659952,-1.0500994255839482,-1.318599563410639,-1.1301713016223252,0.9976242209233609,-1.021296133371345,23695.06
-0.4055756013057161,0.4515163455137032,0.01203006182906223,1.3810171355266774,0.9502432353523981,-0.7243014670729467,1.1945547843381912,-0.4515163455136996,-1.0500994255839482,-0.5657015346106735,-0.7026973822404019,-0.31024983785462773,0.5993057439214935,66045.09
0.09119451390306038,-1.2114823008939613,1.284636034623266,-0.4169108333665442,-1.052362135079183,-1.3491605274932352,1.1945547843381912,1.2114823008939646,-1.0500994255839482,-1.227294303922288,-0.90533837287268,2.2017486548463645,0.07785883467789716,80267.55
1.0847347443206135,0.4515163455137032,0.6483330482261644,-0.4169108333665442,-1.052362135079183,0.7150069887875486,1.1945547843381912,-0.4515163455136996,0.9522907789840104,0.6839111478629217,0.1293717337434698,0.029294388943504085,0.685101601507867,7292.61
0.09119451390306038,-0.1532104349981748,1.213935702801366,1.3810171355266774,-1.052362135079183,-1.0663519599904867,-1.2349818567339161,0.15321043499817827,-1.0500994255839482,-0.9815800627600356,-0.788270528580721,0.9850485088197266,0.07785883467789716,62989.13
1.58150485952939,0.6026980406416726,1.284636034623266,0.48205315108006663,0.9502432353523981,-1.2943086043517706,1.1945547843381912,-0.6026980406416691,-1.0500994255839482,-1.034962840286696,-1.049280423812412,0.20221043036847836,0.3674671920348336,74413.84
-0.9023457165144926,1.660969906537459,0.8604340436918649,1.3810171355266774,0.9502432353523981,-0.5871485539441629,1.1945547843381912,-1.6609699065374555,0.9522907789840104,1.0276306131015713,-1.0324297113085368,-1.039641139865429,2.122442554249507,99371.68
1.58150485952939,0.30033465038573365,0.4362320527604633,-1.315874817813155,0.9502432353523981,0.036763190196091845,-0.020213536197862498,-0.30033465038573015,-1.0500994255839482,-0.009449088793217554,-0.18153857708743704,0.045014029073046996,-1.2207387173533923,27025.29
-0.9023457165144926,0.9050614308976117,-1.1898755791432414,0.48205315108006663,-1.052362135079183,0.5601438822771587,-1.2349818567339161,-0.905061430897608,0.9522907789840104,1.1247063621550095,-0.27935140600480235,-1.1213832685390537,1.1026041036699394,15277.69
0.09119451390306038,-0.002028739870205314,0.6483330482261644,0.48205315108006663,0.9502432353523981,1.2228031727983046,-0.020213536197862498,0.002028739870208805,-1.0500994255839482,0.6573785557858517,0.8378980842321561,0.4442928883634427,1.1379736053352763,65887.09
1.58150485952939,-0.1532104349981748,-1.1191752473213412,-1.315874817813155,0.9502432353523981,-1.474541302946966,1.1945547843381912,0.15321043499817827,-1.0500994255839482,-1.2525852728343159,-1.1029047261032892,-0.6749454888600285,0.69675831515521,54702.39
1.0847347443206135,0.14915295525776417,0.7190333800480644,-0.4169108333665442,0.9502432353523981,-0.06438015165384946,1.1945547843381912,-0.14915295525776068,0.9522907789840104,-0.1761260605649657,-0.16857036847849963,0.3499750475861839,1.1512285520161478,90418.8
-1.3991158317232693,-0.1532104349981748,-1.1898755791432414,1.3810171355266774,-1.052362135079183,-1.401424659820949,1.1945547843381912,0.15321043499817827,0.9522907789840104,-1.2040416457842462,-1.0465460858485602,-0.7252483372745665,-0.38744411323898026,43341.0
-0.4055756013057161,1.660969906537459,-1.7554782337184431,1.3810171355266774,-1.052362135079183,0.06535596816052414,1.1945547843381912,-1.6609699065374555,-1.0500994255839482,2.5005481100222533,-0.9066913497890495,-1.504942487699906,0.5993057439214935,43415.6
-0.9023457165144926,0.6026980406416726,0.7897337118699643,1.3810171355266774,0.9502432353523981,1.1615626410853934,-1.2349818567339161,-0.6026980406416691,0.9522907789840104,1.2749162518924986,0.2521548063176988,-0.03987202762648602,2.122442554249507,26498.91
0.5879646291118369,0.4515163455137032,0.8604340436918649,1.3810171355266774,-1.052362135079183,1.3092400070326007,-1.2349818567339161,-0.4515163455136996,0.9522907789840104,1.1998263520848254,0.47289986363553227,0.1424757978762147,-0.9671453726489531,6645.97
-0.4055756013057161,1.3586065162815202,0.0827303936509625,-0.4169108333665442,-1.052362135079183,1.0666692761561622,-1.2349818567339161,-1.3586065162815164,-1.0500994255839482,3.009734303215223,-0.4521356300161175,-0.9516111551399876,-2.1422224185336938,59616.51
-0.4055756013057161,0.4515163455137032,-1.1898755791432414,-0.4169108333665442,0.9502432353523981,-1.0720474103082505,-0.020213536197862498,-0.4515163455136996,-1.0500994255839482,-0.8676157901520838,-0.9037304953278871,-0.9516111551399876,-2.1422224185336938,25179.4
1.58150485952939,-1.2114823008939613,-1.4726769064308425,0.48205315108006663,-1.052362135079183,0.44944650916395057,1.1945547843381912,1.2114823008939646,-1.0500994255839482,-0.3814509404439094,1.0875749194276343,-0.6183547843936733,0.69675831515521,24791.06
-0.4055756013057161,-0.1532104349981748,-1.684777901896543,1.3810171355266774,0.9502432353523981,0.8352930510767078,1.1945547843381912,0.15321043499817827,-1.0500994255839482,0.2809607521919087,0.6775260737909242,-1.0773682761763326,-2.1422224185336938,16911.22
-1.3991158317232693,1.0562431260255811,-1.1898755791432414,-1.315874817813155,-1.052362135079183,1.5870462824712688,1.1945547843381912,-1.0562431260255776,0.9522907789840104,2.689486884525006,0.010020358275918725,-1.1779739730054088,0.3338715005351011,23011.57
0.5879646291118369,-1.2114823008939613,-0.9070742518556405,-0.4169108333665442,-1.052362135079183,1.3115389819073167,1.1945547843381912,1.2114823008939646,0.9522907789840104,0.023971245677352582,2.042800554102923,-0.0398720276264858,0.37516262445382653,69051.99
1.58150485952939,0.14915295525776417,-1.401976574608942,-0.4169108333665442,-1.052362135079183,1.737981492210787,1.1945547843381912,-0.14915295525776068,-1.0500994255839482,1.1800484491349705,1.0470395974408209,-0.9704747232954394,0.69675831515521,58344.84
-1.3991158317232693,1.5097882114094896,-0.9777745836775408,0.48205315108006663,-1.052362135079183,0.1925851656240768,1.1945547843381912,-1.5097882114094858,0.9522907789840104,2.095116144611294,-0.7934826342252298,-1.3005871660158452,-0.32573604007393053,65510.97
0.09119451390306038,1.0562431260255811,0.0827303936509625,0.48205315108006663,-1.052362135079183,1.3410559708766598,1.1945547843381912,-1.0562431260255776,-1.0500994255839482,2.380997380070882,-0.0847848658466868,-0.7252483372745665,-0.7470670257026498,97386.03
1.0847347443206135,0.30033465038573365,-0.9070742518556405,-0.4169108333665442,0.9502432353523981,-0.7990008215448737,1.1945547843381912,-0.30033465038573015,0.9522907789840104,-0.6832328352694649,-0.704959764455557,-0.7315361933263838,0.685101601507867,44702.18
0.5879646291118369,-1.2114823008939613,-1.5433772382527424,1.3810171355266774,0.9502432353523981,0.044156878235379386,-0.020213536197862498,1.2114823008939646,0.9522907789840104,-0.5720492966277417,0.6385012328205764,-0.6906651289895716,-0.4991774591537944,28360.3
-0.4055756013057161,1.3586065162815202,-0.9070742518556405,-1.315874817813155,-1.052362135079183,0.1853301092355259,-0.020213536197862498,-1.3586065162815164,-1.0500994255839482,1.5886824334008238,-0.7068882157164457,-1.2157011093163121,0.2337897666176811,92444.87
0.09119451390306038,-1.3626639960219307,0.22413105729476276,1.3810171355266774,0.9502432353523981,0.6549101681932146,1.1945547843381912,1.362663996021934,-1.0500994255839482,-0.3281544635508973,1.4261992732562943,1.2365627508924164,-1.6196282426233282,68755.69
0.09119451390306038,-0.6067555203820832,-0.2707712654585386,-0.4169108333665442,0.9502432353523981,-0.9934317117030133,-1.2349818567339161,0.6067555203820867,-1.0500994255839482,-0.998396989523921,-0.6373988537883699,0.22107399852393014,-1.6196282426233282,8075.66
-1.3991158317232693,-0.3043921301261443,0.1534307254728628,-1.315874817813155,0.9502432353523981,1.5723859854058688,-0.020213536197862498,0.30439213012614774,0.9522907789840104,0.6515336192126487,1.4008444524504333,0.34683111956027546,0.3338715005351011,57608.77
-0.4055756013057161,-1.2114823008939613,0.7190333800480644,-1.315874817813155,-1.052362135079183,0.4323832634857823,-1.2349818567339161,1.2114823008939646,-1.0500994255839482,-0.38947539093371963,1.0686683053486583,1.6232658980791779,-0.48592130799853095,37930.84
-0.9023457165144926,0.14915295525776417,-0.2707712654585386,-0.4169108333665442,-1.052362135079183,-0.22254731250679594,-0.020213536197862498,-0.14915295525776068,0.9522907789840104,-0.2951378429952877,-0.2752468380252773,-0.266234845491907,-0.26764155666356654,11618.92
-1.3991158317232693,-1.2114823008939613,1.3553363664451665,1.3810171355266774,0.9502432353523981,1.2422693670892415,-1.2349818567339161,1.2114823008939646,0.9522907789840104,-0.008604654889269984,1.9660476373679616,2.2740589994422633,-0.38744411323898026,46849.57
-0.9023457165144926,-0.1532104349981748,0.5069323845823639,-0.4169108333665442,0.9502432353523981,1.761699057124314,-0.020213536197862498,0.15321043499817827,0.9522907789840104,0.8960205488651753,1.3916040263942904,0.4820200246743463,1.1026041036699394,28992.68
0.5879646291118369,-0.7579372155100528,0.1534307254728628,-1.315874817813155,-1.052362135079183,0.43289157953848334,1.1945547843381912,0.7579372155100562,0.9522907789840104,-0.24940802165283552,0.7684265319549741,0.6958071304361328,-0.9671453726489531,75817.98
-1.3991158317232693,-0.002028739870205314,-1.331276242787042,-1.315874817813155,-1.052362135079183,0.7111830657547296,1.1945547843381912,0.002028739870208805,0.9522907789840104,0.29647386953832316,0.4681864282160615,-0.8761568825181806,-0.38744411323898026,65248.06
-1.3991158317232693,0.14915295525776417,-0.5535725927461393,-1.315874817813155,0.9502432353523981,0.6790320754213901,1.1945547843381912,-0.14915295525776068,0.9522907789840104,0.3832493100720382,0.3328269593525675,-0.44229481494278994,-0.32573604007393053,75349.3
-1.3991158317232693,0.7538797357696422,-1.048474915499441,-1.315874817813155,-1.052362135079183,-0.054398672800811274,1.1945547843381912,-0.7538797357696385,0.9522907789840104,0.26753680315546835,-0.4690102742383819,-1.0019140035545258,0.47660365932963433,37290.1
-0.9023457165144926,-0.3043921301261443,-0.34147159728043885,1.3810171355266774,0.9502432353523981,-0.8576882203567185,-1.2349818567339161,0.30439213012614774,0.9522907789840104,-0.8722101060237214,-0.5893372846439814,-0.027296315522851333,-0.23600717548390576,90495.38
-1.3991158317232693,-0.3043921301261443,1.4260366982670667,-1.315874817813155,0.9502432353523981,0.7267791264626018,-1.2349818567339161,0.30439213012614774,0.9522907789840104,0.1213077757893627,0.7083094988099767,1.3088730954883152,0.47660365932963433,9730.07
-0.4055756013057161,-1.2114823008939613,0.01203006182906223,1.3810171355266774,-1.052362135079183,1.5837422281287121,-0.020213536197862498,1.2114823008939646,-1.0500994255839482,0.1519821478038977,2.3444103313059186,0.9001624521201936,-0.48592130799853095,16273.89
0.5879646291118369,-1.2114823008939613,-1.684777901896543,-1.315874817813155,-1.052362135079183,-1.0123087214783193,1.1945547843381912,1.2114823008939646,0.9522907789840104,-1.0688806767172205,-0.5320959535668082,-0.8352858181813684,-0.9671453726489531,15722.59
0.09119451390306038,-0.7579372155100528,-1.5433772382527424,-1.315874817813155,-1.052362135079183,-1.4250035930837395,1.1945547843381912,0.7579372155100562,-1.0500994255839482,-1.2479511130707837,-1.0216660035493483,-0.813278322000008,0.07785883467789716,70260.83
0.09119451390306038,1.5097882114094896,-0.05867026999283805,-0.4169108333665442,0.9502432353523981,-0.9231454647795361,-0.020213536197862498,-1.5097882114094858,-1.0500994255839482,-0.0036932782861635012,-1.062235831734769,-1.0962318443317844,-1.6196282426233282,32481.83
-1.3991158317232693,-1.6650273862778697,0.22413105729476276,-1.315874817813155,-1.052362135079183,1.552168869673442,1.1945547843381912,1.665027386277873,0.9522907789840104,-0.030107019024306503,2.7719955610059306,1.4755012808614723,0.47660365932963433,85719.15
0.5879646291118369,-0.002028739870205314,0.4362320527604633,0.48205315108006663,-1.052362135079183,-1.5255346451429272,1.1945547843381912,0.002028739870208805,0.9522907789840104,-1.2813411783113413,-1.1481312214459554,0.3028161271975543,-0.9671453726489531,46573.48
-1.3991158317232693,0.14915295525776417,-0.8363739200337406,1.3810171355266774,0.9502432353523981,0.912418459436526,-1.2349818567339161,-0.14915295525776068,0.9522907789840104,0.558859274914443,0.49023533257468427,-0.6183547843936733,0.3338715005351011,95644.79
0.5879646291118369,-0.3043921301261443,-1.7554782337184431,0.48205315108006663,-1.052362135079183,1.7571242126500048,-0.020213536197862498,0.30439213012614774,0.9522907789840104,0.7673711166466856,1.5521413326578837,-1.0962318443317844,2.062366028251568,78461.24
-0.9023457165144926,0.4515163455137032,0.7897337118699643,-0.4169108333665442,-1.052362135079183,-1.355248767488086,1.1945547843381912,-0.4515163455136996,0.9522907789840104,-1.1134922082226508,-1.0674501635856397,0.10474866156531086,2.122442554249507,93578.52
-0.9023457165144926,0.14915295525776417,0.1534307254728628,0.48205315108006663,-1.052362135079183,-0.2832448702543221,-0.020213536197862498,-0.14915295525776068,0.9522907789840104,-0.3408092990532026,-0.31618454681198166,-0.002144891315582183,-0.23600717548390576,72174.13
-0.9023457165144926,1.5097882114094896,1.1432353709794654,0.48205315108006663,0.9502432353523981,-0.9047074552315628,-1.2349818567339161,-1.5097882114094858,0.9522907789840104,0.030990602503916463,-1.0577945500430255,-0.8289979621295512,2.122442554249507,27465.0
0.5879646291118369,1.3586065162815202,-0.05867026999283805,1.3810171355266774,-1.052362135079183,-1.0166063026511551,-1.2349818567339161,-1.3586065162815164,0.9522907789840104,-0.349293376158746,-1.0543099805352552,-0.9893382914508912,0.37516262445382653,76528.36
-0.9023457165144926,-0.3043921301261443,1.284636034623266,0.48205315108006663,0.9502432353523981,-1.2861755475085543,-0.020213536197862498,0.30439213012614774,0.9522907789840104,-1.1408870355358487,-0.9402597589666839,1.2019795426074216,1.1026041036699394,83227.83
0.5879646291118369,-0.6067555203820832,-1.4726769064308425,1.3810171355266774,-1.052362135079183,-0.9602756419018332,1.1945547843381912,0.6067555203820867,0.9522907789840104,-0.9796859485713779,-0.6070500955614545,-0.7944147538445564,0.37516262445382653,54206.67
1.58150485952939,0.6026980406416726,1.0725350391575654,-0.4169108333665442,0.9502432353523981,-0.010752808093892,-1.2349818567339161,-0.6026980406416691,-1.0500994255839482,0.17229047274019452,-0.3690881147932336,0.09846080551349375,-1.2207387173533923,60030.44
1.58150485952939,0.7538797357696422,1.4260366982670667,-1.315874817813155,0.9502432353523981,-0.9367198139141656,1.1945547843381912,-0.7538797357696385,-1.0500994255839482,-0.6377764953618137,-0.8940709859241398,0.09846080551349375,-1.021296133371345,59976.03
-0.4055756013057161,-1.0603006057659918,-1.048474915499441,-0.4169108333665442,-1.052362135079183,1.5982638935433753,1.1945547843381912,1.0603006057659952,-1.0500994255839482,0.2251959575685411,2.204090318116797,-0.24737127733645523,-0.48592130799853095,24655.78
0.5879646291118369,-1.2114823008939613,-1.5433772382527424,-0.4169108333665442,-1.052362135079183,-0.47315867912595944,-0.020213536197862498,1.2114823008939646,0.9522907789840104,-0.8153308595818443,0.06529928844518602,-0.6906651289895716,-0.9671453726489531,80585.93
1.58150485952939,0.9050614308976117,1.3553363664451665,0.48205315108006663,-1.052362135079183,0.567260307014973,-1.2349818567339161,-0.905061430897608,-1.0500994255839482,1.1327384187590277,-0.2762658839873804,-0.10275058814465833,-1.021296133371345,65006.23
-1.3991158317232693,1.0562431260255811,0.1534307254728628,0.48205315108006663,-1.052362135079183,1.2335471257303945,-1.2349818567339161,-1.0562431260255776,0.9522907789840104,2.2461735727891425,-0.12621901865206725,-0.7000969130672975,-0.32573604007393053,27057.55
1.58150485952939,-1.2114823008939613,1.6381376937327672,0.48205315108006663,0.9502432353523981,0.9461637137533367,-1.2349818567339161,1.2114823008939646,-1.0500994255839482,-0.14785630722801374,1.6379532396305034,2.5633003778258576,0.3674671920348336,88481.26
-0.4055756013057161,-0.7579372155100528,-1.5433772382527424,1.3810171355266774,0.9502432353523981,-1.4863943090849487,1.1945547843381912,0.7579372155100562,-1.0500994255839482,-1.2809461260529689,-1.0808163065817447,-0.813278322000008,-0.48592130799853095,84395.51
0.5879646291118369,0.9050614308976117,-1.4726769064308425,1.3810171355266774,-1.052362135079183,1.7668168755640083,-0.020213536197862498,-0.905061430897608,0.9522907789840104,2.4866354405474347,0.24383491659215034,-1.234564677471764,2.062366028251568,8382.5
-0.4055756013057161,1.0562431260255811,-0.41217192910233913,1.3810171355266774,0.9502432353523981,-0.38475789650622777,-0.020213536197862498,-1.0562431260255776,-1.0500994255839482,0.21670293579866998,-0.749917445380039,-0.9013083067254496,0.2337897666176811,81430.6
1.58150485952939,-1.2114823008939613,1.0725350391575654,0.48205315108006663,-1.052362135079183,1.2717401455083392,-1.2349818567339161,1.2114823008939646,-1.0500994255839482,0.005254771786089271,1.9987021888340866,1.9848176210586699,0.3674671920348336,63473.31
0.5879646291118369,-0.3043921301261443,-0.2000709336366383,-0.4169108333665442,0.9502432353523981,-0.9780204931961234,-0.020213536197862498,0.30439213012614774,0.9522907789840104,-0.9476627589705621,-0.6878869878670946,0.07959723735804217,0.37516262445382653,14583.79
1.58150485952939,1.660969906537459,0.22413105729476276,-0.4169108333665442,0.9502432353523981,0.0045659893125068775,-0.020213536197862498,-1.6609699065374555,-1.0500994255839482,2.3633251170016507,-0.9184056476647164,-1.1528225487981398,0.69675831515521,47957.36
-0.4055756013057161,0.9050614308976117,-0.6242729245680396,0.48205315108006663,0.9502432353523981,1.083801837659699,-0.020213536197862498,-0.905061430897608,-1.0500994255839482,1.7157405533026577,-0.052305071579960984,-0.8950204506736323,0.5993057439214935,78582.28
0.09119451390306038,-1.0603006057659918,-0.9777745836775408,0.48205315108006663,-1.052362135079183,1.7261400387103656,1.1945547843381912,1.0603006057659952,-1.0500994255839482,0.28794781707579764,2.3396206483185567,-0.17820486076646533,1.1379736053352763,24863.06
0.5879646291118369,-0.002028739870205314,-0.4828722609242394,0.48205315108006663,-1.052362135079183,1.4111342703240322,-1.2349818567339161,0.002028739870208805,0.9522907789840104,0.7902302063121401,0.9739916446434455,-0.31024983785462773,-0.9671453726489531,78980.12
1.58150485952939,-1.5138456911499003,-0.12937060181473833,-0.4169108333665442,-1.052362135079183,-0.31626230840476555,-0.020213536197862498,1.5138456911499036,-1.0500994255839482,-0.7897375390258329,0.36750067998882385,0.9630410126383662,0.3674671920348336,74988.63
-0.9023457165144926,-1.6650273862778697,0.7897337118699643,1.3810171355266774,-1.052362135079183,-1.3156001153774066,-0.020213536197862498,1.665027386277873,0.9522907789840104,-1.2289030574433402,-0.8200496243950777,2.1294383102504666,2.122442554249507,70569.63
1.58150485952939,1.660969906537459,0.5776327164042638,-0.4169108333665442,0.9502432353523981,-1.4163160096375766,-0.020213536197862498,-1.6609699065374555,-1.0500994255839482,-0.8440732785874582,-1.192211220512307,-1.0899439882799673,-1.2207387173533923,45216.96
0.5879646291118369,1.3586065162815202,0.7190333800480644,-1.315874817813155,-1.052362135079183,-0.9771655980165808,1.1945547843381912,-1.3586065162815164,0.9522907789840104,-0.2857000523041095,-1.0429095777565986,-0.7818390417409218,0.37516262445382653,92711.83
1.58150485952939,0.7538797357696422,-1.7554782337184431,-0.4169108333665442,0.9502432353523981,0.21820891573523268,-0.020213536197862498,-0.7538797357696385,-1.0500994255839482,0.5472481958429314,-0.33768079544129365,-1.3163068061453884,-1.021296133371345,11927.12
-0.9023457165144926,0.6026980406416726,0.5776327164042638,-0.4169108333665442,-1.052362135079183,1.7099085829366172,-1.2349818567339161,-0.6026980406416691,0.9522907789840104,1.7906651246058902,0.5427387399624071,-0.14362165248147063,2.122442554249507,25447.11
-0.9023457165144926,-1.0603006057659918,-0.05867026999283805,1.3810171355266774,0.9502432353523981,-0.8174041731801629,-0.020213536197862498,1.0603006057659952,0.9522907789840104,-0.9602296973981981,-0.35617055237902656,0.7209585546434018,-0.23600717548390576,35782.66
0.5879646291118369,0.4515163455137032,-1.7554782337184431,-1.315874817813155,-1.052362135079183,-0.8075382207027385,1.1945547843381912,-0.4515163455136996,0.9522907789840104,-0.6379679779572687,-0.7508168327501966,-1.2534282456272159,-0.9671453726489531,54345.82
1.0847347443206135,-1.3626639960219307,1.0725350391575654,-0.4169108333665442,-1.052362135079183,1.587265782584935,-1.2349818567339161,1.362663996021934,0.9522907789840104,0.092772243090216,2.5041951798192317,2.1420140223541013,-0.3906307080330218,79352.23
1.58150485952939,-0.3043921301261443,-1.5433772382527424,-1.315874817813155,0.9502432353523981,-1.64801570856875,-1.2349818567339161,0.30439213012614774,-1.0500994255839482,-1.3677738004118083,-1.2365995491597648,-0.9358915150104444,0.69675831515521,43288.37
1.58150485952939,0.30033465038573365,0.294831389116663,0.48205315108006663,-1.052362135079183,-0.7156947520897136,-1.2349818567339161,-0.30033465038573015,-1.0500994255839482,-0.6160723990779324,-0.6527869487125582,-0.036728099600577345,0.69675831515521,28419.52
1.58150485952939,0.14915295525776417,1.0018347073356655,-0.4169108333665442,-1.052362135079183,-0.9544531125708943,1.1945547843381912,-0.14915295525776068,-1.0500994255839482,-0.8458552824877003,-0.7688836104791921,0.5260350170370672,0.69675831515521,81293.98
-0.4055756013057161,-1.5138456911499003,0.931134375513765,1.3810171355266774,-1.052362135079183,-0.13950695371554772,-1.2349818567339161,1.5138456911499036,-1.0500994255839482,-0.7130077275613703,0.5803816633336825,2.1420140223541013,0.5993057439214935,63144.71
1.58150485952939,-1.3626639960219307,1.0725350391575654,-0.4169108333665442,0.9502432353523981,-0.7981459263653311,-0.020213536197862498,1.362663996021934,-1.0500994255839482,-0.9841596476311811,-0.2538340721345319,2.1420140223541013,0.69675831515521,40805.03
0.09119451390306038,1.3586065162815202,-1.2605759109651418,-1.315874817813155,0.9502432353523981,0.2891767682748317,-1.2349818567339161,-1.3586065162815164,-1.0500994255839482,1.7561225002225367,-0.676871162237435,-1.3100189500935713,1.1379736053352763,47426.93
-0.9023457165144926,0.9050614308976117,0.6483330482261644,-0.4169108333665442,0.9502432353523981,-0.8227877022837691,-0.020213536197862498,-0.905061430897608,0.9522907789840104,-0.4361595467690891,-0.8789594971404021,-0.38570411047643477,-0.23600717548390576,31288.4
0.5879646291118369,-1.3626639960219307,0.4362320527604633,-1.315874817813155,-1.052362135079183,1.6858213336211256,-0.020213536197862498,1.362663996021934,0.9522907789840104,0.1372667073037757,2.6181457786531133,1.4629255687578375,-0.4991774591537944,14912.93
-1.3991158317232693,1.5097882114094896,-1.1898755791432414,-0.4169108333665442,-1.052362135079183,-1.5522212379097307,-0.020213536197862498,-1.5097882114094858,0.9522907789840104,-1.1870525268213918,-1.2137653505070252,-1.3477460864044746,0.3338715005351011,38018.04
1.58150485952939,-0.7579372155100528,-1.048474915499441,1.3810171355266774,0.9502432353523981,-0.06104143939860868,1.1945547843381912,0.7579372155100562,-1.0500994255839482,-0.5148769302063386,0.2925192669662459,-0.3731283983728003,0.69675831515521,63401.95
1.58150485952939,-0.4555738252541138,1.4260366982670667,-1.315874817813155,-1.052362135079183,1.2572762432814828,1.1945547843381912,0.4555738252541172,-1.0500994255839482,0.3580546572395766,1.2827592318511427,1.4817891369132896,-1.2207387173533923,84564.33
-0.4055756013057161,0.7538797357696422,0.8604340436918649,-1.315874817813155,0.9502432353523981,-0.24856385229503897,-1.2349818567339161,-0.7538797357696385,-1.0500994255839482,0.068311928090918,-0.5625499000443176,-0.1530534365591964,0.5993057439214935,22438.51
0.5879646291118369,-0.1532104349981748,1.4260366982670667,-0.4169108333665442,-1.052362135079183,-1.109639692933003,-1.2349818567339161,0.15321043499817827,0.9522907789840104,-1.0103196694209002,-0.8216369095310242,1.1359570540633406,2.062366028251568,45341.18
0.09119451390306038,-0.7579372155100528,0.931134375513765,-0.4169108333665442,-1.052362135079183,1.5101981374129239,-1.2349818567339161,0.7579372155100562,-1.0500994255839482,0.32960043725094845,1.8064175101967919,1.3874712961360307,0.07785883467789716,42235.83
-0.9023457165144926,0.30033465038573365,0.5776327164042638,-0.4169108333665442,0.9502432353523981,-0.3323551325277773,-1.2349818567339161,-0.30033465038573015,0.9522907789840104,-0.30702821745160774,-0.4127095153490593,0.12675615774667134,1.1026041036699394,81910.79
0.09119451390306038,1.0562431260255811,1.3553363664451665,-0.4169108333665442,-1.052362135079183,0.3364617138135878,-1.2349818567339161,-1.0562431260255776,-1.0500994255839482,1.1211640861094059,-0.47195777146137374,-0.27252270154372416,-1.6196282426233282,57596.3
0.5879646291118369,-1.2114823008939613,0.294831389116663,0.48205315108006663,-1.052362135079183,-1.5573159510743022,1.1945547843381912,1.2114823008939646,0.9522907789840104,-1.3251849937837639,-1.135981143674971,1.1894038305037873,-0.4991774591537944,85432.22
1.0847347443206135,-0.9091189106380223,0.5069323845823639,-0.4169108333665442,-1.052362135079183,0.9968682400102634,-1.2349818567339161,0.9091189106380256,0.9522907789840104,-0.010918098977056673,1.4392593128776547,1.142244910115158,-0.3906307080330218,54262.42
-0.9023457165144926,-0.3043921301261443,-1.1898755791432414,1.3810171355266774,-1.052362135079183,-1.360562980766324,1.1945547843381912,0.30439213012614774,0.9522907789840104,-1.1875306254287736,-1.0011815657114636,-0.6686576328082112,1.1026041036699394,62365.5
-0.4055756013057161,0.14915295525776417,0.7897337118699643,1.3810171355266774,0.9502432353523981,0.5706105719077752,-0.020213536197862498,-0.14915295525776068,-1.0500994255839482,0.30166830224875474,0.2597016458841205,0.3939900399489044,-0.48592130799853095,83194.08
-0.4055756013057161,0.30033465038573365,-0.7656735882118402,1.3810171355266774,0.9502432353523981,1.5178344308410003,-0.020213536197862498,-0.30033465038573015,-1.0500994255839482,1.18457424231576,0.7460247738880097,-0.6497940646527595,0.2337897666176811,92763.58
1.58150485952939,-1.2114823008939613,-1.048474915499441,0.48205315108006663,0.9502432353523981,-0.46774049210966906,1.1945547843381912,1.2114823008939646,-1.0500994255839482,-0.8127828113220467,0.07130281045130618,-0.1844927168182827,0.3674671920348336,65718.75
1.0847347443206135,-0.6067555203820832,-0.6242729245680396,-0.4169108333665442,0.9502432353523981,0.7795977853932621,1.1945547843381912,0.6067555203820867,0.9522907789840104,0.0021808150581713753,0.9855089232560954,-0.07759916393738941,-0.4721873181544019,82974.33
0.5879646291118369,-1.0603006057659918,-0.9070742518556405,-1.315874817813155,-1.052362135079183,1.7098046091985646,-0.020213536197862498,1.0603006057659952,0.9522907789840104,0.2799316341014315,2.3223074414430225,-0.10903844419647546,-0.4991774591537944,10605.32
-0.9023457165144926,-1.2114823008939613,-0.2707712654585386,-0.4169108333665442,0.9502432353523981,0.2971480881921886,-1.2349818567339161,1.2114823008939646,0.9522907789840104,-0.4530733715929734,0.9188234682406765,0.6109210737365999,1.1026041036699394,22947.88
0.09119451390306038,-1.3626639960219307,1.4260366982670667,-0.4169108333665442,0.9502432353523981,-0.6954083205319184,-1.2349818567339161,1.362663996021934,-1.0500994255839482,-0.9377771285535599,-0.13504815308287216,2.5192853854631365,-1.6196282426233282,29369.44
0.5879646291118369,-0.4555738252541138,0.01203006182906223,0.48205315108006663,-1.052362135079183,0.8453091878424301,1.1945547843381912,0.4555738252541172,0.9522907789840104,0.11333222174803487,0.9255198969768996,0.3499750475861839,-0.9671453726489531,10066.36
0.5879646291118369,-0.6067555203820832,-1.1191752473213412,0.48205315108006663,0.9502432353523981,1.053187348122024,-0.020213536197862498,0.6067555203820867,0.9522907789840104,0.15657624078574167,1.2359337637891306,-0.4957415913832367,-0.9671453726489531,96713.01
-0.4055756013057161,-1.6650273862778697,-1.4726769064308425,0.48205315108006663,-1.052362135079183,-0.16647080978382447,-1.2349818567339161,1.665027386277873,-1.0500994255839482,-0.7485395182747987,0.619300759501846,-0.48630980730551093,-0.48592130799853095,85941.03
1.58150485952939,-0.4555738252541138,-0.41217192910233913,1.3810171355266774,-1.052362135079183,1.7036470533783454,-0.020213536197862498,0.4555738252541172,-1.0500994255839482,0.6232140925318419,1.6698319581795495,0.010430820788052056,0.69675831515521,85485.54
1.58150485952939,-0.7579372155100528,1.1432353709794654,0.48205315108006663,0.9502432353523981,-1.046169502170744,1.1945547843381912,0.7579372155100562,-1.0500994255839482,-1.04434319705426,-0.6566572084725063,1.5761069776905483,0.69675831515521,50555.4
-0.9023457165144926,-1.2114823008939613,0.5776327164042638,0.48205315108006663,-1.052362135079183,1.298288106624406,-1.2349818567339161,1.2114823008939646,0.9522907789840104,0.017739664965225197,2.0281181665954175,1.4786452088873807,2.122442554249507,92787.78
-0.4055756013057161,0.14915295525776417,1.0725350391575654,0.48205315108006663,0.9502432353523981,0.19023998019911528,-0.020213536197862498,-0.14915295525776068,-1.0500994255839482,0.015461090465952041,0.0031591902689241044,0.5700500093997878,0.2337897666176811,97099.92
0.5879646291118369,0.7538797357696422,-0.7656735882118402,1.3810171355266774,-1.052362135079183,0.11005312288552961,1.1945547843381912,-0.7538797357696385,0.9522907789840104,0.4362740017360521,-0.3897851553386678,-0.8761568825181806,-0.4991774591537944,52743.86
-1.3991158317232693,-1.5138456911499003,0.7190333800480644,1.3810171355266774,-1.052362135079183,-0.5898980816837729,1.1945547843381912,1.5138456911499036,0.9522907789840104,-0.9085233112053924,0.03793865570736478,1.9062194204109542,-0.32573604007393053,21684.35
-0.4055756013057161,-1.0603006057659918,-0.8363739200337406,0.48205315108006663,0.9502432353523981,-0.23009118483438148,1.1945547843381912,1.0603006057659952,-1.0500994255839482,-0.6720212744485273,0.2662967822308828,-0.03987202762648602,0.5993057439214935,67569.14
-0.9023457165144926,1.3586065162815202,0.5069323845823639,-0.4169108333665442,-1.052362135079183,-0.016113231922375466,-1.2349818567339161,-1.3586065162815164,0.9522907789840104,1.2638796249493607,-0.7651157562118858,-0.838429746207277,-0.26764155666356654,87853.95
-0.9023457165144926,-0.9091189106380223,-0.8363739200337406,-1.315874817813155,0.9502432353523981,-1.4622492965816505,-1.2349818567339161,0.9091189106380256,0.9522907789840104,-1.2725175919261342,-1.0485830646695855,-0.11218237222238435,1.1026041036699394,93712.71
-0.4055756013057161,-0.6067555203820832,-1.048474915499441,-1.315874817813155,-1.052362135079183,0.45558095970904694,-1.2349818567339161,0.6067555203820867,-1.0500994255839482,-0.18067234368607143,0.688926476569581,-0.43600695889097285,-2.1422224185336938,89925.46
0.09119451390306038,0.9050614308976117,0.7190333800480644,0.48205315108006663,0.9502432353523981,-1.0549841646300822,-0.020213536197862498,-0.905061430897608,-1.0500994255839482,-0.6982314715810505,-0.9796346708874213,-0.3574087582432572,0.07785883467789716,78746.76
-0.4055756013057161,-1.3626639960219307,-0.9777745836775408,1.3810171355266774,0.9502432353523981,0.4297608147593475,1.1945547843381912,1.362663996021934,-1.0500994255839482,-0.429801704561103,1.1658800585483444,-0.04615988367830291,0.2337897666176811,73235.92
-0.4055756013057161,-0.002028739870205314,-0.8363739200337406,1.3810171355266774,-1.052362135079183,0.8270098099451935,-1.2349818567339161,0.002028739870208805,-1.0500994255839482,0.3781798349521723,0.5518862219029458,-0.5460444397977747,0.2337897666176811,64027.3
-0.9023457165144926,-1.3626639960219307,0.5776327164042638,0.48205315108006663,-1.052362135079183,0.7242837567493422,1.1945547843381912,1.362663996021934,0.9522907789840104,-0.2968346584163965,1.506409488471094,1.6138341140014516,-0.23600717548390576,54541.42
-0.9023457165144926,-0.9091189106380223,1.0018347073356655,-0.4169108333665442,-1.052362135079183,0.5335612632484078,1.1945547843381912,0.9091189106380256,0.9522907789840104,-0.2486081801809814,0.9705404682311017,1.6044023299237262,-0.26764155666356654,51712.69
1.58150485952939,-1.5138456911499003,0.931134375513765,1.3810171355266774,-1.052362135079183,-1.0981563711969846,-1.2349818567339161,1.5138456911499036,-1.0500994255839482,-1.129159131818401,-0.574198524832312,2.1420140223541013,-1.2207387173533923,17135.56
0.09119451390306038,-1.5138456911499003,0.7190333800480644,-0.4169108333665442,0.9502432353523981,0.5590694869839498,-0.020213536197862498,1.5138456911499036,-1.0500994255839482,-0.40975446158459966,1.4217346163977516,1.9062194204109542,-0.7470670257026498,57241.3
1.58150485952939,-0.9091189106380223,-0.4828722609242394,-1.315874817813155,-1.052362135079183,0.8216031755664644,1.1945547843381912,0.9091189106380256,-1.0500994255839482,-0.1008342226042446,1.2619469851264864,0.2179300704980215,-1.021296133371345,36441.48
-0.4055756013057161,0.7538797357696422,-0.2000709336366383,0.48205315108006663,-1.052362135079183,0.6219273879554553,-0.020213536197862498,-0.7538797357696385,-1.0500994255839482,0.9614870537001201,-0.1431882766447071,-0.6246426404454904,0.5993057439214935,21052.35
-0.9023457165144926,-1.3626639960219307,-1.614077570074643,-0.4169108333665442,0.9502432353523981,0.42970305157154054,-1.2349818567339161,1.362663996021934,0.9522907789840104,-0.42982778266696026,1.1658132723574908,-0.7252483372745666,1.1026041036699394,49337.96
1.58150485952939,-1.5138456911499003,-0.8363739200337406,1.3810171355266774,0.9502432353523981,1.5983101040936207,-0.020213536197862498,1.5138456911499036,-1.0500994255839482,0.04138172468394053,2.6733774019371928,0.1770590061612092,0.3674671920348336,14527.21
0.09119451390306038,1.2074248211535505,1.3553363664451665,1.3810171355266774,-1.052362135079183,0.8169936731794711,1.1945547843381912,-1.207424821153547,-1.0500994255839482,2.110263177763353,-0.40553222603869243,-0.44229481494278994,1.1379736053352763,41025.13
0.5879646291118369,-0.002028739870205314,-1.614077570074643,0.48205315108006663,-1.052362135079183,-1.3817274127787846,-0.020213536197862498,0.002028739870208805,0.9522907789840104,-1.1798973465268217,-1.0442119084782377,-1.0647925640726983,0.37516262445382653,29415.54
0.09119451390306038,-1.2114823008939613,0.5776327164042638,0.48205315108006663,-1.052362135079183,-0.6590983806764797,-1.2349818567339161,1.2114823008939646,-1.0500994255839482,-0.9027740082842779,-0.14072776206335386,1.4786452088873807,1.1379736053352763,85770.04
-0.4055756013057161,-1.0603006057659918,-0.6242729245680396,0.48205315108006663,0.9502432353523981,0.18010831705777908,-0.020213536197862498,1.0603006057659952,-1.0500994255839482,-0.4707266429981564,0.7010492833126336,0.16762722208348363,-0.48592130799853095,38776.63
-0.9023457165144926,0.4515163455137032,1.3553363664451665,1.3810171355266774,-1.052362135079183,-0.9196565682359973,1.1945547843381912,-0.4515163455136996,0.9522907789840104,-0.7353095230896359,-0.8156328309733135,0.40656575205253953,-0.23600717548390576,21701.94
0.09119451390306038,1.660969906537459,-0.6242729245680396,-1.315874817813155,-1.052362135079183,-0.5506075613374964,1.1945547843381912,-1.6609699065374555,-1.0500994255839482,1.1101156619279042,-1.0253882205862381,-1.303731094041754,0.07785883467789716,35644.95
1.58150485952939,0.6026980406416726,1.4260366982670667,-1.315874817813155,-1.052362135079183,-0.5214602567701176,1.1945547843381912,-0.6026980406416691,-1.0500994255839482,-0.3080573712720438,-0.639726352539607,0.27137684693846825,-1.021296133371345,11417.52
-0.9023457165144926,-0.3043921301261443,1.7795383573765677,0.48205315108006663,0.9502432353523981,-0.05006643371529123,1.1945547843381912,0.30439213012614774,0.9522907789840104,-0.36580226595001425,0.07208866129701332,1.5761069776905483,1.1026041036699394,8126.21
-0.9023457165144926,1.660969906537459,1.1432353709794654,1.3810171355266774,-1.052362135079183,-0.5622064094491288,-0.020213536197862498,-1.6609699065374555,0.9522907789840104,1.0839332436472724,-1.0276233317734615,-0.9893382914508912,1.1026041036699394,62488.51
1.58150485952939,0.6026980406416726,1.213935702801366,-1.315874817813155,0.9502432353523981,1.3829689399493712,1.1945547843381912,-0.6026980406416691,-1.0500994255839482,1.4831607930397048,0.36948422985716656,0.16762722208348363,-1.021296133371345,63818.98
0.09119451390306038,-0.002028739870205314,-0.9070742518556405,-1.315874817813155,-1.052362135079183,0.7502078754370941,-0.020213536197862498,0.002028739870208805,-1.0500994255839482,0.3240025700338331,0.4963868973038627,-0.5932033601864042,-0.7470670257026498,55310.88
1.58150485952939,0.7538797357696422,0.294831389116663,-1.315874817813155,0.9502432353523981,-1.4695159056077627,1.1945547843381912,-0.7538797357696385,-1.0500994255839482,-1.1844565699201521,-1.1507470139210425,-0.4045676786318866,0.3674671920348336,77417.09
-0.9023457165144926,-0.002028739870205314,-1.401976574608942,0.48205315108006663,0.9502432353523981,1.7849429638978243,-0.020213536197862498,0.002028739870208805,0.9522907789840104,1.0539206035688642,1.2441167418234294,-0.92331580290681,1.1026041036699394,93917.45
-1.3991158317232693,-0.6067555203820832,1.7795383573765677,0.48205315108006663,0.9502432353523981,1.4810392802079835,-0.020213536197862498,0.6067555203820867,0.9522907789840104,0.39802690339111974,1.6275596386789601,1.9533783407995837,-0.38744411323898026,14031.19
-1.3991158317232693,1.2074248211535505,-0.6242729245680396,0.48205315108006663,0.9502432353523981,-0.9368353402897794,-1.2349818567339161,-1.207424821153547,0.9522907789840104,-0.3640927012327087,-0.9969706963781637,-1.0585047080208811,-0.32573604007393053,69032.18
-0.4055756013057161,-1.3626639960219307,0.8604340436918649,-0.4169108333665442,0.9502432353523981,0.8292510216321025,-0.020213536197862498,1.362663996021934,-1.0500994255839482,-0.2494455244526872,1.6277733544896908,1.9156512044886804,-2.1422224185336938,17672.68
1.0847347443206135,0.6026980406416726,1.0725350391575654,-0.4169108333665442,0.9502432353523981,0.39840695641774376,-0.020213536197862498,-0.6026980406416691,0.9522907789840104,0.5571272540504272,-0.15226285032689785,0.09846080551349375,1.1512285520161478,88591.02
1.58150485952939,0.14915295525776417,1.284636034623266,-0.4169108333665442,0.9502432353523981,0.1196764699741648,1.1945547843381912,-0.14915295525776068,-1.0500994255839482,-0.037633933059313084,-0.0444326493331296,0.7020949864879502,-1.2207387173533923,53517.76
1.58150485952939,1.660969906537459,1.7795383573765677,1.3810171355266774,-1.052362135079183,-1.575915697548135,-0.020213536197862498,-1.6609699065374555,-1.0500994255839482,-1.2043423110047173,-1.2229662614002466,-0.8761568825181806,-1.021296133371345,12817.89
-0.4055756013057161,1.0562431260255811,-0.9070742518556405,-1.315874817813155,-1.052362135079183,-0.10809533218613705,-0.020213536197862498,-1.0562431260255776,-1.0500994255839482,0.5636576463921682,-0.6432910654764012,-1.0773682761763326,-0.48592130799853095,63588.79
-0.4055756013057161,-0.6067555203820832,-1.614077570074643,-1.315874817813155,-1.052362135079183,1.1301510195559827,-1.2349818567339161,0.6067555203820867,-1.0500994255839482,0.20000932609091326,1.3063809510043607,-0.9138840188290841,-0.48592130799853095,5865.44
-0.9023457165144926,-1.0603006057659918,-1.2605759109651418,1.3810171355266774,0.9502432353523981,0.6269181273819744,-1.2349818567339161,1.0603006057659952,0.9522907789840104,-0.25146646427355146,1.1746034481769647,-0.45487052704642467,-0.26764155666356654,66805.57
1.58150485952939,-0.6067555203820832,-0.4828722609242394,0.48205315108006663,0.9502432353523981,1.8099082136679812,-1.2349818567339161,0.6067555203820867,-1.0500994255839482,0.5836182632503691,1.9285833670572186,0.04187010104713833,0.69675831515521,40601.34
-0.4055756013057161,-0.002028739870205314,0.22413105729476276,-0.4169108333665442,0.9502432353523981,1.3372898110316478,-1.2349818567339161,0.002028739870208805,-1.0500994255839482,0.7381391898623771,0.9206294781516677,0.1613393660316663,0.5993057439214935,70899.96
1.58150485952939,-1.6650273862778697,-0.6242729245680396,1.3810171355266774,-1.052362135079183,1.4593780847803832,-1.2349818567339161,1.665027386277873,-1.0500994255839482,-0.06889578684746452,2.655769779270314,0.494595736777981,0.3674671920348336,35653.47
-0.9023457165144926,1.3586065162815202,0.5776327164042638,-0.4169108333665442,0.9502432353523981,-0.5565340644064879,1.1945547843381912,-1.3586065162815164,0.9522907789840104,0.3925169721678622,-0.921325317308186,-0.8195661780518254,2.122442554249507,59300.95
0.5879646291118369,1.2074248211535505,-0.9070742518556405,-1.315874817813155,-1.052362135079183,0.09017103364238295,1.1945547843381912,-1.207424821153547,0.9522907789840104,1.0848394578258105,-0.6506364333670822,-1.1465346927463225,2.062366028251568,95889.12
-0.9023457165144926,-0.9091189106380223,-1.684777901896543,1.3810171355266774,-1.052362135079183,0.2772197883987964,1.1945547843381912,0.9091189106380256,0.9522907789840104,-0.380118882650408,0.7112046801834667,-0.9044522347513582,-0.26764155666356654,33449.34
0.5879646291118369,1.5097882114094896,0.931134375513765,1.3810171355266774,-1.052362135079183,0.5244808901251578,1.1945547843381912,-1.5097882114094858,0.9522907789840104,2.7194477305876146,-0.7135367810158906,-0.8761568825181806,0.37516262445382653,99072.6
-0.4055756013057161,0.9050614308976117,0.4362320527604633,-1.315874817813155,-1.052362135079183,-0.9540025597060002,-1.2349818567339161,-0.905061430897608,-1.0500994255839482,-0.5842571099321449,-0.9358513138187764,-0.4705901671759678,0.5993057439214935,65109.2
0.5879646291118369,-0.6067555203820832,0.931134375513765,0.48205315108006663,-1.052362135079183,0.8885391575971395,1.1945547843381912,0.6067555203820867,0.9522907789840104,0.0636599496165274,1.0852262717159602,1.2365627508924169,-0.9671453726489531,27998.42
1.58150485952939,-0.7579372155100528,-1.614077570074643,0.48205315108006663,0.9502432353523981,0.7660003309835098,-0.020213536197862498,0.7579372155100562,-1.0500994255839482,-0.07037561587031378,1.0893787031322635,-0.8761568825181806,0.69675831515521,46493.9
-1.3991158317232693,0.6026980406416726,0.22413105729476276,-0.4169108333665442,0.9502432353523981,-1.4989635787517377,-1.2349818567339161,-0.6026980406416691,0.9522907789840104,-1.2274518591451755,-1.1577328494842967,-0.3165376939064451,-0.32573604007393053,11508.22
0.09119451390306038,-0.002028739870205314,0.4362320527604633,1.3810171355266774,-1.052362135079183,-0.13686139971399014,1.1945547843381912,0.002028739870208805,-1.0500994255839482,-0.3017497294178328,-0.1446353107798617,0.3028161271975543,0.07785883467789716,21017.35
0.5879646291118369,-0.9091189106380223,1.284636034623266,-0.4169108333665442,0.9502432353523981,1.406293715185811,-1.2349818567339161,0.9091189106380256,0.9522907789840104,0.19912919001823268,1.853467268549753,1.8684922841000506,0.37516262445382653,80173.29
0.09119451390306038,1.2074248211535505,0.294831389116663,-1.315874817813155,0.9502432353523981,0.08484526772658364,1.1945547843381912,-1.207424821153547,-1.0500994255839482,1.0773257035757038,-0.6524324253494452,-0.7724072576631958,-0.7470670257026498,66595.44
0.09119451390306038,-1.5138456911499003,0.294831389116663,-0.4169108333665442,0.9502432353523981,-1.4168705362405232,-0.020213536197862498,1.5138456911499036,-1.0500994255839482,-1.2675135134315774,-0.9580521567615906,1.4346302165246603,0.07785883467789716,59133.42
0.5879646291118369,0.30033465038573365,1.7795383573765677,-1.315874817813155,0.9502432353523981,-0.5004229037708323,1.1945547843381912,-0.30033465038573015,0.9522907789840104,-0.44252260459824666,-0.5179667783402045,0.8215642514724779,-0.4991774591537944,20924.09
-0.4055756013057161,-1.2114823008939613,0.931134375513765,-0.4169108333665442,0.9502432353523981,1.5499161053489716,-1.2349818567339161,1.2114823008939646,-1.0500994255839482,0.1360745032310039,2.306929920999053,1.8401969318668727,-0.48592130799853095,84586.96
-1.3991158317232693,-1.6650273862778697,-0.2000709336366383,-0.4169108333665442,0.9502432353523981,-0.06518883628314653,-1.2349818567339161,1.665027386277873,0.9522907789840104,-0.7062012304877435,0.7461622421308495,0.9850485088197266,-0.38744411323898026,96270.31
1.58150485952939,1.660969906537459,0.7190333800480644,0.48205315108006663,0.9502432353523981,-1.403365502931262,-0.020213536197862498,-1.6609699065374555,-1.0500994255839482,-0.8148397219215335,-1.1897156431807558,-1.0647925640726983,-1.2207387173533923,8884.27
-0.9023457165144926,0.9050614308976117,-0.41217192910233913,-1.315874817813155,0.9502432353523981,-1.6259039602762557,-1.2349818567339161,-0.905061430897608,0.9522907789840104,-1.3426084282596076,-1.227172678320823,-0.8101343939740995,-0.23600717548390576,12413.03
1.58150485952939,0.14915295525776417,-0.9777745836775408,-0.4169108333665442,0.9502432353523981,1.2864351004864232,-0.020213536197862498,-0.14915295525776068,-1.0500994255839482,0.8402855006234252,0.7424923409434614,-0.7063847691191146,-1.021296133371345,89048.83
-0.9023457165144926,-1.5138456911499003,0.36553172093856334,1.3810171355266774,0.9502432353523981,0.8479200839313036,-1.2349818567339161,1.5138456911499036,0.9522907789840104,-0.2843639075946677,1.769621101794582,1.5132284171723758,-0.26764155666356654,82477.46
1.58150485952939,-0.4555738252541138,1.4967370300889666,-0.4169108333665442,0.9502432353523981,1.5002975270228154,-1.2349818567339161,0.4555738252541172,-1.0500994255839482,0.5024175611375034,1.4934963784696107,1.5383798413796448,-1.2207387173533923,63703.77
0.5879646291118369,1.3586065162815202,1.4967370300889666,-0.4169108333665442,0.9502432353523981,0.07109762902853337,-0.020213536197862498,-1.3586065162815164,0.9522907789840104,1.4044964971750933,-0.7399073084743117,-0.5743397920309526,-0.9671453726489531,94771.69
-1.3991158317232693,-1.5138456911499003,-0.5535725927461393,1.3810171355266774,0.9502432353523981,1.7849776218105085,-1.2349818567339161,1.5138456911499036,0.9522907789840104,0.12241442361484146,2.898196416897077,0.4914518087520721,0.47660365932963433,66410.9
-0.9023457165144926,-0.4555738252541138,0.0827303936509625,-1.315874817813155,-1.052362135079183,1.2277823595872623,-1.2349818567339161,0.4555738252541172,0.9522907789840104,0.34053428769919786,1.2571834600638754,0.4065657520525391,2.122442554249507,25518.6
-0.4055756013057161,-0.1532104349981748,1.7795383573765677,0.48205315108006663,0.9502432353523981,-1.3051565310219129,1.1945547843381912,0.15321043499817827,-1.0500994255839482,-1.1401272763406953,-0.9723421753978326,1.3874712961360307,0.2337897666176811,66342.48
1.58150485952939,1.2074248211535505,0.5069323845823639,1.3810171355266774,0.9502432353523981,1.4789367001718112,-1.2349818567339161,-1.207424821153547,-1.0500994255839482,3.044152746142113,-0.18230717483384026,-0.7063847691191146,0.3674671920348336,25320.09
-0.9023457165144926,1.660969906537459,1.0725350391575654,-0.4169108333665442,0.9502432353523981,-1.5094995842077223,1.1945547843381912,-1.6609699065374555,0.9522907789840104,-1.0544192804316574,-1.2101678010263948,-1.0019140035545258,2.122442554249507,61799.07
-0.4055756013057161,-1.2114823008939613,0.7897337118699643,-1.315874817813155,0.9502432353523981,-0.4221537842924368,1.1945547843381912,1.2114823008939646,-1.0500994255839482,-0.7913444351319378,0.1218143196968297,1.6955762426750762,-0.48592130799853095,79115.91
-0.4055756013057161,0.9050614308976117,0.36553172093856334,-0.4169108333665442,-1.052362135079183,-1.2834953355943126,1.1945547843381912,-0.905061430897608,-1.0500994255839482,-0.956143938508788,-1.0787119850182756,-0.4988855194091454,-0.48592130799853095,37203.39
0.5879646291118369,1.660969906537459,-1.5433772382527424,0.48205315108006663,-1.052362135079183,-0.39844777201647114,-0.020213536197862498,-1.6609699065374555,0.9522907789840104,1.4535903941731247,-0.9960668565952826,-1.4672153513890023,0.37516262445382653,41069.56
1.0847347443206135,-0.9091189106380223,-0.12937060181473833,-0.4169108333665442,-1.052362135079183,1.6901420200690844,1.1945547843381912,0.9091189106380256,0.9522907789840104,0.34475170386175025,2.1406311926711825,0.5480425132184273,1.1512285520161478,89350.67
0.5879646291118369,-1.3626639960219307,0.6483330482261644,1.3810171355266774,0.9502432353523981,0.7611482232077275,1.1945547843381912,1.362663996021934,0.9522907789840104,-0.28019161125832964,1.5490324354736633,1.6892883866232593,-0.4991774591537944,43398.51
0.5879646291118369,-0.1532104349981748,-0.41217192910233913,-1.315874817813155,0.9502432353523981,-1.0164099078126116,-1.2349818567339161,0.15321043499817827,0.9522907789840104,-0.9484225181657155,-0.7497749681728852,-0.1719170047146482,2.062366028251568,89477.62
0.5879646291118369,0.4515163455137032,1.5674373619108672,-1.315874817813155,-1.052362135079183,-0.8302160482357408,-0.020213536197862498,-0.4515163455136996,0.9522907789840104,-0.6576569478794569,-0.7639269620146972,0.51974716098525,0.37516262445382653,24933.53
0.5879646291118369,1.5097882114094896,-1.1898755791432414,0.48205315108006663,0.9502432353523981,-1.0526158739299978,-0.020213536197862498,-1.5097882114094858,0.9522907789840104,-0.2472410552375584,-1.0934222001053029,-1.3477460864044746,-0.9671453726489531,98278.34
-1.3991158317232693,-1.0603006057659918,0.01203006182906223,-1.315874817813155,0.9502432353523981,1.0365053394833814,-1.2349818567339161,1.0603006057659952,0.9522907789840104,-0.050472297955883226,1.608707010104258,0.7901249712133916,0.3338715005351011,71685.59
-0.4055756013057161,1.2074248211535505,0.7190333800480644,-0.4169108333665442,-1.052362135079183,0.5047605378078704,1.1945547843381912,-1.207424821153547,-1.0500994255839482,1.6697550733867126,-0.5108256648832166,-0.6403622805750336,0.2337897666176811,52131.56
0.5879646291118369,-0.3043921301261443,0.7190333800480644,1.3810171355266774,-1.052362135079183,-0.9064056929530867,-1.2349818567339161,0.30439213012614774,0.9522907789840104,-0.9027577094681172,-0.6292359116113266,0.7744053310838486,0.37516262445382653,45937.45
-0.4055756013057161,-0.002028739870205314,0.5069323845823639,1.3810171355266774,0.9502432353523981,1.291148576611469,-1.2349818567339161,0.002028739870208805,-1.0500994255839482,0.7055904539893557,0.8872864723681633,0.3499750475861839,-2.1422224185336938,95664.64
-0.4055756013057161,0.4515163455137032,-0.7656735882118402,1.3810171355266774,0.9502432353523981,1.2070800330772573,1.1945547843381912,-0.4515163455136996,-1.0500994255839482,1.1111307020481926,0.41384083506396874,-0.7252483372745666,-0.48592130799853095,24543.86
0.09119451390306038,0.7538797357696422,-1.1898755791432414,-1.315874817813155,0.9502432353523981,0.8896828687157168,1.1945547843381912,-0.7538797357696385,-1.0500994255839482,1.2362198989057536,-0.014196314527483935,-1.0647925640726983,-1.6196282426233282,34609.91
-1.3991158317232693,-0.3043921301261443,0.5069323845823639,1.3810171355266774,0.9502432353523981,1.6700519833498326,-0.020213536197862498,0.30439213012614774,0.9522907789840104,0.7127737044673137,1.4808309339258747,0.6140650017625088,0.47660365932963433,34240.31
0.5879646291118369,-0.9091189106380223,0.36553172093856334,1.3810171355266774,-1.052362135079183,1.199455292286742,1.1945547843381912,0.9091189106380256,0.9522907789840104,0.09301500654837762,1.644212775368228,1.0101999330269955,-0.9671453726489531,32455.6
1.58150485952939,0.9050614308976117,-1.1191752473213412,1.3810171355266774,0.9502432353523981,1.4071370577277922,-1.2349818567339161,-0.905061430897608,-1.0500994255839482,2.080677566668356,0.08788582164017782,-1.0930879163058758,-1.021296133371345,49511.11
-0.9023457165144926,0.14915295525776417,0.7190333800480644,0.48205315108006663,0.9502432353523981,0.9635504332832239,-1.2349818567339161,-0.14915295525776068,0.9522907789840104,0.5973331737557697,0.5247214953249609,0.3499750475861839,1.1026041036699394,98972.03
-1.3991158317232693,-0.3043921301261443,1.213935702801366,1.3810171355266774,0.9502432353523981,0.4642338852425257,-1.2349818567339161,0.30439213012614774,0.9522907789840104,-0.04331751135252467,0.49329024425463186,1.1485327661669753,-0.32573604007393053,45172.66
-0.9023457165144926,0.30033465038573365,-1.1898755791432414,-1.315874817813155,-1.052362135079183,-0.20520680352715437,1.1945547843381912,-0.30033465038573015,0.9522907789840104,-0.20452263421433067,-0.33307922689150204,-0.8950204506736323,2.122442554249507,68600.67
-0.4055756013057161,-1.3626639960219307,1.0018347073356655,1.3810171355266774,0.9502432353523981,-1.426632514979895,-0.020213536197862498,1.362663996021934,-1.0500994255839482,-1.2678998705998923,-0.9804945430946574,2.0665597497322943,0.2337897666176811,82914.6
-0.9023457165144926,0.6026980406416726,0.36553172093856334,1.3810171355266774,-1.052362135079183,0.4681040188255902,-1.2349818567339161,-0.6026980406416691,0.9522907789840104,0.6226810926489712,-0.11532841713025763,-0.24737127733645523,1.1026041036699394,88580.82
-0.4055756013057161,-0.7579372155100528,0.7190333800480644,-1.315874817813155,-1.052362135079183,0.9031763493874165,-1.2349818567339161,0.7579372155100562,-1.0500994255839482,0.00335091483169283,1.2215485748309223,1.198835614581513,0.2337897666176811,86434.03
1.58150485952939,1.2074248211535505,1.213935702801366,-1.315874817813155,0.9502432353523981,-0.2530231703937343,-0.020213536197862498,-1.207424821153547,-1.0500994255839482,0.6006505261383548,-0.7663707800483371,-0.48630980730551093,0.3674671920348336,40630.17
-0.9023457165144926,-0.4555738252541138,1.6381376937327672,-0.4169108333665442,0.9502432353523981,0.06208657173065168,-0.020213536197862498,0.4555738252541172,0.9522907789840104,-0.3519286373822107,0.24634440771346278,1.6515612503123551,2.122442554249507,6176.89
-0.9023457165144926,0.4515163455137032,0.1534307254728628,-1.315874817813155,0.9502432353523981,0.12634234184708498,1.1945547843381912,-0.4515163455136996,0.9522907789840104,0.17283042326531478,-0.21093730174946443,-0.23479556523282052,-0.26764155666356654,42942.56
0.5879646291118369,1.3586065162815202,-0.05867026999283805,0.48205315108006663,0.9502432353523981,0.9021828225571373,-1.2349818567339161,-1.3586065162815164,0.9522907789840104,2.7445199666474687,-0.499680719284574,-0.9893382914508912,-0.9671453726489531,48740.55
-1.3991158317232693,-1.3626639960219307,-0.34147159728043885,-1.315874817813155,0.9502432353523981,-0.6376566853625458,-0.020213536197862498,1.362663996021934,0.9522907789840104,-0.9117042383175284,-0.06827531946775377,0.6329285699179603,-0.38744411323898026,91162.56
0.5879646291118369,-1.5138456911499003,-1.1898755791432414,1.3810171355266774,-1.052362135079183,1.527561751667688,-1.2349818567339161,1.5138456911499036,0.9522907789840104,0.0106697400167267,2.5881693534402053,-0.21593199707736896,-0.9671453726489531,89928.83
-1.3991158317232693,-1.5138456911499003,0.294831389116663,-0.4169108333665442,0.9502432353523981,-0.19733945734784997,-1.2349818567339161,1.5138456911499036,0.9522907789840104,-0.7381129194692853,0.5107292317896065,1.4346302165246603,-0.38744411323898026,96779.22
0.5879646291118369,-1.3626639960219307,-0.7656735882118402,1.3810171355266774,0.9502432353523981,1.2031521363063857,-1.2349818567339161,1.362663996021934,0.9522907789840104,-0.08064194523901226,2.060080367883031,0.18020293418711786,-0.9671453726489531,89084.97
-0.4055756013057161,0.9050614308976117,1.4967370300889666,0.48205315108006663,0.9502432353523981,-0.7256531256676291,-0.020213536197862498,-0.905061430897608,-1.0500994255839482,-0.32652718974540773,-0.8368441251883182,-0.04615988367830314,-0.48592130799853095,5779.07
-0.9023457165144926,0.30033465038573365,0.294831389116663,-1.315874817813155,0.9502432353523981,0.28167910649749167,1.1945547843381912,-0.30033465038573015,0.9522907789840104,0.1879994269827478,-0.02815295876104996,-0.036728099600577345,2.122442554249507,65938.78
1.58150485952939,1.2074248211535505,0.36553172093856334,-1.315874817813155,-1.052362135079183,0.6962801633005407,-0.020213536197862498,-1.207424821153547,-1.0500994255839482,1.939956847699657,-0.4462400790185435,-0.7503997614818355,-1.2207387173533923,11482.58
-1.3991158317232693,0.9050614308976117,-0.4828722609242394,1.3810171355266774,-1.052362135079183,1.16720032821535,-1.2349818567339161,-0.905061430897608,0.9522907789840104,1.809869476394232,-0.016145358197219052,-0.8384297462072771,-0.32573604007393053,30896.46
-1.3991158317232693,-0.3043921301261443,-1.5433772382527424,1.3810171355266774,-1.052362135079183,-1.1350323902929311,-0.020213536197862498,0.30439213012614774,0.9522907789840104,-1.046114852499797,-0.8164765631844267,-0.9358915150104444,-0.38744411323898026,59939.22
0.5879646291118369,1.5097882114094896,-0.2707712654585386,-0.4169108333665442,-1.052362135079183,-1.151217635516434,-1.2349818567339161,-1.5097882114094858,0.9522907789840104,-0.4327215831469145,-1.1171730392275039,-1.1433907647204138,-0.9671453726489531,67190.04
1.0847347443206135,-1.2114823008939613,0.36553172093856334,-0.4169108333665442,0.9502432353523981,0.5010636937882267,-0.020213536197862498,1.2114823008939646,0.9522907789840104,-0.3571765702418296,1.144768387068029,1.2617141750996856,-0.3906307080330218,14842.37
-0.4055756013057161,0.30033465038573365,1.3553363664451665,-1.315874817813155,-1.052362135079183,1.5099208741114505,-0.020213536197862498,-0.30033465038573015,-1.0500994255839482,1.1781944199899799,0.7410686819751051,0.5763378654516051,-0.48592130799853095,17215.75
-0.9023457165144926,-1.6650273862778697,1.3553363664451665,-0.4169108333665442,0.9502432353523981,-0.5556214060391383,-0.020213536197862498,1.665027386277873,0.9522907789840104,-0.9112137767562584,0.13186731107502087,2.7833753396394614,-0.23600717548390576,13684.37
1.58150485952939,0.30033465038573365,0.5776327164042638,-0.4169108333665442,-1.052362135079183,0.32271407511553757,-0.020213536197862498,-0.30033465038573015,-1.0500994255839482,0.2210813669844568,-0.0024536325207042613,0.12675615774667134,-1.2207387173533923,21932.27
-0.9023457165144926,0.6026980406416726,-0.9777745836775408,-1.315874817813155,-1.052362135079183,0.5962689799316152,1.1945547843381912,-0.6026980406416691,0.9522907789840104,0.743227136973892,-0.04741020034200538,-0.9044522347513582,1.1026041036699394,70406.34
-1.3991158317232693,0.30033465038573365,1.3553363664451665,-1.315874817813155,-1.052362135079183,0.1994127744228564,1.1945547843381912,-0.30033465038573015,0.9522907789840104,0.12167721562233982,-0.0796746091432292,0.5763378654516051,0.47660365932963433,43837.32
-1.3991158317232693,1.2074248211535505,-1.048474915499441,0.48205315108006663,0.9502432353523981,0.28350442323219077,-1.2349818567339161,-1.207424821153547,0.9522907789840104,1.3576001462759928,-0.585439197304511,-1.1905496851090434,0.3338715005351011,70814.24
1.58150485952939,-1.3626639960219307,-0.7656735882118402,1.3810171355266774,-1.052362135079183,0.8327514708132027,-1.2349818567339161,1.362663996021934,-1.0500994255839482,-0.24786519123774084,1.6318205976554,0.18020293418711786,-1.2207387173533923,97461.61
0.09119451390306038,-0.9091189106380223,1.7795383573765677,-1.315874817813155,-1.052362135079183,0.9804981525857783,-1.2349818567339161,0.9091189106380256,-1.0500994255839482,-0.019316434431524216,1.4226980072008104,2.330649703908619,0.07785883467789716,85357.36
1.58150485952939,0.14915295525776417,-1.614077570074643,-1.315874817813155,-1.052362135079183,0.5169370177975722,-0.020213536197862498,-0.14915295525776068,-1.0500994255839482,0.2612820089778997,0.2235013042352761,-1.1025197003836016,0.69675831515521,94809.81
0.09119451390306038,1.3586065162815202,1.4260366982670667,-0.4169108333665442,-1.052362135079183,-0.5484703233886399,1.1945547843381912,-1.3586065162815164,-1.0500994255839482,0.40551877065952485,-0.9189944792474062,-0.5932033601864042,1.1379736053352763,87147.83
0.5879646291118369,-0.6067555203820832,1.7088380255546678,-1.315874817813155,-1.052362135079183,-0.18587924088695426,-1.2349818567339161,0.6067555203820867,0.9522907789840104,-0.5426690506163704,0.10177846244084282,1.89364370830732,0.37516262445382653,66779.18
0.09119451390306038,1.3586065162815202,-0.12937060181473833,0.48205315108006663,-1.052362135079183,0.128075237481293,-1.2349818567339161,-1.3586065162815164,-1.0500994255839482,1.4963659386663253,-0.7234378338098908,-1.0082018596063431,-0.7470670257026498,16408.62
-0.4055756013057161,-1.5138456911499003,1.213935702801366,1.3810171355266774,0.9502432353523981,0.5476439284357383,1.1945547843381912,1.5138456911499036,-1.0500994255839482,-0.41471431671782544,1.4079738783240217,2.456406824944964,-2.1422224185336938,5537.99
0.5879646291118369,-1.2114823008939613,-1.5433772382527424,1.3810171355266774,0.9502432353523981,-0.7915031597675337,-1.2349818567339161,1.2114823008939646,0.9522907789840104,-0.9650409189570704,-0.2874364309591834,-0.6906651289895716,-0.9671453726489531,9919.43
0.09119451390306038,0.4515163455137032,-0.5535725927461393,-1.315874817813155,-1.052362135079183,-0.5532531153390541,-0.020213536197862498,-0.4515163455136996,-1.0500994255839482,-0.4171967517946168,-0.6038137480630221,-0.6120669283418557,-0.7470670257026498,92034.17
0.5879646291118369,0.14915295525776417,1.7088380255546678,0.48205315108006663,-1.052362135079183,1.0739936483700816,-0.020213536197862498,-0.14915295525776068,0.9522907789840104,0.6804354044207233,0.599210360189996,0.9661849406642751,0.37516262445382653,26453.32
0.09119451390306038,0.14915295525776417,1.284636034623266,-1.315874817813155,0.9502432353523981,-0.7073306424952696,-0.020213536197862498,-0.14915295525776068,-1.0500994255839482,-0.6599096950238906,-0.6022108794825431,0.7020949864879502,0.07785883467789716,95727.68
-0.4055756013057161,1.2074248211535505,-1.4726769064308425,0.48205315108006663,-1.052362135079183,0.2614504381275034,-1.2349818567339161,-1.207424821153547,-1.0500994255839482,1.3264857062251174,-0.5928763962076152,-1.3225946621972058,-2.1422224185336938,42389.89
0.09119451390306038,0.9050614308976117,-0.41217192910233913,0.48205315108006663,0.9502432353523981,-1.288462969745709,1.1945547843381912,-0.905061430897608,-1.0500994255839482,-0.9617507312680866,-1.080865839673294,-0.8101343939740995,-1.6196282426233282,50908.63
0.09119451390306038,-0.1532104349981748,-0.9777745836775408,0.48205315108006663,-1.052362135079183,1.043032579705565,1.1945547843381912,0.15321043499817827,-1.0500994255839482,0.4188832520519746,0.8376526449807702,-0.5743397920309524,-0.7470670257026498,50341.38
1.58150485952939,-1.5138456911499003,-0.9777745836775408,0.48205315108006663,-1.052362135079183,-1.0962155280866714,-0.020213536197862498,1.5138456911499036,-1.0500994255839482,-1.128316608398399,-0.571861008152447,0.019862604865778073,0.69675831515521,79411.38
1.58150485952939,1.660969906537459,-0.12937060181473833,-1.315874817813155,0.9502432353523981,-0.555251721637174,-0.020213536197862498,-1.6609699065374555,-1.0500994255839482,1.0996322633733089,-1.0262831555436724,-1.2157011093163124,0.3674671920348336,46011.26
1.58150485952939,1.0562431260255811,-0.8363739200337406,0.48205315108006663,0.9502432353523981,-0.2809690006547289,-0.020213536197862498,-1.0562431260255776,-1.0500994255839482,0.34686165969928756,-0.7099169694716424,-1.0522168519690638,-1.021296133371345,28940.54
-0.4055756013057161,1.0562431260255811,-1.401976574608942,1.3810171355266774,0.9502432353523981,0.37021852076796,-1.2349818567339161,-1.0562431260255776,-1.0500994255839482,1.1634975446175988,-0.45894782148315305,-1.2534282456272159,0.2337897666176811,36014.91
0.5879646291118369,-1.0603006057659918,-1.1898755791432414,-1.315874817813155,-1.052362135079183,-0.7137885668920848,1.1945547843381912,1.0603006057659952,0.9522907789840104,-0.9093830601300994,-0.24635290565578252,-0.38570411047643477,0.37516262445382653,12393.23
0.09119451390306038,-0.3043921301261443,0.931134375513765,1.3810171355266774,-1.052362135079183,1.0459785022837187,-0.020213536197862498,0.30439213012614774,-1.0500994255839482,0.32145723824339556,0.969727346357463,0.9347456604051884,0.07785883467789716,82096.97
0.09119451390306038,-0.1532104349981748,-0.2000709336366383,-1.315874817813155,0.9502432353523981,-1.1725784623674382,-1.2349818567339161,0.15321043499817827,-1.0500994255839482,-1.0521059990415007,-0.8701503985668534,-0.02100845947103399,-1.6196282426233282,77675.22
-0.4055756013057161,0.9050614308976117,-0.7656735882118402,0.48205315108006663,0.9502432353523981,-1.1826523623209675,-0.020213536197862498,-0.905061430897608,-1.0500994255839482,-0.8423260454950255,-1.0349887355213985,-0.9516111551399877,0.2337897666176811,95673.74
-1.3991158317232693,-0.4555738252541138,-0.6949732563899399,-0.4169108333665442,0.9502432353523981,-1.1891102867177827,1.1945547843381912,0.4555738252541172,0.9522907789840104,-1.09518210495024,-0.8386373344127289,-0.21593199707736896,-0.38744411323898026,58953.97
0.09119451390306038,1.0562431260255811,-1.331276242787042,-1.315874817813155,0.9502432353523981,-1.3481901059380788,-1.2349818567339161,-1.0562431260255776,-1.0500994255839482,-0.9915101964021314,-1.121226404460708,-1.2282768214199467,0.07785883467789716,93862.62
1.58150485952939,-1.3626639960219307,-0.4828722609242394,1.3810171355266774,0.9502432353523981,0.21351854488530966,-0.020213536197862498,1.362663996021934,-1.0500994255839482,-0.5274277016481281,0.9158592744699717,0.48202002467434585,0.3674671920348336,87119.23
-0.9023457165144926,0.30033465038573365,-0.9777745836775408,1.3810171355266774,-1.052362135079183,-1.2346854418974536,1.1945547843381912,-0.30033465038573015,0.9522907789840104,-1.034476980338285,-0.9778197561509833,-0.7724072576631958,-0.26764155666356654,6398.77
1.58150485952939,1.0562431260255811,1.0725350391575654,1.3810171355266774,-1.052362135079183,0.5554188535145516,-1.2349818567339161,-1.0562431260255776,-1.0500994255839482,1.395752052949166,-0.3875711931118814,-0.3731283983728003,0.3674671920348336,76065.14
0.5879646291118369,-0.7579372155100528,-1.2605759109651418,-1.315874817813155,-1.052362135079183,-0.9529166117752299,-0.020213536197862498,0.7579372155100562,0.9522907789840104,-0.9942235612258451,-0.5668075197112147,-0.5617640799273179,-0.4991774591537944,13695.84
0.5879646291118369,0.6026980406416726,-0.5535725927461393,1.3810171355266774,-1.052362135079183,-1.2689967754547722,-1.2349818567339161,-0.6026980406416691,0.9522907789840104,-1.0111557028145577,-1.0358669739311195,-0.6969529850413888,-0.9671453726489531,29676.34
-0.9023457165144926,0.6026980406416726,1.284636034623266,-1.315874817813155,0.9502432353523981,1.2261765429662297,-1.2349818567339161,-0.6026980406416691,0.9522907789840104,1.3356891044172219,0.28639552981658967,0.20221043036847836,-0.23600717548390576,57391.58
-0.4055756013057161,-1.6650273862778697,-1.1898755791432414,-1.315874817813155,-1.052362135079183,1.1849220742345175,1.1945547843381912,1.665027386277873,-1.0500994255839482,-0.1836249647825705,2.3119978797816363,-0.15934129261101354,-0.48592130799853095,47914.6
1.0847347443206135,-1.2114823008939613,-0.05867026999283805,-0.4169108333665442,-1.052362135079183,-1.3821202024558716,1.1945547843381912,1.2114823008939646,0.9522907789840104,-1.242794478091163,-0.9418587316860296,0.8278521075242953,-0.3906307080330218,83278.58
0.09119451390306038,-0.6067555203820832,0.22413105729476276,0.48205315108006663,-1.052362135079183,-0.8420228438234781,-1.2349818567339161,0.6067555203820867,-1.0500994255839482,-0.9129520756827956,-0.498809716045529,0.6392164259697777,1.1379736053352763,69777.93
1.0847347443206135,-1.0603006057659918,-1.2605759109651418,-0.4169108333665442,0.9502432353523981,0.9460828452904071,-1.2349818567339161,1.0603006057659952,0.9522907789840104,-0.0948447619872587,1.5128721655393307,-0.45487052704642467,-0.4721873181544019,96270.09
0.5879646291118369,1.2074248211535505,0.01203006182906223,-0.4169108333665442,0.9502432353523981,0.792883318588857,-1.2349818567339161,-1.207424821153547,0.9522907789840104,2.076247548435864,-0.41366288822349,-0.8604372423886375,-0.9671453726489531,75101.46
1.58150485952939,-1.2114823008939613,0.4362320527604633,-0.4169108333665442,0.9502432353523981,-1.6204857732599651,1.1945547843381912,1.2114823008939646,-1.0500994255839482,-1.3548923027060942,-1.2059752978955793,1.334024519695584,-1.2207387173533923,41275.26
0.09119451390306038,-0.9091189106380223,-0.7656735882118402,-0.4169108333665442,-1.052362135079183,0.5230483630675458,-0.020213536197862498,0.9091189106380256,-1.0500994255839482,-0.25400160661963017,0.9599047673377156,-0.04615988367830314,-0.7470670257026498,60621.03
1.0847347443206135,-0.7579372155100528,-0.05867026999283805,-0.4169108333665442,-1.052362135079183,-0.24096221677964647,-1.2349818567339161,0.7579372155100562,0.9522907789840104,-0.6115770303539765,0.11916457757472532,0.5071714488816152,-0.3906307080330218,75023.33
0.5879646291118369,0.9050614308976117,-1.4726769064308425,1.3810171355266774,-1.052362135079183,1.1783601760996498,1.1945547843381912,-0.905061430897608,0.9522907789840104,1.822465201523261,-0.011306698669898151,-1.234564677471764,-0.9671453726489531,5353.03
-1.3991158317232693,-1.0603006057659918,-0.12937060181473833,-1.315874817813155,0.9502432353523981,-0.4723846524093465,-1.2349818567339161,1.0603006057659952,0.9522907789840104,-0.7909204296970312,0.009500539090443865,0.6517921380734119,0.47660365932963433,29756.8
0.5879646291118369,1.2074248211535505,-0.6949732563899399,1.3810171355266774,-1.052362135079183,0.6036511153333414,-1.2349818567339161,-1.207424821153547,0.9522907789840104,1.8092729397227485,-0.4774770935838076,-1.0805122042022413,-0.9671453726489531,56129.04
0.09119451390306038,-1.3626639960219307,1.1432353709794654,-1.315874817813155,0.9502432353523981,0.38809045107542534,1.1945547843381912,1.362663996021934,-1.0500994255839482,-0.4486144501264893,1.1177005004667815,2.217468294975908,1.1379736053352763,55623.0
0.09119451390306038,-0.7579372155100528,-1.5433772382527424,1.3810171355266774,0.9502432353523981,-0.39368808534117977,-1.2349818567339161,0.7579372155100562,-1.0500994255839482,-0.6936609730759346,-0.027987662938688002,-0.813278322000008,-0.7470670257026498,65574.51
0.5879646291118369,1.5097882114094896,-0.2707712654585386,0.48205315108006663,0.9502432353523981,-0.05926233321415511,1.1945547843381912,-1.5097882114094858,0.9522907789840104,1.6213638882054402,-0.854146757583634,-1.1433907647204138,0.37516262445382653,33866.09
1.58150485952939,0.30033465038573365,-0.12937060181473833,0.48205315108006663,0.9502432353523981,-0.9308741793081039,1.1945547843381912,-0.30033465038573015,-1.0500994255839482,-0.7895476846837406,-0.7875492377195056,-0.28195448562145015,0.3674671920348336,56350.28
0.09119451390306038,-1.0603006057659918,0.294831389116663,0.48205315108006663,-1.052362135079183,1.5690241678755052,-0.020213536197862498,1.0603006057659952,-1.0500994255839482,0.21084733019363244,2.1731004124576896,1.0667906374933507,-1.6196282426233282,22752.86
-0.4055756013057161,-1.5138456911499003,-0.6242729245680396,-1.315874817813155,0.9502432353523981,0.5603864876659479,-1.2349818567339161,1.5138456911499036,-1.0500994255839482,-0.4091827492638841,1.4233207884305172,0.41285360810435645,-2.1422224185336938,16665.04
1.58150485952939,-0.9091189106380223,1.7088380255546678,1.3810171355266774,-1.052362135079183,0.538944792352014,1.1945547843381912,0.9091189106380256,-1.0500994255839482,-0.24584627169701403,0.9759868820951877,2.264627215364538,0.3674671920348336,42277.91
-1.3991158317232693,0.4515163455137032,1.3553363664451665,-1.315874817813155,-1.052362135079183,-0.8822606804497882,1.1945547843381912,-0.4515163455136996,0.9522907789840104,-0.7028422812974182,-0.7940141409941038,0.40656575205253953,0.3338715005351011,43071.1
-0.9023457165144926,-1.0603006057659918,-0.05867026999283805,-0.4169108333665442,-1.052362135079183,1.4348518352375592,1.1945547843381912,1.0603006057659952,0.9522907789840104,0.14500578205764195,2.030897028686505,0.7209585546434018,2.122442554249507,56917.99
0.5879646291118369,-1.6650273862778697,1.213935702801366,-0.4169108333665442,0.9502432353523981,-0.8934667388843335,-1.2349818567339161,1.665027386277873,0.9522907789840104,-1.0524412078096,-0.2913033514095888,2.6198910822922135,-0.4991774591537944,71592.12
-1.3991158317232693,0.14915295525776417,-0.4828722609242394,1.3810171355266774,0.9502432353523981,0.4474132449531465,1.1945547843381912,-0.14915295525776068,0.9522907789840104,0.20896932862835066,0.17661071963718186,-0.39827982258006944,-0.32573604007393053,93890.4
0.5879646291118369,0.9050614308976117,-0.34147159728043885,1.3810171355266774,-1.052362135079183,-1.3935457610040831,-1.2349818567339161,-0.905061430897608,0.9522907789840104,-1.0803539567066456,-1.1264273790734078,-0.7818390417409218,-0.9671453726489531,30183.68
1.0847347443206135,1.3586065162815202,0.931134375513765,-0.4169108333665442,0.9502432353523981,-0.09263790312900153,-0.020213536197862498,-1.3586065162815164,0.9522907789840104,1.1404929298078519,-0.7872353426224951,-0.7252483372745666,1.1512285520161478,57859.82
-0.9023457165144926,0.9050614308976117,-1.331276242787042,-1.315874817813155,0.9502432353523981,-1.5263895403224699,1.1945547843381912,-0.905061430897608,0.9522907789840104,-1.2302900263326344,-1.1840254597200557,-1.1779739730054088,1.1026041036699394,54173.0
-0.9023457165144926,-1.2114823008939613,-1.1191752473213412,-0.4169108333665442,0.9502432353523981,-0.6533567198084705,-0.020213536197862498,1.2114823008939646,0.9522907789840104,-0.9000738377403135,-0.13436582083298765,-0.25680306141418124,2.122442554249507,22932.06
0.09119451390306038,0.7538797357696422,0.22413105729476276,1.3810171355266774,0.9502432353523981,-0.4245451802676439,1.1945547843381912,-0.7538797357696385,-1.0500994255839482,-0.11225524760125156,-0.6473294038166636,-0.43600695889097285,0.07785883467789716,10986.59
0.5879646291118369,-1.3626639960219307,0.294831389116663,-0.4169108333665442,-1.052362135079183,-0.9311861005222614,-0.020213536197862498,1.362663996021934,0.9522907789840104,-1.044222741041491,-0.4076560269078271,1.3120170235142237,-0.4991774591537944,45314.56
-0.4055756013057161,0.7538797357696422,-0.05867026999283805,-1.315874817813155,-1.052362135079183,-1.442078391399469,-0.020213536197862498,-0.7538797357696385,-1.0500994255839482,-1.1563040692788533,-1.1375289136479958,-0.5617640799273179,0.5993057439214935,6483.01
1.58150485952939,-0.1532104349981748,0.5069323845823639,1.3810171355266774,-1.052362135079183,1.4986108419388529,1.1945547843381912,0.15321043499817827,-1.0500994255839482,0.7213509298398569,1.1888144364873636,0.4820200246743463,-1.021296133371345,35238.25
-0.4055756013057161,1.2074248211535505,0.22413105729476276,0.48205315108006663,0.9502432353523981,0.5044139586810289,-1.2349818567339161,-1.207424821153547,-1.0500994255839482,1.6692661089018899,-0.5109425407172098,-0.7944147538445564,0.2337897666176811,40680.94
-0.9023457165144926,1.660969906537459,-0.41217192910233913,1.3810171355266774,-1.052362135079183,-0.926726782423566,-1.2349818567339161,-1.6609699065374555,0.9522907789840104,0.26109076953494703,-1.0978668211065892,-1.2660039577308504,-0.23600717548390576,98038.25
0.09119451390306038,1.3586065162815202,0.5776327164042638,-1.315874817813155,-1.052362135079183,-0.5962173744298515,1.1945547843381912,-1.3586065162815164,-1.0500994255839482,0.3285324767253677,-0.9327958455872384,-0.8195661780518254,-0.7470670257026498,33870.58
1.0847347443206135,-1.2114823008939613,-1.2605759109651418,-0.4169108333665442,-1.052362135079183,-0.40066587842825735,1.1945547843381912,1.2114823008939646,0.9522907789840104,-0.7812391691122715,0.1456235967360271,-0.4014237506059779,-0.4721873181544019,30196.61
0.09119451390306038,-1.5138456911499003,0.294831389116663,0.48205315108006663,0.9502432353523981,-1.1158088013907834,-1.2349818567339161,1.5138456911499036,-1.0500994255839482,-1.1368220829241331,-0.5954587955872758,1.4346302165246603,0.07785883467789716,17291.19
-1.3991158317232693,1.2074248211535505,-1.1191752473213412,-1.315874817813155,-1.052362135079183,-1.1755359375831531,-0.020213536197862498,-1.207424821153547,0.9522907789840104,-0.7008588407461637,-1.077466979110452,-1.2125571812904037,-0.32573604007393053,53545.84
0.09119451390306038,0.6026980406416726,-0.7656735882118402,1.3810171355266774,0.9502432353523981,1.2929392354334839,-1.2349818567339161,-0.6026980406416691,-1.0500994255839482,1.398483010145879,0.3217749578695291,-0.8007026098963737,1.1379736053352763,19599.06
-1.3991158317232693,0.9050614308976117,-0.9777745836775408,-1.315874817813155,-1.052362135079183,-1.5785381462745698,1.1945547843381912,-0.905061430897608,0.9522907789840104,-1.2891483112523414,-1.2066359246334366,-1.0364972118395206,0.3338715005351011,63548.0
0.5879646291118369,-0.6067555203820832,-1.1191752473213412,0.48205315108006663,0.9502432353523981,0.37355723302320076,-0.020213536197862498,0.6067555203820867,0.9522907789840104,-0.22696098158260672,0.613847667018675,-0.4957415913832367,-0.4991774591537944,19740.18
1.58150485952939,1.2074248211535505,1.4967370300889666,-1.315874817813155,0.9502432353523981,-1.2865683371856416,-0.020213536197862498,-1.207424821153547,-1.0500994255839482,-0.8575067628671498,-1.114910100460758,-0.39827982258006944,-1.021296133371345,9039.84
-0.9023457165144926,-0.9091189106380223,1.6381376937327672,-0.4169108333665442,-1.052362135079183,-0.6510692975713159,-1.2349818567339161,0.9091189106380256,0.9522907789840104,-0.8563584371830969,-0.22792770870254114,2.1986047268204563,1.1026041036699394,44875.96
-1.3991158317232693,-0.3043921301261443,0.294831389116663,-0.4169108333665442,0.9502432353523981,1.3037293989158192,1.1945547843381912,0.30439213012614774,0.9522907789840104,0.48307629929341106,1.180820129442225,0.4537246724411685,0.3338715005351011,48799.65
0.09119451390306038,0.14915295525776417,1.0725350391575654,-1.315874817813155,0.9502432353523981,0.17216010241554497,1.1945547843381912,-0.14915295525776068,-1.0500994255839482,0.0018570119104446437,-0.009034855077705434,0.5700500093997878,0.07785883467789716,58915.9
1.58150485952939,0.7538797357696422,-0.4828722609242394,1.3810171355266774,-1.052362135079183,1.485232887642767,-0.020213536197862498,-0.7538797357696385,-1.0500994255839482,1.8472891875624222,0.27271159586234117,-0.7503997614818355,-1.2207387173533923,80164.4
0.09119451390306038,0.7538797357696422,0.22413105729476276,0.48205315108006663,-1.052362135079183,1.424720172096223,1.1945547843381912,-0.7538797357696385,-1.0500994255839482,1.7851995882533178,0.24355942355488047,-0.43600695889097285,0.07785883467789716,39038.44
0.5879646291118369,1.8121516016654287,1.213935702801366,0.48205315108006663,0.9502432353523981,-1.5563455295191457,-0.020213536197862498,-1.8121516016654249,0.9522907789840104,-1.1081988542356742,-1.2236313405508275,-1.1402468366945053,0.37516262445382653,13155.02
0.5879646291118369,-0.4555738252541138,1.0725350391575654,-1.315874817813155,0.9502432353523981,1.296647632090689,1.1945547843381912,0.4555738252541172,0.9522907789840104,0.38144260059782603,1.316900332615344,1.198835614581513,2.062366028251568,74341.98
1.58150485952939,-0.4555738252541138,-1.1191752473213412,0.48205315108006663,0.9502432353523981,1.6763597234583498,-0.020213536197862498,0.4555738252541172,-1.0500994255839482,0.6070044909437595,1.6461696107602293,-0.5554762238755008,-1.021296133371345,87758.12
-1.3991158317232693,-1.6650273862778697,0.6483330482261644,-1.315874817813155,-1.052362135079183,-1.3775684632566854,-0.020213536197862498,1.665027386277873,0.9522907789840104,-1.254807309261495,-0.8976685354047703,1.9659540529032182,-0.32573604007393053,97156.13
-1.3991158317232693,-1.5138456911499003,-0.9777745836775408,1.3810171355266774,-1.052362135079183,1.3254368048936649,1.1945547843381912,1.5138456911499036,0.9522907789840104,-0.07707305615204693,2.3447336877799665,0.019862604865778073,-0.32573604007393053,93026.99
-1.3991158317232693,-1.6650273862778697,1.3553363664451665,-1.315874817813155,0.9502432353523981,-1.6042658701237782,1.1945547843381912,1.665027386277873,0.9522907789840104,-1.3495722483792532,-1.1816200437461564,2.7833753396394614,0.47660365932963433,66129.83
1.0847347443206135,0.9050614308976117,-0.8363739200337406,-0.4169108333665442,0.9502432353523981,-0.08877932218349835,-0.020213536197862498,-0.905061430897608,0.9522907789840104,0.3922897201025351,-0.5607099404863095,-0.9799065073731653,-0.4721873181544019,46047.95
-1.3991158317232693,-0.6067555203820832,-1.7554782337184431,-0.4169108333665442,-1.052362135079183,0.7217306238482757,-1.2349818567339161,0.6067555203820867,0.9522907789840104,-0.030475493001510916,0.9325413518419424,-1.033353283813612,-0.32573604007393053,61503.74
0.5879646291118369,1.3586065162815202,1.3553363664451665,1.3810171355266774,0.9502432353523981,-0.863256591661307,1.1945547843381912,-1.3586065162815164,0.9522907789840104,-0.10203567819552295,-1.0099839856659272,-0.6120669283418557,-0.9671453726489531,38126.48
-1.3991158317232693,-0.1532104349981748,1.0725350391575654,0.48205315108006663,-1.052362135079183,1.5014412381413926,1.1945547843381912,0.15321043499817827,0.9522907789840104,0.7232300874678023,1.1909961187219045,0.8844428119906504,-0.38744411323898026,36037.38
-0.4055756013057161,-1.5138456911499003,0.931134375513765,0.48205315108006663,0.9502432353523981,-0.4246029434554508,1.1945547843381912,1.5138456911499036,-1.0500994255839482,-0.836768399935227,0.2370171596092105,2.1420140223541013,0.2337897666176811,48123.61
-0.9023457165144926,-0.6067555203820832,-1.1898755791432414,-1.315874817813155,-1.052362135079183,1.0514775577629387,-1.2349818567339161,0.6067555203820867,0.9522907789840104,0.1556113508690252,1.2343687407168018,-0.5554762238755006,-0.26764155666356654,25155.32
-0.4055756013057161,-0.6067555203820832,-0.4828722609242394,-0.4169108333665442,-1.052362135079183,0.025014157796161486,-1.2349818567339161,0.6067555203820867,-1.0500994255839482,-0.4236550950105603,0.294815598828418,0.04187010104713833,-2.1422224185336938,86621.37
-1.3991158317232693,0.7538797357696422,-1.401976574608942,1.3810171355266774,0.9502432353523981,-0.7472796631825451,-1.2349818567339161,-0.7538797357696385,0.9522907789840104,-0.44339977724980717,-0.8028076561231203,-1.159110404849957,-0.32573604007393053,69387.25
0.5879646291118369,0.4515163455137032,-0.05867026999283805,-0.4169108333665442,-1.052362135079183,-1.3934417872660307,-1.2349818567339161,-0.4515163455136996,0.9522907789840104,-1.1466515228241556,-1.089529678281737,-0.34797697416553136,2.062366028251568,56874.38
1.58150485952939,0.7538797357696422,1.4967370300889666,0.48205315108006663,-1.052362135079183,-0.7124946714852095,-1.2349818567339161,-0.7538797357696385,-1.0500994255839482,-0.4077083332788807,-0.7860498877348492,0.12990008577258003,0.3674671920348336,43089.18
-0.9023457165144926,0.14915295525776417,-1.048474915499441,-0.4169108333665442,-1.052362135079183,-0.8080234314803167,-0.020213536197862498,-0.14915295525776068,0.9522907789840104,-0.7356752852410177,-0.6701235307548911,-0.7503997614818355,2.122442554249507,48216.46
1.0847347443206135,-1.0603006057659918,1.4260366982670667,-0.4169108333665442,0.9502432353523981,-0.1667018625350522,-0.020213536197862498,1.0603006057659952,0.9522907789840104,-0.640914629483642,0.3334803509197488,2.1734533026131877,-0.4721873181544019,41858.72
1.58150485952939,-0.002028739870205314,-0.12937060181473833,-0.4169108333665442,0.9502432353523981,-1.2912702606731261,1.1945547843381912,0.002028739870208805,-1.0500994255839482,-1.1160874812574781,-0.9788449241805812,-0.07445523591148073,0.69675831515521,41440.22
0.5879646291118369,-1.6650273862778697,-0.12937060181473833,0.48205315108006663,0.9502432353523981,-1.333414282497065,-0.020213536197862498,1.665027386277873,0.9522907789840104,-1.2363498054492303,-0.8423628907591615,1.0667906374933507,-0.9671453726489531,6493.08
0.5879646291118369,-1.0603006057659918,-1.1898755791432414,-0.4169108333665442,0.9502432353523981,1.1700191717803285,1.1945547843381912,1.0603006057659952,0.9522907789840104,0.015046108433615748,1.7502124781810255,-0.38570411047643477,0.37516262445382653,7407.08
-0.9023457165144926,-0.6067555203820832,-0.05867026999283805,-0.4169108333665442,-1.052362135079183,-1.3797288064806645,-1.2349818567339161,0.6067555203820867,0.9522907789840104,-1.2163969154372092,-0.9909883233324804,0.4002778960007218,1.1026041036699394,59183.2
-1.3991158317232693,0.14915295525776417,-0.2707712654585386,-0.4169108333665442,-1.052362135079183,-0.7311521811468491,1.1945547843381912,-0.14915295525776068,0.9522907789840104,-0.6778340464497415,-0.6182774107954828,-0.266234845491907,0.47660365932963433,53144.42
-0.9023457165144926,-0.6067555203820832,0.36553172093856334,0.48205315108006663,-1.052362135079183,1.7761976172638545,-1.2349818567339161,0.6067555203820867,0.9522907789840104,0.5645942850275396,1.8977270337798182,0.7586856909543054,2.122442554249507,84800.81
-1.3991158317232693,-1.6650273862778697,-0.34147159728043885,-0.4169108333665442,-1.052362135079183,0.4483952191458644,-0.020213536197862498,1.665027386277873,0.9522907789840104,-0.49151080937888864,1.3894557372551761,0.8215642514724779,-0.38744411323898026,54041.95
-0.9023457165144926,1.0562431260255811,-1.1191752473213412,-0.4169108333665442,0.9502432353523981,0.7676523581547882,1.1945547843381912,-1.0562431260255776,0.9522907789840104,1.6619080988950972,-0.3057759189674965,-1.1528225487981398,-0.26764155666356654,13926.56
0.5879646291118369,-1.3626639960219307,-1.048474915499441,-1.315874817813155,0.9502432353523981,1.6839613589737423,1.1945547843381912,1.362663996021934,0.9522907789840104,0.13642699229517394,2.6159952633076373,-0.12161415630011015,-0.4991774591537944,92079.5
-1.3991158317232693,0.7538797357696422,0.0827303936509625,1.3810171355266774,0.9502432353523981,-0.33999142595585397,-1.2349818567339161,-0.7538797357696385,0.9522907789840104,-0.02549813088812927,-0.6065953929120617,-0.4988855194091454,-0.32573604007393053,64529.38
1.0847347443206135,-1.0603006057659918,0.4362320527604633,-0.4169108333665442,0.9502432353523981,-0.4838795267829264,-1.2349818567339161,1.0603006057659952,0.9522907789840104,-0.7965612373770132,-0.0026823752243768165,1.20512347063333,0.685101601507867,83026.3
0.09119451390306038,1.2074248211535505,1.4967370300889666,0.48205315108006663,0.9502432353523981,-0.8512996117852717,-0.020213536197862498,-1.207424821153547,-1.0500994255839482,-0.2434162663785019,-0.9681257405486284,-0.39827982258006944,0.07785883467789716,53621.61
0.09119451390306038,1.3586065162815202,0.01203006182906223,1.3810171355266774,-1.052362135079183,-0.6759421262409817,-0.020213536197862498,-1.3586065162815164,-1.0500994255839482,0.19998604206782658,-0.9558404207411657,-0.9704747232954394,0.07785883467789716,73208.06
0.5879646291118369,-0.6067555203820832,0.01203006182906223,1.3810171355266774,0.9502432353523981,1.7181109556052017,1.1945547843381912,0.6067555203820867,0.9522907789840104,0.5318141059650355,1.844558547241515,0.46001252849298585,0.37516262445382653,34545.98
-1.3991158317232693,0.30033465038573365,-1.5433772382527424,-0.4169108333665442,-1.052362135079183,1.3578650585284777,-0.020213536197862498,-0.30033465038573015,0.9522907789840104,1.0556086952426562,0.6458393655405815,-1.0993757723576931,0.3338715005351011,34075.55
-0.9023457165144926,-1.2114823008939613,-1.614077570074643,1.3810171355266774,-1.052362135079183,-1.3725546185550435,-0.020213536197862498,1.2114823008939646,0.9522907789840104,-1.2382960048307956,-0.9312597631976128,-0.7629754735854701,-0.23600717548390576,68420.48
0.09119451390306038,-0.1532104349981748,0.22413105729476276,-0.4169108333665442,-1.052362135079183,0.67669844263399,1.1945547843381912,0.15321043499817827,-1.0500994255839482,0.1756665647778846,0.5552806300530644,0.280808631016194,-0.7470670257026498,72013.84
-0.9023457165144926,1.2074248211535505,-0.2000709336366383,1.3810171355266774,0.9502432353523981,0.34368211228945456,-1.2349818567339161,-1.207424821153547,0.9522907789840104,1.4425006796573492,-0.5651456566621488,-0.9264597309327186,-0.26764155666356654,94015.92
1.0847347443206135,0.4515163455137032,1.213935702801366,-0.4169108333665442,0.9502432353523981,1.1860311274404105,-1.2349818567339161,-0.4515163455136996,0.9522907789840104,1.0928559678667218,0.4016723910904997,0.3311114794307323,1.1512285520161478,26359.66
0.09119451390306038,1.0562431260255811,-1.1898755791432414,0.48205315108006663,0.9502432353523981,-0.8698300424337361,-0.020213536197862498,-1.0562431260255776,-1.0500994255839482,-0.3916123468303515,-0.9368653508165654,-1.1779739730054088,-0.7470670257026498,49480.67
0.09119451390306038,-0.7579372155100528,-1.684777901896543,-0.4169108333665442,-1.052362135079183,1.5776424354963,-1.2349818567339161,0.7579372155100562,-1.0500994255839482,0.3658490043924606,1.871400473897042,-0.9390354430363531,-1.6196282426233282,28798.78
-0.4055756013057161,1.0562431260255811,-0.2000709336366383,-0.4169108333665442,0.9502432353523981,-0.9930389220259261,-1.2349818567339161,-1.0562431260255776,-1.0500994255839482,-0.5461251240342792,-0.984350332513254,-0.8258540341036426,0.5993057439214935,12608.76
1.58150485952939,-0.1532104349981748,-1.614077570074643,0.48205315108006663,0.9502432353523981,1.2292264392824357,1.1945547843381912,0.15321043499817827,-1.0500994255839482,0.5425011438462513,0.9811717167117645,-1.0270654277617948,-1.2207387173533923,40537.67
-1.3991158317232693,-1.0603006057659918,0.7897337118699643,0.48205315108006663,0.9502432353523981,1.7566274492348652,-0.020213536197862498,1.0603006057659952,0.9522907789840104,0.302908713023006,2.3719329205565587,1.550955553483279,-0.32573604007393053,30691.24
-1.3991158317232693,-1.0603006057659918,-1.331276242787042,0.48205315108006663,0.9502432353523981,-0.824428176817486,-0.020213536197862498,1.0603006057659952,0.9522907789840104,-0.9636765426941066,-0.36361498645280654,-0.5240369436164143,-0.32573604007393053,33214.51
0.09119451390306038,-0.3043921301261443,-1.1191752473213412,0.48205315108006663,-1.052362135079183,-0.31967033648537463,1.1945547843381912,0.30439213012614774,-1.0500994255839482,-0.5348535871693325,-0.1487114946282742,-0.6152108563677646,-0.7470670257026498,79380.99
1.58150485952939,-0.9091189106380223,-0.41217192910233913,1.3810171355266774,-1.052362135079183,-1.350465975537672,1.1945547843381912,0.9091189106380256,-1.0500994255839482,-1.2151694664092487,-0.9354940076977114,0.2839525590421027,-1.2207387173533923,11783.11
-0.9023457165144926,0.4515163455137032,1.0725350391575654,1.3810171355266774,-1.052362135079183,-1.017137723978979,1.1945547843381912,-0.4515163455136996,0.9522907789840104,-0.819943006636974,-0.8719870188153187,0.25565720680892506,1.1026041036699394,87879.25
-0.9023457165144926,0.7538797357696422,0.931134375513765,-1.315874817813155,-1.052362135079183,-1.0157398548340513,-1.2349818567339161,-0.7538797357696385,0.9522907789840104,-0.7188556972087539,-0.9321391147105144,-0.12161415630011015,-0.26764155666356654,89606.41
0.09119451390306038,-0.6067555203820832,1.0018347073356655,-1.315874817813155,-1.052362135079183,-0.7058750101625348,1.1945547843381912,0.6067555203820867,-1.0500994255839482,-0.8361194563010113,-0.3741894666712439,1.296297383384681,1.1379736053352763,49129.29
-0.4055756013057161,-0.4555738252541138,-0.9070742518556405,-0.4169108333665442,0.9502432353523981,0.42658383942996614,-1.2349818567339161,0.4555738252541172,-1.0500994255839482,-0.1354048695136288,0.5624200738552808,-0.38570411047643477,0.5993057439214935,90141.57
-0.9023457165144926,-1.5138456911499003,0.6483330482261644,1.3810171355266774,-1.052362135079183,-1.5801208576204797,-0.020213536197862498,1.5138456911499036,0.9522907789840104,-1.3383807660985265,-1.1546679198757213,1.827621219763239,-0.23600717548390576,30894.45
1.58150485952939,0.9050614308976117,1.4967370300889666,1.3810171355266774,0.9502432353523981,-0.3349775812542121,1.1945547843381912,-0.905061430897608,-1.0500994255839482,0.1144144631411087,-0.6674559789818926,-0.04615988367830314,0.69675831515521,83707.47
-1.3991158317232693,-1.3626639960219307,-0.41217192910233913,-0.4169108333665442,0.9502432353523981,-0.5688491760469262,-1.2349818567339161,1.362663996021934,0.9522907789840104,-0.8806399986204282,0.01128039107668406,0.557474297296153,-0.38744411323898026,98153.0
-1.3991158317232693,-1.2114823008939613,1.1432353709794654,-0.4169108333665442,0.9502432353523981,0.7318738396271733,-1.2349818567339161,1.2114823008939646,0.9522907789840104,-0.2486318875499425,1.4005133042541191,2.057127965654568,-0.38744411323898026,36432.36
-0.9023457165144926,0.30033465038573365,0.0827303936509625,-1.315874817813155,-1.052362135079183,1.3837083087533,-0.020213536197862498,-0.30033465038573015,0.9522907789840104,1.0764432391007144,0.6620244423422856,-0.15934129261101354,2.122442554249507,95691.73
-0.4055756013057161,-0.4555738252541138,1.0018347073356655,-1.315874817813155,0.9502432353523981,-0.6086364598083422,-1.2349818567339161,0.4555738252541172,-1.0500994255839482,-0.7503609189236555,-0.3352764925705751,1.142244910115158,-0.48592130799853095,36641.96
1.58150485952939,-0.4555738252541138,-0.9070742518556405,1.3810171355266774,-1.052362135079183,0.928938731149309,-0.020213536197862498,0.4555738252541172,-1.0500994255839482,0.16301101340600654,0.9980396823149437,-0.38570411047643477,-1.2207387173533923,58695.12
1.58150485952939,1.660969906537459,-0.5535725927461393,-1.315874817813155,-1.052362135079183,-1.5930829169643557,-1.2349818567339161,-1.6609699065374555,-1.0500994255839482,-1.243094376308521,-1.2262744040538462,-1.2911553819381192,0.69675831515521,43349.53
0.09119451390306038,0.9050614308976117,-1.614077570074643,-1.315874817813155,-1.052362135079183,-0.13040347531717494,-1.2349818567339161,-0.905061430897608,-1.0500994255839482,0.345310012400784,-0.5787572389096395,-1.2911553819381194,1.1379736053352763,42640.91
-0.4055756013057161,-0.3043921301261443,1.6381376937327672,0.48205315108006663,-1.052362135079183,0.7251617572040076,1.1945547843381912,0.30439213012614774,-1.0500994255839482,0.12029362722824931,0.7069849060247198,1.4692134248096549,0.2337897666176811,23370.97
-0.9023457165144926,1.3586065162815202,0.5776327164042638,1.3810171355266774,-1.052362135079183,-0.9433510278744016,1.1945547843381912,-1.3586065162815164,0.9522907789840104,-0.2311781838440859,-1.03313541872522,-0.8195661780518254,-0.26764155666356654,56022.56
-1.3991158317232693,-1.2114823008939613,1.5674373619108672,-0.4169108333665442,0.9502432353523981,0.37501286535593553,-0.020213536197862498,1.2114823008939646,0.9522907789840104,-0.41645536461848415,1.0051000957913172,2.490990033229959,-0.32573604007393053,85693.4
-1.3991158317232693,-0.002028739870205314,-0.8363739200337406,1.3810171355266774,0.9502432353523981,-1.4023604234634213,1.1945547843381912,0.002028739870208805,0.9522907789840104,-1.194452189358373,-1.0591219255862345,-0.5460444397977747,-0.38744411323898026,9701.08
0.5879646291118369,1.5097882114094896,-0.6242729245680396,1.3810171355266774,-1.052362135079183,-0.6081743543058868,1.1945547843381912,-1.5097882114094858,0.9522907789840104,0.5888012867894882,-0.9863667189254328,-1.2219889653681295,-0.9671453726489531,63590.12
0.09119451390306038,0.14915295525776417,1.213935702801366,1.3810171355266774,0.9502432353523981,1.4459077093838064,1.1945547843381912,-0.14915295525776068,-1.0500994255839482,0.9602795583743685,0.8500492751063212,0.6580799941252292,-0.7470670257026498,64460.52
-1.3991158317232693,1.3586065162815202,1.5674373619108672,-1.315874817813155,0.9502432353523981,0.9360898137998075,-0.020213536197862498,-1.3586065162815164,0.9522907789840104,2.799190852855247,-0.48987984577685384,-0.5554762238755006,-0.38744411323898026,33145.63
-0.4055756013057161,0.6026980406416726,1.3553363664451665,-1.315874817813155,0.9502432353523981,0.8834675497076907,-0.020213536197862498,-0.6026980406416691,-1.0500994255839482,1.0133528501447526,0.10478439758083137,0.2367936386534735,0.5993057439214935,44438.73
0.09119451390306038,-1.5138456911499003,0.8604340436918649,1.3810171355266774,0.9502432353523981,-1.3287008063720191,1.1945547843381912,1.5138456911499036,-1.0500994255839482,-1.2292388780657746,-0.8518621133048611,2.0634158217063856,-0.7470670257026498,80932.55
-0.4055756013057161,-0.1532104349981748,-0.7656735882118402,-1.315874817813155,0.9502432353523981,0.8979083466594242,1.1945547843381912,0.15321043499817827,-1.0500994255839482,0.32253232094074413,0.7257902277142346,-0.42343124678733834,0.5993057439214935,34106.2
1.58150485952939,0.4515163455137032,1.6381376937327672,-1.315874817813155,0.9502432353523981,0.29235374360421307,-1.2349818567339161,-0.4515163455136996,-1.0500994255839482,0.31696210832993305,-0.114965545493288,0.557474297296153,0.3674671920348336,6865.07
0.09119451390306038,0.7538797357696422,-1.684777901896543,-1.315874817813155,0.9502432353523981,1.7243147219756665,-0.020213536197862498,-0.7538797357696385,-1.0500994255839482,2.0926011878873383,0.3878899475047426,-1.284867525886302,-1.6196282426233282,74688.04
0.09119451390306038,0.9050614308976117,0.7190333800480644,0.48205315108006663,0.9502432353523981,-0.8611540116251346,1.1945547843381912,-0.905061430897608,-1.0500994255839482,-0.4794622415449747,-0.8955942676271851,-0.3574087582432572,0.07785883467789716,54909.08
0.09119451390306038,1.660969906537459,0.4362320527604633,-1.315874817813155,0.9502432353523981,-1.3934071293533465,1.1945547843381912,-1.6609699065374555,-1.0500994255839482,-0.7923603946726246,-1.1877966532969046,-1.1150954124872363,-0.7470670257026498,15895.49
0.09119451390306038,-0.4555738252541138,1.7795383573765677,-0.4169108333665442,0.9502432353523981,0.7289625749617038,-0.020213536197862498,0.4555738252541172,-1.0500994255839482,0.04421837856701097,0.8246293377643787,1.7647426592450661,0.07785883467789716,99212.85
0.5879646291118369,-0.6067555203820832,-0.6242729245680396,1.3810171355266774,0.9502432353523981,-1.5409458636498172,1.1945547843381912,0.6067555203820867,0.9522907789840104,-1.3073769072465262,-1.1385551947807748,-0.07759916393738941,-0.9671453726489531,33734.44
0.09119451390306038,0.30033465038573365,-0.5535725927461393,0.48205315108006663,-1.052362135079183,-0.14831006353732445,-1.2349818567339161,-0.30033465038573015,-1.0500994255839482,-0.1586531087333574,-0.29744601131332005,-0.527180871642323,-0.7470670257026498,65324.02
-0.4055756013057161,0.9050614308976117,-1.4726769064308425,0.48205315108006663,0.9502432353523981,-0.959640246835957,-1.2349818567339161,-0.905061430897608,-1.0500994255839482,-0.5906201677613024,-0.9382956884040068,-1.234564677471764,-0.48592130799853095,60217.45
1.58150485952939,1.5097882114094896,-0.2000709336366383,-1.315874817813155,-1.052362135079183,-0.3931913219260401,-0.020213536197862498,-1.5097882114094858,-1.0500994255839482,0.9932075133700634,-0.9345823761925639,-1.1276711245908708,0.69675831515521,79583.76
0.09119451390306038,1.3586065162815202,1.213935702801366,-1.315874817813155,0.9502432353523981,-1.1940894735067404,-0.020213536197862498,-1.3586065162815164,-1.0500994255839482,-0.6354633335046098,-1.1056117930392089,-0.6497940646527594,-1.6196282426233282,41337.66
-1.3991158317232693,-0.002028739870205314,1.5674373619108672,1.3810171355266774,0.9502432353523981,1.695421575434638,-1.2349818567339161,0.002028739870208805,0.9522907789840104,0.9907708403540311,1.1794259677081624,1.0573588534156249,0.47660365932963433,44060.29
0.09119451390306038,1.0562431260255811,-1.1191752473213412,-1.315874817813155,0.9502432353523981,0.8740637027327218,-1.2349818567339161,-1.0562431260255776,-1.0500994255839482,1.79535556170104,-0.2647647453708536,-1.1528225487981398,0.07785883467789716,68907.69
-1.3991158317232693,0.30033465038573365,-0.41217192910233913,-1.315874817813155,-1.052362135079183,-1.2227746725716637,-1.2349818567339161,-0.30033465038573015,0.9522907789840104,-1.0248746492172933,-0.9703602951842611,-0.44543874296869884,0.3338715005351011,79507.15
-0.4055756013057161,0.7538797357696422,1.4967370300889666,-1.315874817813155,-1.052362135079183,-0.7658794096563778,-1.2349818567339161,-0.7538797357696385,-1.0500994255839482,-0.4624842092634875,-0.8117681367292698,0.12990008577258003,0.2337897666176811,68352.33
-0.9023457165144926,1.3586065162815202,-1.401976574608942,-1.315874817813155,-1.052362135079183,-0.7158795942906958,-1.2349818567339161,-1.3586065162815164,0.9522907789840104,0.13559174781900463,-0.9673844138301568,-1.3477460864044746,2.122442554249507,32090.11
1.58150485952939,-1.3626639960219307,-1.1898755791432414,-1.315874817813155,0.9502432353523981,1.671496063045006,-1.2349818567339161,1.362663996021934,-1.0500994255839482,0.13079933705118932,2.6015828033214974,-0.27252270154372416,0.3674671920348336,90558.59
-1.3991158317232693,1.660969906537459,0.36553172093856334,-1.315874817813155,0.9502432353523981,-0.5791887866643673,1.1945547843381912,-1.6609699065374555,0.9522907789840104,1.0455984280371842,-1.030895855125273,-1.1276711245908708,-0.32573604007393053,17432.03
-1.3991158317232693,-0.7579372155100528,-1.1898755791432414,-0.4169108333665442,0.9502432353523981,-1.0793255719719241,-0.020213536197862498,0.7579372155100562,0.9522907789840104,-1.062163236056682,-0.6886032697639961,-0.4988855194091454,-0.32573604007393053,67655.38
1.58150485952939,0.7538797357696422,1.6381376937327672,0.48205315108006663,-1.052362135079183,-1.1664324591847803,-0.020213536197862498,-0.7538797357696385,-1.0500994255839482,-0.8734751575730064,-1.0047357041680396,0.19277864629075256,0.3674671920348336,57024.91
-0.9023457165144926,-0.002028739870205314,-0.2000709336366383,-0.4169108333665442,-1.052362135079183,0.3297380787528607,-1.2349818567339161,0.002028739870208805,0.9522907789840104,0.027396713540470678,0.1925431220168245,-0.12161415630011015,-0.26764155666356654,51990.41
0.09119451390306038,-0.4555738252541138,0.01203006182906223,-1.315874817813155,0.9502432353523981,1.1327503630072948,-0.020213536197862498,0.4555738252541172,-1.0500994255839482,0.2840820511777894,1.174775979170002,0.3499750475861839,-0.7470670257026498,34536.64
-1.3991158317232693,0.4515163455137032,-0.9070742518556405,-1.315874817813155,0.9502432353523981,-0.6427513985271175,-1.2349818567339161,-0.4515163455136996,0.9522907789840104,-0.4948994772083674,-0.6555530101170652,-0.8007026098963735,0.3338715005351011,52854.61
1.58150485952939,0.9050614308976117,-0.05867026999283805,-0.4169108333665442,-1.052362135079183,-0.48383331623268083,1.1945547843381912,-0.905061430897608,-1.0500994255839482,-0.0535937338439215,-0.7319964841677398,-0.6686576328082113,0.69675831515521,20368.47
1.58150485952939,0.14915295525776417,0.931134375513765,0.48205315108006663,0.9502432353523981,1.3798381751702353,-0.020213536197862498,-0.14915295525776068,-1.0500994255839482,0.9105659959085872,0.8054884154658263,0.4820200246743463,0.69675831515521,14374.69
-0.9023457165144926,-0.6067555203820832,0.294831389116663,0.48205315108006663,-1.052362135079183,1.1941179737333814,1.1945547843381912,0.6067555203820867,0.9522907789840104,0.23610794412374655,1.3649318479738484,0.6989510584620413,-0.26764155666356654,14097.95
0.09119451390306038,0.30033465038573365,1.4260366982670667,-1.315874817813155,-1.052362135079183,-0.4389051087564476,1.1945547843381912,-0.30033465038573015,-1.0500994255839482,-0.3929276354233874,-0.47943949449171347,0.6172089297884172,1.1379736053352763,20232.74
1.58150485952939,-0.6067555203820832,1.1432353709794654,1.3810171355266774,0.9502432353523981,1.0268357818445006,-0.020213536197862498,0.6067555203820867,-1.0500994255839482,0.14170520092067176,1.2118133744108746,1.4157666483692082,-1.021296133371345,13119.35
0.5879646291118369,1.660969906537459,-1.7554782337184431,1.3810171355266774,0.9502432353523981,0.2663718617286542,1.1945547843381912,-1.6609699065374555,0.9522907789840104,2.9543071519375843,-0.8679553590941419,-1.504942487699906,2.062366028251568,91155.16
-1.3991158317232693,-0.002028739870205314,-0.9777745836775408,-1.315874817813155,-1.052362135079183,0.07495620997403656,1.1945547843381912,0.002028739870208805,0.9522907789840104,-0.1523303322641401,0.008430290382020091,-0.6403622805750336,0.3338715005351011,11829.5
-0.9023457165144926,-0.1532104349981748,0.5776327164042638,1.3810171355266774,0.9502432353523981,0.20935959536321042,1.1945547843381912,0.15321043499817827,0.9522907789840104,-0.13460920470488974,0.1950537262413176,0.5323228730888842,-0.26764155666356654,65282.26
1.58150485952939,1.5097882114094896,-0.2707712654585386,-0.4169108333665442,-1.052362135079183,0.23512197712510294,1.1945547843381912,-1.5097882114094858,-1.0500994255839482,2.175132466083145,-0.7832365194451545,-1.1433907647204138,-1.2207387173533923,70016.62
1.0847347443206135,1.5097882114094896,-0.34147159728043885,-0.4169108333665442,-1.052362135079183,-1.4809530167935356,-1.2349818567339161,-1.5097882114094858,0.9522907789840104,-1.0529893309604874,-1.1965985166997777,-1.159110404849957,-0.4721873181544019,55708.14
-1.3991158317232693,-0.1532104349981748,1.3553363664451665,1.3810171355266774,0.9502432353523981,1.2882950751338065,1.1945547843381912,0.15321043499817827,0.9522907789840104,0.5817180130368039,1.0267020892228136,1.0856542056488028,0.47660365932963433,68363.56
1.58150485952939,0.14915295525776417,1.4260366982670667,0.48205315108006663,-1.052362135079183,-0.5853694477597093,-0.020213536197862498,-0.14915295525776068,-1.0500994255839482,-0.5681408405123933,-0.5199536675180899,0.7901249712133916,-1.021296133371345,51516.2
-0.4055756013057161,0.9050614308976117,-0.6242729245680396,-1.315874817813155,-1.052362135079183,0.5503356929875414,-0.020213536197862498,-0.905061430897608,-1.0500994255839482,1.1136362062186267,-0.2836040167073855,-0.8950204506736323,0.2337897666176811,42133.21
1.58150485952939,-1.5138456911499003,0.7190333800480644,1.3810171355266774,-1.052362135079183,-0.3889977144912567,-1.2349818567339161,1.5138456911499036,-1.0500994255839482,-0.8213121071944771,0.27989945965292634,1.9062194204109542,-1.2207387173533923,13522.26
0.5879646291118369,1.3586065162815202,-0.7656735882118402,1.3810171355266774,-1.052362135079183,0.8725849651248644,1.1945547843381912,-1.3586065162815164,0.9522907789840104,2.696797032928787,-0.5082360303328803,-1.1779739730054088,0.37516262445382653,64427.86
1.58150485952939,0.4515163455137032,-1.048474915499441,-1.315874817813155,-1.052362135079183,-0.43363710602845523,-0.020213536197862498,-0.4515163455136996,-1.0500994255839482,-0.31334571023866314,-0.5346633260535268,-0.8761568825181806,0.3674671920348336,52045.44
1.58150485952939,1.2074248211535505,-1.1191752473213412,-0.4169108333665442,-1.052362135079183,-1.2576520853694904,1.1945547843381912,-1.207424821153547,-1.0500994255839482,-0.8167108260167879,-1.1051587600445874,-1.2125571812904037,-1.021296133371345,31141.53
0.5879646291118369,0.9050614308976117,-0.5535725927461393,-1.315874817813155,0.9502432353523981,-0.37724868209132634,1.1945547843381912,-0.905061430897608,0.9522907789840104,0.0667045684753559,-0.6857837794068065,-0.8667250984404548,0.37516262445382653,50000.1
-0.9023457165144926,0.4515163455137032,-0.2707712654585386,-1.315874817813155,0.9502432353523981,-0.6752143100746143,-1.2349818567339161,-0.4515163455136996,0.9522907789840104,-0.5230838916155753,-0.6743199297468394,-0.46115838309824175,1.1026041036699394,78653.31
1.58150485952939,1.0562431260255811,1.213935702801366,-0.4169108333665442,0.9502432353523981,-1.0696444616954819,-0.020213536197862498,-1.0562431260255776,-1.0500994255839482,-0.6421939684448974,-1.0138742812831314,-0.32282554995826224,-1.021296133371345,81157.49
-1.3991158317232693,1.8121516016654287,0.8604340436918649,-0.4169108333665442,-1.052362135079183,-1.5004538689971565,-1.2349818567339161,-1.8121516016654249,0.9522907789840104,-0.9504915090642392,-1.215553550767122,-1.1874057570831347,0.47660365932963433,49436.04
-0.4055756013057161,-0.002028739870205314,0.1534307254728628,-0.4169108333665442,0.9502432353523981,-0.9038641126895816,1.1945547843381912,0.002028739870208805,-1.0500994255839482,-0.8428052306901517,-0.6988939086713071,0.11418044564303688,0.2337897666176811,59696.22
-0.4055756013057161,0.14915295525776417,-0.7656735882118402,-1.315874817813155,0.9502432353523981,-0.364633201874292,1.1945547843381912,-0.14915295525776068,-1.0500994255839482,-0.4020493843078677,-0.37107723017748073,-0.5743397920309524,0.5993057439214935,41576.46
-0.9023457165144926,-0.1532104349981748,-0.6949732563899399,-0.4169108333665442,0.9502432353523981,-1.1343623373143708,-1.2349818567339161,0.15321043499817827,0.9522907789840104,-1.0267335360486691,-0.8406932359878294,-0.3731283983728003,-0.26764155666356654,41633.96
-0.9023457165144926,-1.0603006057659918,0.36553172093856334,-1.315874817813155,-1.052362135079183,-0.30542593437218474,-1.2349818567339161,1.0603006057659952,0.9522907789840104,-0.7089898240778362,0.186452777962595,1.1359570540633406,-0.23600717548390576,55381.61
-1.3991158317232693,-1.6650273862778697,-0.2000709336366383,-0.4169108333665442,-1.052362135079183,-1.1749467530675224,1.1945547843381912,1.665027386277873,0.9522907789840104,-1.1701065872930723,-0.6438732184400058,0.9850485088197266,-0.38744411323898026,61889.23
-0.4055756013057161,-1.3626639960219307,-1.331276242787042,0.48205315108006663,-1.052362135079183,-1.4437419712083088,-1.2349818567339161,1.362663996021934,-1.0500994255839482,-1.275624205554796,-1.0002766128254015,-0.4234312467873381,-0.48592130799853095,78846.68
1.58150485952939,1.0562431260255811,1.4260366982670667,-0.4169108333665442,0.9502432353523981,-0.9252595974532699,1.1945547843381912,-1.0562431260255776,-1.0500994255839482,-0.4611249867763848,-0.9582280270641708,-0.24737127733645523,-1.2207387173533923,21547.31
-0.9023457165144926,-0.7579372155100528,0.8604340436918649,-1.315874817813155,0.9502432353523981,-1.1093277717188454,-1.2349818567339161,0.7579372155100562,0.9522907789840104,-1.0782881981783858,-0.7175105593716613,1.3245927356178582,2.122442554249507,75127.26
0.5879646291118369,-0.002028739870205314,0.5776327164042638,-0.4169108333665442,-1.052362135079183,1.7528728420274147,-1.2349818567339161,0.002028739870208805,0.9522907789840104,1.0312978467377405,1.2209419335973384,0.3971339679748133,0.37516262445382653,72081.62
-0.9023457165144926,-1.0603006057659918,1.1432353709794654,0.48205315108006663,0.9502432353523981,0.22237941789489332,1.1945547843381912,1.0603006057659952,0.9522907789840104,-0.4499832105347856,0.7458505732402008,1.8967876363332279,-0.26764155666356654,54592.22
-0.4055756013057161,0.4515163455137032,0.22413105729476276,0.48205315108006663,0.9502432353523981,0.11981510162490144,1.1945547843381912,-0.4515163455136996,-1.0500994255839482,0.16716345026173046,-0.21471072153267518,-0.19706842892191737,0.5993057439214935,83509.42
0.09119451390306038,-0.6067555203820832,0.5776327164042638,1.3810171355266774,0.9502432353523981,0.9106624585271952,1.1945547843381912,0.6067555203820867,-1.0500994255839482,0.07614484279566333,1.1054764013342677,0.9378895884310973,-1.6196282426233282,59761.79
1.0847347443206135,-0.3043921301261443,1.4260366982670667,-0.4169108333665442,-1.052362135079183,-0.06865462755156257,-0.020213536197862498,0.30439213012614774,0.9522907789840104,-0.3774577304845252,0.05686530564359648,1.3088730954883152,1.1512285520161478,88038.24
-1.3991158317232693,0.6026980406416726,-0.34147159728043885,-0.4169108333665442,0.9502432353523981,0.6806956552302299,1.1945547843381912,-0.6026980406416691,0.9522907789840104,0.8226349693090748,-0.002670131089387115,-0.5932033601864042,-0.32573604007393053,73497.0
-1.3991158317232693,-0.6067555203820832,-0.6242729245680396,1.3810171355266774,-1.052362135079183,-0.8808050481170535,1.1945547843381912,0.6067555203820867,0.9522907789840104,-0.9348381260234531,-0.5343082461388234,-0.07759916393738941,0.3338715005351011,66073.98
-0.4055756013057161,-1.6650273862778697,-1.684777901896543,-1.315874817813155,-1.052362135079183,-1.3125733243363233,1.1945547843381912,1.665027386277873,-1.0500994255839482,-1.2276377863813794,-0.8162583949609726,-0.7315361933263838,-2.1422224185336938,58686.65
-0.9023457165144926,-0.002028739870205314,1.1432353709794654,0.48205315108006663,0.9502432353523981,-1.2589113228636817,1.1945547843381912,0.002028739870208805,0.9522907789840104,-1.0932609892243452,-0.9554614091080734,0.7744053310838486,2.122442554249507,73682.2
1.58150485952939,-1.0603006057659918,1.0725350391575654,1.3810171355266774,-1.052362135079183,0.8748608347244575,-0.020213536197862498,1.0603006057659952,-1.0500994255839482,-0.12979509298935796,1.437387073327401,1.8276212197632387,-1.2207387173533923,44867.12
-0.9023457165144926,-1.3626639960219307,-1.401976574608942,1.3810171355266774,-1.052362135079183,0.17368505057364803,-1.2349818567339161,1.362663996021934,0.9522907789840104,-0.5454111634472553,0.8698035172575436,-0.4988855194091454,-0.23600717548390576,14174.78
-0.4055756013057161,-1.6650273862778697,0.294831389116663,-0.4169108333665442,-1.052362135079183,-0.3831289746100722,-1.2349818567339161,1.665027386277873,-1.0500994255839482,-0.8391078140610921,0.34792397779495354,1.5572434095350964,0.5993057439214935,8798.68
-0.9023457165144926,-0.6067555203820832,-1.331276242787042,-0.4169108333665442,-1.052362135079183,-1.594758049410757,1.1945547843381912,0.6067555203820867,0.9522907789840104,-1.3377448615172391,-1.1878111236382562,-0.6749454888600284,2.122442554249507,61932.7
1.58150485952939,-1.5138456911499003,-1.5433772382527424,0.48205315108006663,0.9502432353523981,1.0055327181813034,1.1945547843381912,1.5138456911499036,-1.0500994255839482,-0.21594398486200989,1.9594469355052948,-0.6089230003159473,0.3674671920348336,35593.06
-1.3991158317232693,-0.3043921301261443,0.8604340436918649,1.3810171355266774,-1.052362135079183,1.1804049929480152,1.1945547843381912,0.30439213012614774,0.9522907789840104,0.40574747150851065,1.0798199295663862,0.881298883964742,0.47660365932963433,31455.83
0.09119451390306038,0.30033465038573365,0.5776327164042638,1.3810171355266774,0.9502432353523981,-0.831325101441634,-1.2349818567339161,-0.30033465038573015,-1.0500994255839482,-0.7092923139081985,-0.7252037720063698,0.12675615774667134,0.07785883467789716,20661.39
0.09119451390306038,-0.7579372155100528,0.1534307254728628,1.3810171355266774,0.9502432353523981,1.5614109797225515,1.1945547843381912,0.7579372155100562,-1.0500994255839482,0.35712525707594395,1.8557613742055636,0.6958071304361328,-0.7470670257026498,21525.04
0.5879646291118369,-0.4555738252541138,-1.1191752473213412,0.48205315108006663,0.9502432353523981,0.8410924751325239,-1.2349818567339161,0.4555738252541172,0.9522907789840104,0.11082735105385609,0.9218633530276821,-0.5554762238755008,2.062366028251568,32010.37
0.09119451390306038,0.14915295525776417,-0.6949732563899399,-0.4169108333665442,-1.052362135079183,-0.16587007263063236,-1.2349818567339161,-0.14915295525776068,-1.0500994255839482,-0.2524914472168086,-0.23702064858721644,-0.5303247996682317,1.1379736053352763,58944.68
-1.3991158317232693,-0.4555738252541138,1.5674373619108672,-1.315874817813155,0.9502432353523981,0.20555877760551416,-0.020213536197862498,0.4555738252541172,0.9522907789840104,-0.2667012698452098,0.37075706334451203,1.5949705458460004,-0.32573604007393053,97818.68
-0.4055756013057161,1.2074248211535505,1.1432353709794654,0.48205315108006663,0.9502432353523981,-0.5014857464264798,-1.2349818567339161,-1.207424821153547,-1.0500994255839482,0.2501118869690645,-0.8501590654381022,-0.5083173034868714,-0.48592130799853095,30918.15
1.0847347443206135,-1.2114823008939613,1.7088380255546678,-0.4169108333665442,0.9502432353523981,0.5441088213419539,-0.020213536197862498,1.2114823008939646,0.9522907789840104,-0.33693344057017577,1.1924637452659055,2.6356107224217564,-0.3906307080330218,20045.44
-1.3991158317232693,1.5097882114094896,-0.8363739200337406,-0.4169108333665442,0.9502432353523981,-1.2017488722099399,-0.020213536197862498,-1.5097882114094858,0.9522907789840104,-0.5277762789964193,-1.1293448225105156,-1.269147885756759,0.3338715005351011,9943.59
-0.4055756013057161,-0.3043921301261443,1.6381376937327672,-1.315874817813155,-1.052362135079183,1.5643684549382664,1.1945547843381912,0.30439213012614774,-1.0500994255839482,0.6465063399168434,1.394278256786374,1.4692134248096549,0.2337897666176811,27891.17
0.09119451390306038,-0.002028739870205314,-0.5535725927461393,1.3810171355266774,0.9502432353523981,0.24558866675571936,-1.2349818567339161,0.002028739870208805,-1.0500994255839482,-0.031963574916987605,0.13173429524490482,-0.3574087582432572,-1.6196282426233282,13099.53
1.0847347443206135,0.7538797357696422,-1.5433772382527424,-0.4169108333665442,0.9502432353523981,-0.3334179751834249,1.1945547843381912,-0.7538797357696385,0.9522907789840104,-0.018753384418698223,-0.6034286143624349,-1.2219889653681295,0.685101601507867,28246.68
-0.9023457165144926,0.30033465038573365,-1.5433772382527424,0.48205315108006663,-1.052362135079183,-0.11541970440005626,-0.020213536197862498,-0.30033465038573015,0.9522907789840104,-0.132137263242123,-0.27684748039939433,-1.0993757723576931,2.122442554249507,86254.29
0.09119451390306038,-1.5138456911499003,-0.12937060181473833,-0.4169108333665442,-1.052362135079183,0.6031081413679562,-1.2349818567339161,1.5138456911499036,-1.0500994255839482,-0.390637203983127,1.474773982967072,0.9630410126383662,1.1379736053352763,11604.55
0.09119451390306038,1.3586065162815202,-0.9777745836775408,0.48205315108006663,0.9502432353523981,0.70235685065783,-0.020213536197862498,-1.3586065162815164,-1.0500994255839482,2.4223249687817257,-0.557440756444041,-1.234564677471764,-0.7470670257026498,9529.9
-0.9023457165144926,1.2074248211535505,0.4362320527604633,-0.4169108333665442,0.9502432353523981,0.25444953976530305,-1.2349818567339161,-1.207424821153547,0.9522907789840104,1.3166086236317018,-0.595237288054279,-0.7283922653004753,-0.26764155666356654,10806.67
1.58150485952939,-0.1532104349981748,-0.8363739200337406,-1.315874817813155,0.9502432353523981,-1.274634462584729,-1.2349818567339161,0.15321043499817827,-1.0500994255839482,-1.1198630540834216,-0.9488156265665806,-0.4737340952018764,-1.2207387173533923,94478.13
-1.3991158317232693,0.6026980406416726,0.294831389116663,1.3810171355266774,-1.052362135079183,1.4240270138425397,-0.020213536197862498,-0.6026980406416691,0.9522907789840104,1.5217781214632464,0.39124205773398707,-0.28195448562145015,0.47660365932963433,85737.79
0.5879646291118369,1.0562431260255811,-0.4828722609242394,-0.4169108333665442,-1.052362135079183,1.7829212523245817,-0.020213536197862498,-1.0562431260255776,0.9522907789840104,2.9351281538632703,0.08551101600375309,-0.9264597309327187,0.37516262445382653,85269.3
0.5879646291118369,-0.9091189106380223,1.1432353709794654,-1.315874817813155,0.9502432353523981,1.4893687318897435,1.1945547843381912,0.9091189106380256,0.9522907789840104,0.2417491125680387,1.937512680774303,1.7364473070118882,0.37516262445382653,52999.26
0.09119451390306038,1.0562431260255811,-0.4828722609242394,0.48205315108006663,0.9502432353523981,0.6196053078056165,-0.020213536197862498,-1.0562431260255776,-1.0500994255839482,1.4762464730283993,-0.3628335880198231,-0.9264597309327187,1.1379736053352763,43128.06
1.58150485952939,-1.0603006057659918,-0.4828722609242394,0.48205315108006663,0.9502432353523981,-1.4722538807098113,1.1945547843381912,1.0603006057659952,-1.0500994255839482,-1.2815799914003052,-1.0502171001391294,0.3059600552234629,-1.2207387173533923,73292.09
0.09119451390306038,-1.2114823008939613,1.0725350391575654,0.48205315108006663,0.9502432353523981,-1.116744565033256,-0.020213536197862498,1.2114823008939646,-1.0500994255839482,-1.1179944427482862,-0.6478141602519403,1.9848176210586699,0.07785883467789716,88223.12
-0.4055756013057161,0.4515163455137032,-0.6242729245680396,-0.4169108333665442,-1.052362135079183,-0.4775717866744092,-1.2349818567339161,-0.4515163455136996,-1.0500994255839482,-0.35148995507517966,-0.5600621144350325,-0.6497940646527594,-0.48592130799853095,46333.64
0.09119451390306038,1.2074248211535505,-1.4726769064308425,0.48205315108006663,0.9502432353523981,-1.4586564263000592,-1.2349818567339161,-1.207424821153547,-1.0500994255839482,-1.1002939283977096,-1.1729428478995427,-1.3225946621972058,0.07785883467789716,93519.38
-1.3991158317232693,-0.3043921301261443,-0.12937060181473833,-0.4169108333665442,0.9502432353523981,0.7785927059254215,-0.020213536197862498,0.30439213012614774,0.9522907789840104,0.15379674933646156,0.7507437748233853,0.13304401379848846,0.3338715005351011,15212.37
-1.3991158317232693,1.8121516016654287,-0.05867026999283805,-1.315874817813155,0.9502432353523981,-0.09447477250126203,-0.020213536197862498,-1.8121516016654249,0.9522907789840104,3.0167055397274067,-1.0123532257864476,-1.3100189500935713,-0.32573604007393053,86918.43
0.5879646291118369,-1.3626639960219307,-0.9777745836775408,-0.4169108333665442,-1.052362135079183,-0.7395625012915387,1.1945547843381912,1.362663996021934,0.9522907789840104,-0.9577112326708058,-0.18609951737112618,-0.04615988367830291,-0.4991774591537944,50966.83
-0.4055756013057161,-1.0603006057659918,-0.41217192910233913,-0.4169108333665442,-1.052362135079183,-1.4485709737089685,1.1945547843381912,1.0603006057659952,-1.0500994255839482,-1.2699582268335083,-1.0251166234101015,0.3751264717934528,-2.1422224185336938,25750.2
-1.3991158317232693,-0.9091189106380223,1.0725350391575654,0.48205315108006663,0.9502432353523981,-1.421318301701657,1.1945547843381912,0.9091189106380256,0.9522907789840104,-1.2515187898688453,-1.0071739566857751,1.6704248184678072,0.3338715005351011,62280.02
-0.9023457165144926,-0.6067555203820832,-0.12937060181473833,-0.4169108333665442,-1.052362135079183,-1.5287462783849928,-0.020213536197862498,0.6067555203820867,0.9522907789840104,-1.3004922873002247,-1.1273885436701048,0.34054326350845787,-0.23600717548390576,87013.83
1.58150485952939,-0.7579372155100528,-0.6949732563899399,-1.315874817813155,0.9502432353523981,1.627526724486368,-0.020213536197862498,0.7579372155100562,-1.0500994255839482,0.3926597808427945,1.9194642692477923,-0.0587355957819376,0.69675831515521,67682.27
1.58150485952939,-0.9091189106380223,1.5674373619108672,1.3810171355266774,-1.052362135079183,0.6605594079607326,-0.020213536197862498,0.9091189106380256,-1.0500994255839482,-0.1834544034336559,1.099022072539888,2.1325822382763753,-1.021296133371345,88900.74
-1.3991158317232693,0.30033465038573365,0.6483330482261644,0.48205315108006663,0.9502432353523981,1.522120459376275,-0.020213536197862498,-0.30033465038573015,0.9522907789840104,1.1880295913418393,0.7487090222087216,0.16762722208348363,0.47660365932963433,20868.82
-0.9023457165144926,0.14915295525776417,-1.614077570074643,1.3810171355266774,0.9502432353523981,0.6725279404743294,-1.2349818567339161,-0.14915295525776068,0.9522907789840104,0.3783553188728363,0.3284402197166873,-1.1025197003836016,2.122442554249507,17165.24
0.5879646291118369,1.2074248211535505,-0.05867026999283805,-0.4169108333665442,-1.052362135079183,-1.3340958881131868,-0.020213536197862498,-1.207424821153547,0.9522907789840104,-0.924560092552483,-1.1309376731623666,-0.8824447385699978,2.062366028251568,46834.12
-0.9023457165144926,0.7538797357696422,-0.34147159728043885,-1.315874817813155,0.9502432353523981,1.6217850636183588,-0.020213536197862498,-0.7538797357696385,0.9522907789840104,1.9873997381224853,0.33849599385283075,-0.687521200963663,1.1026041036699394,89332.38
-0.4055756013057161,-0.7579372155100528,0.5776327164042638,-1.315874817813155,0.9502432353523981,1.4843664398256629,1.1945547843381912,0.7579372155100562,-1.0500994255839482,0.31571695041839937,1.7815285230721327,1.073078493545168,-2.1422224185336938,40506.57
-1.3991158317232693,-1.2114823008939613,1.7088380255546678,1.3810171355266774,0.9502432353523981,-0.5711019403713966,-0.020213536197862498,1.2114823008939646,0.9522907789840104,-0.861391314052129,-0.043224932381866005,2.6356107224217564,0.3338715005351011,85376.31
-0.9023457165144926,0.30033465038573365,0.22413105729476276,-1.315874817813155,0.9502432353523981,-0.3368837664518409,-0.020213536197862498,-0.30033465038573015,0.9522907789840104,-0.3106791522716162,-0.4155457022539623,-0.07759916393738941,2.122442554249507,63692.45
0.5879646291118369,-1.3626639960219307,0.7897337118699643,-0.4169108333665442,0.9502432353523981,0.9309719953601131,-0.020213536197862498,1.362663996021934,0.9522907789840104,-0.2035219800381529,1.7453838365823329,1.8401969318668727,-0.9671453726489531,76403.56
-0.4055756013057161,-1.0603006057659918,-0.2707712654585386,1.3810171355266774,-1.052362135079183,0.44289616366664425,-0.020213536197862498,1.0603006057659952,-1.0500994255839482,-0.34177040953428767,0.9795666219249237,0.5134593049334326,0.5993057439214935,73066.54
0.09119451390306038,0.6026980406416726,-1.331276242787042,1.3810171355266774,0.9502432353523981,1.220573513748957,-1.2349818567339161,-0.6026980406416691,-1.0500994255839482,1.330419153858579,0.2834263270815706,-1.0773682761763326,-1.6196282426233282,26623.0
0.5879646291118369,1.8121516016654287,-1.4726769064308425,-0.4169108333665442,0.9502432353523981,-0.9806544945601195,-0.020213536197862498,-1.8121516016654249,0.9522907789840104,0.5162063596094995,-1.1404291039857999,-1.4986546316480889,-0.4991774591537944,16248.15
-0.4055756013057161,1.8121516016654287,-0.4828722609242394,-1.315874817813155,-1.052362135079183,-0.10472196201821211,-0.020213536197862498,-1.8121516016654249,-1.0500994255839482,2.987791439858233,-1.0138342095686192,-1.3666096545599264,-2.1422224185336938,28812.32
-1.3991158317232693,-1.5138456911499003,0.22413105729476276,-0.4169108333665442,0.9502432353523981,-0.9942403963323104,1.1945547843381912,1.5138456911499036,0.9522907789840104,-1.0840490237057971,-0.4490439859312007,1.3560320158769446,0.3338715005351011,18275.36
0.09119451390306038,1.0562431260255811,1.213935702801366,0.48205315108006663,-1.052362135079183,-1.1241729109852276,1.1945547843381912,-1.0562431260255776,-1.0500994255839482,-0.7105765571371185,-1.0348896693382994,-0.32282554995826224,1.1379736053352763,31992.91
-0.9023457165144926,1.0562431260255811,1.1432353709794654,0.48205315108006663,-1.052362135079183,0.20371035559569228,-1.2349818567339161,-1.0562431260255776,0.9522907789840104,0.9546843558843395,-0.5231204460677166,-0.34797697416553136,1.1026041036699394,74627.61
0.5879646291118369,0.7538797357696422,0.4362320527604633,0.48205315108006663,0.9502432353523981,0.6553491684205472,-0.020213536197862498,-0.7538797357696385,0.9522907789840104,0.9957797629023419,-0.12708723913315997,-0.34168911811371405,-0.4991774591537944,15327.35
0.09119451390306038,0.30033465038573365,-0.41217192910233913,1.3810171355266774,-1.052362135079183,0.04249329842653969,1.1945547843381912,-0.30033465038573015,-1.0500994255839482,-0.004829538612798842,-0.17794993243225365,-0.44543874296869884,1.1379736053352763,76445.64
-0.9023457165144926,1.0562431260255811,-0.8363739200337406,1.3810171355266774,0.9502432353523981,1.5015914224296907,-0.020213536197862498,-1.0562431260255776,0.9522907789840104,2.582320357288489,-0.022914138640199894,-1.0522168519690638,-0.23600717548390576,9341.96
-1.3991158317232693,1.8121516016654287,-0.4828722609242394,-0.4169108333665442,0.9502432353523981,-1.4893633369382253,-1.2349818567339161,-1.8121516016654249,0.9522907789840104,-0.9191977820355957,-1.213950682186643,-1.3666096545599264,-0.32573604007393053,80236.67
1.58150485952939,-0.002028739870205314,0.6483330482261644,-1.315874817813155,0.9502432353523981,0.38156321085324185,1.1945547843381912,0.002028739870208805,-1.0500994255839482,0.0639549581890371,0.22999347853780622,0.4442928883634427,0.69675831515521,50250.98
-1.3991158317232693,1.0562431260255811,-1.1191752473213412,-0.4169108333665442,0.9502432353523981,1.0641161432550958,-0.020213536197862498,-1.0562431260255776,0.9522907789840104,2.0336949613992874,-0.19151810365568978,-1.1528225487981398,-0.38744411323898026,35070.17
-0.9023457165144926,0.6026980406416726,-1.1898755791432414,0.48205315108006663,0.9502432353523981,0.29422527088915773,-0.020213536197862498,-0.6026980406416691,0.9522907789840104,0.459138771291987,-0.20747165499576908,-1.008201859606343,1.1026041036699394,65839.01
0.5879646291118369,0.14915295525776417,1.1432353709794654,-1.315874817813155,0.9502432353523981,0.02140973487700881,1.1945547843381912,-0.14915295525776068,0.9522907789840104,-0.11157405586643604,-0.11070903892957171,0.6140650017625083,-0.9671453726489531,46478.38
1.58150485952939,-1.2114823008939613,-1.614077570074643,0.48205315108006663,-1.052362135079183,-0.2777920253253475,1.1945547843381912,1.2114823008939646,-1.0500994255839482,-0.723454432883686,0.28177169920318035,-0.7629754735854701,0.3674671920348336,13780.0
-0.9023457165144926,0.7538797357696422,-1.1898755791432414,-1.315874817813155,0.9502432353523981,-0.055588594469634114,1.1945547843381912,-0.7538797357696385,0.9522907789840104,0.2663158736539721,-0.46958352237653933,-1.0647925640726983,2.122442554249507,78956.84
1.58150485952939,-1.6650273862778697,0.22413105729476276,-1.315874817813155,0.9502432353523981,0.9619561692997525,-1.2349818567339161,1.665027386277873,-1.0500994255839482,-0.2768300468277588,2.0327202916967995,1.4755012808614723,-1.2207387173533923,54881.07
1.58150485952939,0.9050614308976117,-0.9070742518556405,1.3810171355266774,-1.052362135079183,0.45234622119185863,-0.020213536197862498,-0.905061430897608,-1.0500994255839482,1.0030389592782292,-0.32609005201870517,-1.008201859606343,0.3674671920348336,12920.87
0.5879646291118369,1.2074248211535505,0.01203006182906223,1.3810171355266774,-1.052362135079183,-0.47673999676998935,-1.2349818567339161,-1.207424821153547,0.9522907789840104,0.285023951185395,-0.8418141308909837,-0.8604372423886375,-0.9671453726489531,84542.54
-1.3991158317232693,0.7538797357696422,0.8604340436918649,1.3810171355266774,-1.052362135079183,1.4566170044032118,-1.2349818567339161,-0.7538797357696385,0.9522907789840104,1.8179276111041076,0.25892581296704154,-0.1530534365591964,-0.38744411323898026,63236.33
0.5879646291118369,0.4515163455137032,1.6381376937327672,-0.4169108333665442,-1.052362135079183,1.5614109797225515,-0.020213536197862498,-0.4515163455136996,0.9522907789840104,1.418762080796759,0.6186807610300915,0.557474297296153,0.37516262445382653,21382.67
0.09119451390306038,-0.1532104349981748,-0.9777745836775408,1.3810171355266774,0.9502432353523981,0.03745634844977505,1.1945547843381912,0.15321043499817827,-1.0500994255839482,-0.248739267985825,0.06254992358839238,-0.5743397920309524,-1.6196282426233282,6970.43
-0.9023457165144926,1.5097882114094896,1.3553363664451665,-0.4169108333665442,0.9502432353523981,-0.29034974235457495,1.1945547843381912,-1.5097882114094858,0.9522907789840104,1.1866635953207476,-0.9098102649018981,-0.7818390417409218,1.1026041036699394,8000.2
-1.3991158317232693,0.14915295525776417,1.5674373619108672,-0.4169108333665442,-1.052362135079183,0.9912883160681135,1.1945547843381912,-0.14915295525776068,0.9522907789840104,0.6182043511434846,0.5434294204861482,0.8781549559388331,-0.38744411323898026,53199.72
-1.3991158317232693,-1.2114823008939613,-0.34147159728043885,-0.4169108333665442,-1.052362135079183,0.6728976248762938,-0.020213536197862498,1.2114823008939646,0.9522907789840104,-0.27636703971682197,1.335165799262128,0.5386107291407015,0.47660365932963433,36089.69
0.5879646291118369,1.2074248211535505,0.931134375513765,1.3810171355266774,-1.052362135079183,0.7108711445405721,1.1945547843381912,-1.207424821153547,0.9522907789840104,1.9605422525106864,-0.44131960640742735,-0.5743397920309524,-0.9671453726489531,25717.29
-1.3991158317232693,0.6026980406416726,0.1534307254728628,-0.4169108333665442,0.9502432353523981,-0.904892297432545,1.1945547843381912,-0.6026980406416691,0.9522907789840104,-0.66869584352228,-0.8429177726948343,-0.3511209021914398,-0.38744411323898026,42176.97
-0.4055756013057161,0.4515163455137032,0.6483330482261644,-1.315874817813155,-1.052362135079183,1.4996505793193777,-0.020213536197862498,-0.4515163455136996,-1.0500994255839482,1.365141483138064,0.5829768633999232,0.029294388943504085,0.2337897666176811,58163.43
-0.9023457165144926,0.4515163455137032,-0.2707712654585386,-1.315874817813155,0.9502432353523981,-0.5065573543159286,-1.2349818567339161,-0.4515163455136996,0.9522907789840104,-0.37665532722738054,-0.5768187697201228,-0.46115838309824175,1.1026041036699394,70068.99
-1.3991158317232693,-0.9091189106380223,0.8604340436918649,1.3810171355266774,0.9502432353523981,0.4319211579833268,-0.020213536197862498,0.9091189106380256,0.9522907789840104,-0.30075253821090686,0.8677131094838353,1.4723573528355638,0.3338715005351011,96558.64
-0.9023457165144926,0.4515163455137032,1.1432353709794654,-0.4169108333665442,0.9502432353523981,1.1969830278486053,-0.020213536197862498,-0.4515163455136996,0.9522907789840104,1.1023644464638866,0.4080037219833914,0.2933843431198285,1.1026041036699394,93430.15
-0.4055756013057161,0.30033465038573365,-1.2605759109651418,0.48205315108006663,-1.052362135079183,0.20907077942417573,-0.020213536197862498,-0.30033465038573015,-1.0500994255839482,0.12946339294256193,-0.073626006458283,-0.9358915150104445,0.2337897666176811,59162.06
-0.4055756013057161,-0.1532104349981748,1.213935702801366,0.48205315108006663,-1.052362135079183,-1.44974934274023,-1.2349818567339161,0.15321043499817827,-1.0500994255839482,-1.23612538601974,-1.0837949706938013,0.9850485088197266,0.2337897666176811,74744.26
-0.9023457165144926,-0.7579372155100528,0.1534307254728628,-0.4169108333665442,0.9502432353523981,1.337532416420437,-0.020213536197862498,0.7579372155100562,0.9522907789840104,0.23679963483624464,1.6400531087812489,0.6958071304361328,-0.23600717548390576,95332.86
1.58150485952939,-0.4555738252541138,1.213935702801366,-0.4169108333665442,0.9502432353523981,-1.4319351756205716,-0.020213536197862498,0.4555738252541172,-1.0500994255839482,-1.239428343637753,-1.049204176244521,1.3120170235142241,0.3674671920348336,12929.83
0.09119451390306038,0.6026980406416726,-0.2000709336366383,-0.4169108333665442,0.9502432353523981,1.4240385664801012,1.1945547843381912,-0.6026980406416691,-1.0500994255839482,1.5217889873406867,0.39124817980148213,-0.5240369436164143,-0.7470670257026498,5535.3
1.58150485952939,1.2074248211535505,1.4967370300889666,-1.315874817813155,-1.052362135079183,-0.49484297982868247,1.1945547843381912,-1.207424821153547,-1.0500994255839482,0.2594837062614968,-0.8479189452865648,-0.39827982258006944,0.3674671920348336,58518.19
1.58150485952939,-0.3043921301261443,-0.8363739200337406,0.48205315108006663,0.9502432353523981,0.7798403907820513,1.1945547843381912,0.30439213012614774,-1.0500994255839482,0.15457909251217766,0.7517656035434407,-0.4014237506059781,-1.021296133371345,77469.18
0.5879646291118369,0.9050614308976117,1.213935702801366,1.3810171355266774,0.9502432353523981,1.6894373091778399,1.1945547843381912,-0.905061430897608,0.9522907789840104,2.3992998640316627,0.21028487361700074,-0.15934129261101354,-0.4991774591537944,39872.12
1.0847347443206135,-1.3626639960219307,-0.05867026999283805,-0.4169108333665442,-1.052362135079183,-0.24246405966262674,-1.2349818567339161,1.362663996021934,0.9522907789840104,-0.7332882692848884,0.38864908387410824,0.9347456604051884,1.1512285520161478,56797.72
1.0847347443206135,0.14915295525776417,0.0827303936509625,-0.4169108333665442,0.9502432353523981,1.4894380477151117,1.1945547843381912,-0.14915295525776068,0.9522907789840104,0.9930336593310155,0.8794084846054272,-0.04615988367830314,1.1512285520161478,54054.8
-1.3991158317232693,0.7538797357696422,0.294831389116663,-0.4169108333665442,-1.052362135079183,-1.577232698230133,-0.020213536197862498,-0.7538797357696385,0.9522907789840104,-1.2949803240167703,-1.2026398842140482,-0.4045676786318866,-0.32573604007393053,35550.89
0.5879646291118369,0.14915295525776417,-1.614077570074643,1.3810171355266774,0.9502432353523981,1.1387808398143386,1.1945547843381912,-0.14915295525776068,0.9522907789840104,0.729184076969788,0.6429063386589411,-1.1025197003836016,0.37516262445382653,15517.04
-0.4055756013057161,-0.9091189106380223,-0.7656735882118402,-1.315874817813155,-1.052362135079183,1.2272971488096842,-0.020213536197862498,0.9091189106380256,-1.0500994255839482,0.10729869634743645,1.6723798513606025,-0.04615988367830314,-0.48592130799853095,82126.53
1.58150485952939,0.14915295525776417,1.7088380255546678,0.48205315108006663,-1.052362135079183,1.60130223722202,-1.2349818567339161,-0.14915295525776068,-1.0500994255839482,1.0772050923361143,0.9548557313092071,0.9661849406642751,0.69675831515521,81184.9
-0.4055756013057161,1.0562431260255811,1.6381376937327672,1.3810171355266774,-1.052362135079183,-1.4147332982916665,1.1945547843381912,-1.0562431260255776,-1.0500994255839482,-1.074960135145181,-1.1468723017483708,-0.1719170047146482,0.5993057439214935,74047.77
0.09119451390306038,1.0562431260255811,0.7897337118699643,1.3810171355266774,0.9502432353523981,0.17768226316988786,-1.2349818567339161,-1.0562431260255776,-1.0500994255839482,0.922043260053074,-0.5331517319338807,-0.4737340952018764,-0.7470670257026498,68743.32
0.5879646291118369,-0.3043921301261443,-0.5535725927461393,0.48205315108006663,-1.052362135079183,-1.4046593983381372,-1.2349818567339161,0.30439213012614774,0.9522907789840104,-1.2151806615557026,-1.0372956418637893,-0.18763664484419112,2.062366028251568,68634.17
-0.9023457165144926,-1.3626639960219307,0.6483330482261644,-0.4169108333665442,-1.052362135079183,-1.1818090197789861,1.1945547843381912,1.362663996021934,0.9522907789840104,-1.1573704267347233,-0.6974279517820774,1.6892883866232593,2.122442554249507,68399.37
-0.9023457165144926,0.30033465038573365,1.0725350391575654,1.3810171355266774,-1.052362135079183,0.7422134502446145,-1.2349818567339161,-0.30033465038573015,0.9522907789840104,0.5592771455154406,0.2602698850579639,0.41285360810435645,2.122442554249507,53834.07
-1.3991158317232693,1.0562431260255811,1.5674373619108672,-1.315874817813155,0.9502432353523981,-0.8082891421442286,-1.2349818567339161,-1.0562431260255776,0.9522907789840104,-0.31443564132961804,-0.9131473482382008,-0.19706842892191714,-0.38744411323898026,39517.99
0.09119451390306038,-1.0603006057659918,-0.34147159728043885,0.48205315108006663,0.9502432353523981,0.9658494081579398,1.1945547843381912,1.0603006057659952,-1.0500994255839482,-0.08514484043906864,1.5338218805068267,0.4442928883634427,-0.7470670257026498,74368.55
-0.9023457165144926,-1.0603006057659918,1.0018347073356655,-1.315874817813155,-1.052362135079183,0.5520801412593108,-1.2349818567339161,1.0603006057659952,0.9522907789840104,-0.28819124030462995,1.095285941713237,1.7584548031932492,1.1026041036699394,33371.37
-0.9023457165144926,1.2074248211535505,-0.8363739200337406,1.3810171355266774,-1.052362135079183,0.2695372844204742,1.1945547843381912,-1.207424821153547,0.9522907789840104,1.3378948775376438,-0.5901492934144392,-1.1245271965649621,-0.26764155666356654,56575.7
0.09119451390306038,0.7538797357696422,1.7795383573765677,-1.315874817813155,0.9502432353523981,1.7088110823682854,-0.020213536197862498,-0.7538797357696385,-1.0500994255839482,2.0766935433144447,0.3804210251609831,0.25565720680892506,0.07785883467789716,46168.78
-0.9023457165144926,-0.3043921301261443,0.36553172093856334,0.48205315108006663,0.9502432353523981,0.4235801536640056,1.1945547843381912,0.30439213012614774,0.9522907789840104,-0.06880885982794058,0.4599956584594959,0.5071714488816152,2.122442554249507,97595.54
0.09119451390306038,-1.0603006057659918,0.5776327164042638,-1.315874817813155,0.9502432353523981,-0.588765923202757,-0.020213536197862498,1.0603006057659952,-1.0500994255839482,-0.8480314815243057,-0.11384687679649544,1.3434563037733098,0.07785883467789716,29581.41
-0.9023457165144926,-1.2114823008939613,0.6483330482261644,-1.315874817813155,-1.052362135079183,0.8023333761140713,-1.2349818567339161,1.2114823008939646,0.9522907789840104,-0.21549639429513395,1.4785846917068426,1.5509555534832795,2.122442554249507,34382.84
-0.9023457165144926,-0.9091189106380223,-1.331276242787042,1.3810171355266774,0.9502432353523981,-0.6574579061427628,-1.2349818567339161,0.9091189106380256,0.9522907789840104,-0.8596359809419681,-0.2343909423223681,-0.5743397920309524,2.122442554249507,20350.81
-1.3991158317232693,-1.2114823008939613,1.5674373619108672,1.3810171355266774,-1.052362135079183,-1.6130805325831163,1.1945547843381912,1.2114823008939646,0.9522907789840104,-1.3514097889864136,-1.1977700577976624,2.490990033229959,-0.32573604007393053,83183.16
1.58150485952939,-0.7579372155100528,-1.1191752473213412,-0.4169108333665442,-1.052362135079183,-0.195040482473134,-0.020213536197862498,0.7579372155100562,-1.0500994255839482,-0.5868959658819809,0.16341042901502936,-0.43600695889097285,-1.021296133371345,60725.99
-0.9023457165144926,-0.7579372155100528,0.4362320527604633,1.3810171355266774,0.9502432353523981,1.5386522837266194,1.1945547843381912,0.7579372155100562,0.9522907789840104,0.344893383614351,1.8338332415420668,0.947321372508823,2.122442554249507,63238.73
-0.4055756013057161,0.9050614308976117,-0.9777745836775408,1.3810171355266774,0.9502432353523981,-0.3098159366455117,-1.2349818567339161,-0.905061430897608,-1.0500994255839482,0.14281352041960288,-0.6565464547060078,-1.0364972118395206,0.2337897666176811,82953.33
1.58150485952939,1.8121516016654287,-0.2707712654585386,1.3810171355266774,-1.052362135079183,-1.3443084197174526,-1.2349818567339161,-1.8121516016654249,-1.0500994255839482,-0.5099019106067948,-1.1929864968777957,-1.3383143023267485,-1.021296133371345,23848.51
1.58150485952939,-1.2114823008939613,-1.1898755791432414,-0.4169108333665442,-1.052362135079183,-1.4803291743652207,-0.020213536197862498,1.2114823008939646,-1.0500994255839482,-1.2889798901520138,-1.0506773683044266,-0.32911340601007955,-1.021296133371345,74598.88
1.58150485952939,-0.9091189106380223,-1.1191752473213412,0.48205315108006663,-1.052362135079183,1.660497952086566,-0.020213536197862498,0.9091189106380256,-1.0500994255839482,0.32954342667320863,2.110640853668513,-0.37627232639870895,-1.2207387173533923,63340.94
-1.3991158317232693,-0.4555738252541138,-0.2707712654585386,0.48205315108006663,0.9502432353523981,-1.4735131182040024,1.1945547843381912,0.4555738252541172,0.9522907789840104,-1.2641270549482988,-1.085258701376669,0.1236122297207629,-0.38744411323898026,24602.19
-0.9023457165144926,-0.002028739870205314,-1.4726769064308425,-0.4169108333665442,-1.052362135079183,0.590735266539711,-1.2349818567339161,0.002028739870208805,0.9522907789840104,0.21150814089232373,0.3811473249865126,-0.9704747232954394,-0.23600717548390576,64640.87
-1.3991158317232693,1.2074248211535505,-0.34147159728043885,-0.4169108333665442,0.9502432353523981,-0.3466341925536514,1.1945547843381912,-1.207424821153547,0.9522907789840104,0.46858121878778247,-0.7979389428099156,-0.9704747232954394,-0.32573604007393053,5011.27
0.5879646291118369,-1.2114823008939613,-1.684777901896543,-1.315874817813155,-1.052362135079183,-1.0662826441651183,1.1945547843381912,1.2114823008939646,0.9522907789840104,-1.0942633664182313,-0.5919007612695667,-0.8352858181813684,0.37516262445382653,42007.55
-0.4055756013057161,1.3586065162815202,0.5776327164042638,1.3810171355266774,0.9502432353523981,-0.25878793653686627,1.1945547843381912,-1.3586065162815164,-1.0500994255839482,0.8725962737804996,-0.8352612924650953,-0.8195661780518254,0.2337897666176811,70678.24
0.5879646291118369,-0.002028739870205314,-1.1898755791432414,-1.315874817813155,-1.052362135079183,-0.3368028979889112,-0.020213536197862498,0.002028739870208805,0.9522907789840104,-0.44279153506489904,-0.2891188864170959,-0.7818390417409218,2.062366028251568,45861.24
0.09119451390306038,-0.3043921301261443,-0.9070742518556405,-0.4169108333665442,0.9502432353523981,0.0009384611182314268,-1.2349818567339161,0.30439213012614774,-1.0500994255839482,-0.3338203666834722,0.11386064091779338,-0.4548705270464244,-1.6196282426233282,70651.99
-1.3991158317232693,-0.7579372155100528,1.213935702801366,1.3810171355266774,0.9502432353523981,-0.6466908479355503,-0.020213536197862498,0.7579372155100562,0.9522907789840104,-0.8296396679027785,-0.27175725955319296,1.6389855382087208,0.47660365932963433,97808.48
0.09119451390306038,1.8121516016654287,1.284636034623266,0.48205315108006663,0.9502432353523981,-1.1385674973867155,1.1945547843381912,-1.8121516016654249,-1.0500994255839482,0.070629323406865,-1.16325161505514,-1.1308150526167795,-1.6196282426233282,23474.3
0.5879646291118369,-0.3043921301261443,1.4967370300889666,1.3810171355266774,-1.052362135079183,1.8169784278555499,-1.2349818567339161,0.30439213012614774,0.9522907789840104,0.8049018573261767,1.6011607270894266,1.3623198719287615,-0.9671453726489531,76249.09
0.09119451390306038,0.6026980406416726,-0.2707712654585386,0.48205315108006663,-1.052362135079183,-0.826369019927799,-0.020213536197862498,-0.6026980406416691,-1.0500994255839482,-0.5948404745591931,-0.8013060799321022,-0.5586201519014092,0.07785883467789716,31173.26
-0.4055756013057161,0.6026980406416726,-1.5433772382527424,-0.4169108333665442,0.9502432353523981,1.0913803678999687,-1.2349818567339161,-0.6026980406416691,-1.0500994255839482,1.2089060464414536,0.21496324628627347,-1.1811179010313173,-0.48592130799853095,41262.43
-1.3991158317232693,-0.3043921301261443,0.294831389116663,0.48205315108006663,-1.052362135079183,-1.0777775185386982,-0.020213536197862498,0.30439213012614774,0.9522907789840104,-1.0102139934363807,-0.7695859785863325,0.4537246724411685,-0.38744411323898026,28199.42
1.58150485952939,-0.9091189106380223,-1.684777901896543,-1.315874817813155,-1.052362135079183,-0.9905435523126667,1.1945547843381912,0.9091189106380256,-1.0500994255839482,-1.0305186964135309,-0.5713673468917231,-0.9044522347513582,-1.2207387173533923,49967.86
0.5879646291118369,-0.002028739870205314,0.294831389116663,1.3810171355266774,0.9502432353523981,-1.1356446800836846,1.1945547843381912,0.002028739870208805,0.9522907789840104,-1.0063068050067339,-0.8663853270574993,0.2084982864202957,-0.4991774591537944,75701.06
1.58150485952939,-0.4555738252541138,-1.684777901896543,0.48205315108006663,0.9502432353523981,1.5707339582345905,1.1945547843381912,0.4555738252541172,-1.0500994255839482,0.5442591957194418,1.554575689314486,-1.008201859606343,0.69675831515521,77681.51
0.09119451390306038,0.14915295525776417,1.0018347073356655,0.48205315108006663,0.9502432353523981,-0.38631750257701497,-0.020213536197862498,-0.14915295525776068,-1.0500994255839482,-0.4183655858725243,-0.3857022928711701,0.5260350170370672,-0.7470670257026498,20062.82
-0.4055756013057161,-0.1532104349981748,0.294831389116663,0.48205315108006663,-1.052362135079183,-1.2637518780019026,1.1945547843381912,0.15321043499817827,-1.0500994255839482,-1.1126378847547496,-0.9404272809954075,0.3311114794307321,-2.1422224185336938,15334.73
-1.3991158317232693,1.2074248211535505,-0.34147159728043885,0.48205315108006663,-1.052362135079183,1.0921428419790202,1.1945547843381912,-1.207424821153547,0.9522907789840104,2.49845208226398,-0.3127445014314467,-0.9704747232954394,0.3338715005351011,49926.83
0.09119451390306038,0.9050614308976117,1.7088380255546678,-1.315874817813155,0.9502432353523981,1.0517086105141664,-0.020213536197862498,-0.905061430897608,-1.0500994255839482,1.679518064267003,-0.0662199744442437,0.038726173021229875,1.1379736053352763,76283.55
1.58150485952939,1.3586065162815202,-0.7656735882118402,0.48205315108006663,0.9502432353523981,-0.3822740794305296,1.1945547843381912,-1.3586065162815164,-1.0500994255839482,0.6734899355607549,-0.8709551721666355,-1.1779739730054088,0.69675831515521,14555.64
0.5879646291118369,-1.2114823008939613,0.7190333800480644,1.3810171355266774,-1.052362135079183,-0.6812332342440969,-0.020213536197862498,1.2114823008939646,0.9522907789840104,-0.9131835188722782,-0.16525387755104337,1.6232658980791779,2.062366028251568,42677.58
-0.4055756013057161,0.9050614308976117,-0.7656735882118402,1.3810171355266774,-1.052362135079183,1.6600589518592332,1.1945547843381912,-0.905061430897608,-1.0500994255839482,2.366141552434229,0.19754707736650715,-0.9516111551399877,0.2337897666176811,53187.75
1.58150485952939,-0.7579372155100528,-0.41217192910233913,-0.4169108333665442,-1.052362135079183,1.6305535155274513,-1.2349818567339161,0.7579372155100562,-1.0500994255839482,0.3942865579224582,1.9223805995817191,0.19277864629075256,0.69675831515521,21967.75
-1.3991158317232693,-0.9091189106380223,0.1534307254728628,1.3810171355266774,-1.052362135079183,-1.5107241637892295,-0.020213536197862498,0.9091189106380256,0.9522907789840104,-1.2973866219663215,-1.0976241646131557,0.8121324673947522,-0.38744411323898026,98330.26
1.58150485952939,0.4515163455137032,-1.5433772382527424,-1.315874817813155,0.9502432353523981,-1.5625724011647333,1.1945547843381912,-0.4515163455136996,-1.0500994255839482,-1.293491318881637,-1.1873046616909522,-1.1402468366945053,0.69675831515521,40734.23
0.09119451390306038,0.9050614308976117,-0.2707712654585386,0.48205315108006663,-1.052362135079183,-0.3717842845247904,1.1945547843381912,-0.905061430897608,-1.0500994255839482,0.07287204051058455,-0.683414539286286,-0.7535436895077441,-0.7470670257026498,24030.45
-0.4055756013057161,-0.1532104349981748,1.0725350391575654,-1.315874817813155,-1.052362135079183,0.25754564663175467,-1.2349818567339161,0.15321043499817827,-1.0500994255839482,-0.10261750484300931,0.23219575318119348,0.8844428119906504,0.5993057439214935,63329.54
0.5879646291118369,-0.7579372155100528,-1.401976574608942,1.3810171355266774,-1.052362135079183,-1.4403339431276998,1.1945547843381912,0.7579372155100562,0.9522907789840104,-1.2561905527070953,-1.0364368827597341,-0.687521200963663,0.37516262445382653,35226.41
-0.9023457165144926,1.3586065162815202,-0.12937060181473833,0.48205315108006663,0.9502432353523981,-1.400673738379459,-1.2349818567339161,-1.3586065162815164,0.9522907789840104,-0.9685552541749696,-1.1653253262811347,-1.0082018596063431,2.122442554249507,19141.4
1.58150485952939,-0.3043921301261443,-0.5535725927461393,-1.315874817813155,0.9502432353523981,0.6788125753077238,1.1945547843381912,0.30439213012614774,-1.0500994255839482,0.09123102703405535,0.669025861350072,-0.18763664484419112,0.3674671920348336,80351.23
-1.3991158317232693,-0.002028739870205314,1.3553363664451665,-0.4169108333665442,0.9502432353523981,-0.46704733385598585,-0.020213536197862498,0.002028739870208805,0.9522907789840104,-0.5346679617630573,-0.3832373258770933,0.9158820922497367,0.47660365932963433,62043.29
0.5879646291118369,-1.0603006057659918,0.931134375513765,1.3810171355266774,-1.052362135079183,0.41685651860327844,-0.020213536197862498,1.0603006057659952,0.9522907789840104,-0.3545486814043171,0.9519683416579829,1.6892883866232589,2.062366028251568,12414.71
-0.4055756013057161,1.3586065162815202,-1.5433772382527424,0.48205315108006663,0.9502432353523981,-0.13644550476178022,-1.2349818567339161,-1.3586065162815164,-1.0500994255839482,1.0698585173717705,-0.7998980044082787,-1.385473222715378,0.2337897666176811,64408.86
-1.3991158317232693,0.9050614308976117,0.01203006182906223,-0.4169108333665442,-1.052362135079183,-0.5030684577723898,-0.020213536197862498,-0.905061430897608,0.9522907789840104,-0.07530375697004298,-0.7403364097505443,-0.6403622805750336,0.3338715005351011,45274.04
-1.3991158317232693,-1.3626639960219307,-0.5535725927461393,-1.315874817813155,0.9502432353523981,-0.7845369193180175,-1.2349818567339161,1.362663996021934,0.9522907789840104,-0.9780156458912241,-0.23809924556949696,0.40656575205253953,-0.32573604007393053,25255.35
-1.3991158317232693,1.660969906537459,-0.34147159728043885,-0.4169108333665442,-1.052362135079183,-0.023345183035803595,-0.020213536197862498,-1.6609699065374555,0.9522907789840104,2.300320413250648,-0.923784162234768,-1.2534282456272159,0.3338715005351011,70370.49
-1.3991158317232693,-1.0603006057659918,0.0827303936509625,0.48205315108006663,0.9502432353523981,-0.8104725906433308,-0.020213536197862498,1.0603006057659952,0.9522907789840104,-0.9568282053298671,-0.3488240713851648,0.8592913877833815,-0.38744411323898026,96173.37
-0.4055756013057161,1.0562431260255811,1.0725350391575654,1.3810171355266774,0.9502432353523981,1.5139874025330586,-1.2349818567339161,-1.0562431260255776,-1.0500994255839482,2.5978658059466992,-0.018136699787827896,-0.3731283983728003,-0.48592130799853095,27782.11
1.58150485952939,1.0562431260255811,0.931134375513765,-1.315874817813155,-1.052362135079183,-0.8934089756965266,1.1945547843381912,-1.0562431260255776,-1.0500994255839482,-0.4211820213051022,-0.9459527251853364,-0.42343124678733834,-1.021296133371345,89727.46
-1.3991158317232693,1.3586065162815202,-1.1898755791432414,0.48205315108006663,0.9502432353523981,-1.4985476837995277,1.1945547843381912,-1.3586065162815164,0.9522907789840104,-1.1263650490479866,-1.1936159567265878,-1.2911553819381192,0.47660365932963433,97261.57
0.5879646291118369,-0.002028739870205314,-1.2605759109651418,1.3810171355266774,0.9502432353523981,0.6360447110554699,-0.020213536197862498,0.002028739870208805,0.9522907789840104,0.24347011938355811,0.41388925505233753,-0.8289979621295512,0.37516262445382653,79698.2
1.58150485952939,-0.4555738252541138,-0.8363739200337406,-1.315874817813155,-1.052362135079183,1.2555086897345906,-0.020213536197862498,0.4555738252541172,-1.0500994255839482,0.3570046703458522,1.2812264887710596,-0.32911340601007955,-1.021296133371345,56563.48
0.5879646291118369,-1.6650273862778697,-0.4828722609242394,0.48205315108006663,-1.052362135079183,-0.7884301581762048,-0.020213536197862498,1.665027386277873,0.9522907789840104,-1.00853340439225,-0.15973900784133302,0.6580799941252292,-0.9671453726489531,95895.7
1.58150485952939,0.9050614308976117,-0.34147159728043885,-1.315874817813155,0.9502432353523981,0.11785115323946568,1.1945547843381912,-0.905061430897608,-1.0500994255839482,0.6255062207835014,-0.471119604766165,-0.7818390417409218,-1.2207387173533923,19615.76
-1.3991158317232693,-1.2114823008939613,-1.5433772382527424,-1.315874817813155,-1.052362135079183,-0.10354359298695065,-0.020213536197862498,1.2114823008939646,0.9522907789840104,-0.6415094181661458,0.4748444548925438,-0.6906651289895716,-0.32573604007393053,56072.54
-1.3991158317232693,-0.3043921301261443,-1.614077570074643,-0.4169108333665442,0.9502432353523981,-1.2584376647236648,1.1945547843381912,0.30439213012614774,0.9522907789840104,-1.1234943877127532,-0.9175429926995282,-0.9893382914508912,-0.38744411323898026,51732.06
-0.9023457165144926,-0.7579372155100528,-0.34147159728043885,0.48205315108006663,-1.052362135079183,1.6596430569070233,-1.2349818567339161,0.7579372155100562,0.9522907789840104,0.4099210032911336,1.9504085376764826,0.25565720680892506,1.1026041036699394,81229.74
0.5879646291118369,1.5097882114094896,0.7190333800480644,-1.315874817813155,0.9502432353523981,-0.17767686821836964,1.1945547843381912,-1.5097882114094858,0.9522907789840104,1.398613400675165,-0.8826700265938928,-0.92331580290681,0.37516262445382653,68688.27
1.58150485952939,1.660969906537459,-1.048474915499441,1.3810171355266774,-1.052362135079183,0.26930623166924644,-0.020213536197862498,-1.6609699065374555,-1.0500994255839482,2.960930990825314,-0.8673899026782507,-1.379185366663561,-1.021296133371345,17032.55
1.58150485952939,-1.6650273862778697,0.5069323845823639,0.48205315108006663,-1.052362135079183,0.48512105395351296,1.1945547843381912,1.665027386277873,-1.0500994255839482,-0.476158531875176,1.4354569524117409,1.8024697955559696,0.69675831515521,37912.87
0.09119451390306038,0.7538797357696422,-0.8363739200337406,-0.4169108333665442,-1.052362135079183,-1.2954754207454708,1.1945547843381912,-0.7538797357696385,-1.0500994255839482,-1.0058808132207142,-1.0669025168206427,-0.9075961627772668,-0.7470670257026498,37212.3
1.0847347443206135,-1.5138456911499003,1.4260366982670667,-0.4169108333665442,0.9502432353523981,-1.2460416846202969,1.1945547843381912,1.5138456911499036,0.9522907789840104,-1.1933564074103349,-0.7523089475641771,2.6922014268881114,1.1512285520161478,32688.55
0.09119451390306038,-0.4555738252541138,-0.9777745836775408,-1.315874817813155,0.9502432353523981,-1.436313625256337,-0.020213536197862498,0.4555738252541172,-1.0500994255839482,-1.2420292915640372,-1.0530009711945305,-0.44229481494278994,-0.7470670257026498,67099.85
0.09119451390306038,-0.7579372155100528,-0.2707712654585386,-1.315874817813155,-1.052362135079183,-0.7881182369620474,-1.2349818567339161,0.7579372155100562,-1.0500994255839482,-0.9056511374037022,-0.4080233509575201,0.31853576732709765,-1.6196282426233282,85848.51
0.09119451390306038,1.5097882114094896,-0.9070742518556405,1.3810171355266774,-1.052362135079183,-1.3501887122361986,1.1945547843381912,-1.5097882114094858,-1.0500994255839482,-0.8070075974624202,-1.1651004794385953,-1.284867525886302,1.1379736053352763,93502.77
0.5879646291118369,0.7538797357696422,0.6483330482261644,-0.4169108333665442,-1.052362135079183,1.325471462806349,1.1945547843381912,-0.7538797357696385,0.9522907789840104,1.6833645848809402,0.1957460764198301,-0.24737127733645523,-0.4991774591537944,97394.95
0.5879646291118369,0.7538797357696422,1.1432353709794654,1.3810171355266774,0.9502432353523981,0.04623635299642901,-0.020213536197862498,-0.7538797357696385,0.9522907789840104,0.3707942486655115,-0.42052906519479855,-0.027296315522851333,2.062366028251568,79206.1
-0.4055756013057161,-1.5138456911499003,0.6483330482261644,-1.315874817813155,0.9502432353523981,1.058293613924157,-0.020213536197862498,1.5138456911499036,-1.0500994255839482,-0.1930403868908857,2.022991213344247,1.827621219763239,0.5993057439214935,18271.73
-0.4055756013057161,-0.9091189106380223,1.1432353709794654,-0.4169108333665442,0.9502432353523981,-0.5800552344814713,-1.2349818567339161,0.9091189106380256,-1.0500994255839482,-0.8199261379321362,-0.15608413354688674,1.7364473070118882,0.2337897666176811,86045.62
0.09119451390306038,0.30033465038573365,-0.34147159728043885,1.3810171355266774,-1.052362135079183,-1.3386014167621276,-1.2349818567339161,-0.30033465038573015,-1.0500994255839482,-1.1182528954045494,-1.042900116379561,-0.4045676786318866,-1.6196282426233282,42996.21
-0.9023457165144926,-0.9091189106380223,-1.1898755791432414,1.3810171355266774,0.9502432353523981,-1.5467914982558788,-0.020213536197862498,0.9091189106380256,0.9522907789840104,-1.315890223440455,-1.13411279998585,-0.44229481494278994,1.1026041036699394,74341.57
1.58150485952939,-1.5138456911499003,0.8604340436918649,1.3810171355266774,0.9502432353523981,0.15626367313107675,-1.2349818567339161,1.5138456911499036,-1.0500994255839482,-0.5846131763775029,0.9366025087974127,2.0634158217063856,-1.021296133371345,55470.46
0.5879646291118369,-1.6650273862778697,-0.4828722609242394,1.3810171355266774,-1.052362135079183,1.1697419084788552,1.1945547843381912,1.665027386277873,0.9522907789840104,-0.18997063720782315,2.292983851245705,0.6580799941252292,2.062366028251568,83717.58
-0.9023457165144926,-0.3043921301261443,0.6483330482261644,1.3810171355266774,-1.052362135079183,1.0116671687263998,1.1945547843381912,0.30439213012614774,0.9522907789840104,0.2999428009112031,0.9416270565559418,0.7209585546434022,1.1026041036699394,45423.04
-1.3991158317232693,1.3586065162815202,-0.7656735882118402,-0.4169108333665442,0.9502432353523981,-0.1518567232686702,-0.020213536197862498,-1.3586065162815164,0.9522907789840104,1.0450098079335501,-0.8043526433381931,-1.1779739730054088,0.47660365932963433,10870.41
0.5879646291118369,-1.0603006057659918,-1.4726769064308425,1.3810171355266774,-1.052362135079183,0.11050367575042369,-1.2349818567339161,1.0603006057659952,0.9522907789840104,-0.5048832925176451,0.6272783699992716,-0.6623697767563941,-0.9671453726489531,57898.25
-0.4055756013057161,1.5097882114094896,-1.1898755791432414,1.3810171355266774,-1.052362135079183,-1.5396635208805032,-0.020213536197862498,-1.5097882114094858,-1.0500994255839482,-1.1634301092657422,-1.2107404926129617,-1.3477460864044746,0.5993057439214935,96724.18
1.58150485952939,0.6026980406416726,1.7088380255546678,-1.315874817813155,-1.052362135079183,-0.6359815529161448,-1.2349818567339161,-0.6026980406416691,-1.0500994255839482,-0.41577081433973256,-0.7004144076164002,0.409709680078448,0.69675831515521,55061.49
1.0847347443206135,0.6026980406416726,1.284636034623266,-0.4169108333665442,-1.052362135079183,-1.4605972694103722,-0.020213536197862498,-0.6026980406416691,0.9522907789840104,-1.191366280165271,-1.1374014633337841,0.20221043036847836,1.1512285520161478,33128.99
-1.3991158317232693,1.0562431260255811,-0.7656735882118402,1.3810171355266774,-1.052362135079183,1.635324754840304,1.1945547843381912,-1.0562431260255776,0.9522907789840104,2.7500315536234785,0.028626991047644938,-1.0270654277617948,0.47660365932963433,52649.97
-1.3991158317232693,-0.7579372155100528,-0.12937060181473833,-0.4169108333665442,-1.052362135079183,-0.022732893245050095,-0.020213536197862498,0.7579372155100562,0.9522907789840104,-0.4942876447247946,0.32942976844449695,0.4442928883634427,-0.32573604007393053,87327.78
0.5879646291118369,1.5097882114094896,0.4362320527604633,0.48205315108006663,-1.052362135079183,-0.1535896189028782,1.1945547843381912,-1.5097882114094858,0.9522907789840104,1.443924109602055,-0.8768679762635133,-0.9861943634249826,-0.9671453726489531,80499.29
0.09119451390306038,-0.002028739870205314,-0.2707712654585386,1.3810171355266774,0.9502432353523981,0.3398812945317583,1.1945547843381912,0.002028739870208805,-1.0500994255839482,0.034551893835040745,0.19987290646297287,-0.16877307668873953,1.1379736053352763,96460.36
-0.4055756013057161,0.4515163455137032,-0.5535725927461393,-0.4169108333665442,0.9502432353523981,1.2928583669705542,-0.020213536197862498,-0.4515163455136996,-1.0500994255839482,1.1856037543519355,0.46342958177253596,-0.6120669283418557,0.5993057439214935,30490.98
0.5879646291118369,-0.9091189106380223,1.284636034623266,-1.315874817813155,-1.052362135079183,-0.7903016854611494,1.1945547843381912,0.9091189106380256,0.9522907789840104,-0.9277887398628719,-0.36878646383121283,1.8684922841000506,0.37516262445382653,76352.52
-0.9023457165144926,-0.3043921301261443,-1.048474915499441,1.3810171355266774,0.9502432353523981,0.3978293245396744,1.1945547843381912,0.30439213012614774,0.9522907789840104,-0.08495555370452551,0.4389062490427985,-0.5617640799273179,-0.23600717548390576,18379.2
0.09119451390306038,-1.3626639960219307,1.5674373619108672,-0.4169108333665442,-1.052362135079183,-0.5181099918773154,-1.2349818567339161,1.362663996021934,-1.0500994255839482,-0.8577329904354611,0.06994538112221306,2.670193930706751,1.1379736053352763,14489.2
0.5879646291118369,1.0562431260255811,0.6483330482261644,0.48205315108006663,0.9502432353523981,-0.2075173310394317,1.1945547843381912,-1.0562431260255776,0.9522907789840104,0.43897532472156353,-0.6816085293752949,-0.5240369436164143,-0.4991774591537944,58358.86
0.09119451390306038,0.7538797357696422,1.1432353709794654,-1.315874817813155,-1.052362135079183,-0.7679473317798661,-0.020213536197862498,-0.7538797357696385,-1.0500994255839482,-0.46460601878550534,-0.8127643640761647,-0.027296315522851333,1.1379736053352763,44091.05
0.09119451390306038,-0.7579372155100528,0.22413105729476276,1.3810171355266774,-1.052362135079183,-0.34403484910233934,-0.020213536197862498,0.7579372155100562,-1.0500994255839482,-0.6669743780820634,0.0198535117758847,0.7586856909543054,1.1379736053352763,72934.63
-0.4055756013057161,0.30033465038573365,-1.614077570074643,-1.315874817813155,0.9502432353523981,1.3779897531604135,-1.2349818567339161,-0.30033465038573015,-1.0500994255839482,1.0718330025295304,0.6584430328577782,-1.1402468366945053,0.2337897666176811,87828.26
-0.4055756013057161,1.2074248211535505,1.3553363664451665,1.3810171355266774,0.9502432353523981,0.46570107021282175,-1.2349818567339161,-1.207424821153547,-1.0500994255839482,1.6146487759472103,-0.5239975713742565,-0.44229481494278994,-0.48592130799853095,42546.44
0.09119451390306038,0.4515163455137032,-0.6949732563899399,-0.4169108333665442,-1.052362135079183,1.2290069391687695,-1.2349818567339161,-0.4515163455136996,-1.0500994255839482,1.1301677193239508,0.426516854087923,-0.687521200963663,-1.6196282426233282,37160.83
1.58150485952939,-0.6067555203820832,0.931134375513765,-0.4169108333665442,0.9502432353523981,-1.1525577414735548,-0.020213536197862498,0.6067555203820867,-1.0500994255839482,-1.0881969470431996,-0.783051744317127,1.2365627508924169,-1.021296133371345,86765.44
0.5879646291118369,1.3586065162815202,-0.8363739200337406,0.48205315108006663,-1.052362135079183,0.5115419360564045,1.1945547843381912,-1.3586065162815164,0.9522907789840104,2.1146592013221386,-0.6125961321602297,-1.1968375411608607,-0.4991774591537944,18929.93
1.58150485952939,0.4515163455137032,1.284636034623266,1.3810171355266774,-1.052362135079183,0.2682895995638444,-1.2349818567339161,-0.4515163455136996,-1.0500994255839482,0.2960695335220277,-0.12887710904802818,0.36883861574163546,0.3674671920348336,91318.02
0.5879646291118369,0.30033465038573365,1.7088380255546678,1.3810171355266774,-1.052362135079183,1.012302563792276,-0.020213536197862498,-0.30033465038573015,0.9522907789840104,0.7770200158138507,0.4294209402868602,0.7806931871356659,-0.9671453726489531,80127.96
0.09119451390306038,-0.6067555203820832,1.213935702801366,-1.315874817813155,-1.052362135079183,0.0152983896070352,-0.020213536197862498,0.6067555203820867,-1.0500994255839482,-0.4291380167670373,0.28592246096471213,1.4755012808614723,0.07785883467789716,68599.65
-0.4055756013057161,0.7538797357696422,-0.6242729245680396,-1.315874817813155,-1.052362135079183,-1.6291502514310052,-0.020213536197862498,-0.7538797357696385,-1.0500994255839482,-1.348250782072348,-1.227651312688605,-0.813278322000008,-0.48592130799853095,35955.19
1.58150485952939,-1.5138456911499003,0.6483330482261644,0.48205315108006663,0.9502432353523981,0.85680406221601,-0.020213536197862498,1.5138456911499036,-1.0500994255839482,-0.28050735694001605,1.7803208061208693,1.827621219763239,-1.021296133371345,59551.72
-1.3991158317232693,1.8121516016654287,0.36553172093856334,1.3810171355266774,-1.052362135079183,-1.0039561645214368,-1.2349818567339161,-1.8121516016654249,0.9522907789840104,0.4504569352170264,-1.1437967976595769,-1.2534282456272159,-0.32573604007393053,32778.28
-1.3991158317232693,-1.3626639960219307,0.36553172093856334,-0.4169108333665442,-1.052362135079183,0.45593909147344996,-1.2349818567339161,1.362663996021934,0.9522907789840104,-0.41798310698661867,1.1961475602430547,1.3874712961360307,-0.38744411323898026,43215.92
-0.9023457165144926,-0.6067555203820832,0.6483330482261644,-0.4169108333665442,0.9502432353523981,-1.4136473503608962,-1.2349818567339161,0.6067555203820867,0.9522907789840104,-1.2355382451363963,-1.0220349972538127,0.9976242209233613,-0.26764155666356654,77642.94
0.09119451390306038,-0.002028739870205314,0.294831389116663,0.48205315108006663,-1.052362135079183,1.0144744596538169,-0.020213536197862498,0.002028739870208805,-1.0500994255839482,0.5104202798724325,0.6873536617749858,0.2084982864202957,-1.6196282426233282,28173.59
1.58150485952939,-1.6650273862778697,-0.2707712654585386,-1.315874817813155,0.9502432353523981,1.3234728565082292,1.1945547843381912,1.665027386277873,-1.0500994255839482,-0.12570742338526752,2.4855406836107266,0.9033063801461025,-1.2207387173533923,84690.37
0.09119451390306038,-0.3043921301261443,-0.7656735882118402,1.3810171355266774,-1.052362135079183,-1.57887317276385,-0.020213536197862498,0.30439213012614774,-1.0500994255839482,-1.3244189494242085,-1.1799732075900324,-0.34797697416553136,-1.6196282426233282,40708.87
1.58150485952939,1.2074248211535505,0.931134375513765,1.3810171355266774,0.9502432353523981,-0.33818921449627765,-1.2349818567339161,-1.207424821153547,-1.0500994255839482,0.4804956534012921,-0.7950910683216131,-0.5743397920309524,0.3674671920348336,55556.15
-0.9023457165144926,-0.9091189106380223,0.7190333800480644,-0.4169108333665442,-1.052362135079183,-1.5571195562357587,1.1945547843381912,0.9091189106380256,0.9522907789840104,-1.3211888204032594,-1.1445614995448472,1.3403123757474014,2.122442554249507,69719.28
-1.3991158317232693,-0.7579372155100528,-0.9070742518556405,1.3810171355266774,0.9502432353523981,-0.9086815625526798,-1.2349818567339161,0.7579372155100562,0.9522907789840104,-0.9704490213860284,-0.5241867989150075,-0.24737127733645523,-0.32573604007393053,66332.39
0.09119451390306038,1.2074248211535505,0.4362320527604633,0.48205315108006663,0.9502432353523981,1.0278408613123413,1.1945547843381912,-1.207424821153547,-1.0500994255839482,2.407732871513235,-0.3344288644983288,-0.7283922653004753,1.1379736053352763,72602.73
0.5879646291118369,1.660969906537459,0.8604340436918649,-0.4169108333665442,-1.052362135079183,-0.2617107538398971,1.1945547843381912,-1.6609699065374555,0.9522907789840104,1.7622508550989793,-0.9697174780972982,-1.039641139865429,2.062366028251568,92220.58
-1.3991158317232693,0.9050614308976117,-0.9777745836775408,0.48205315108006663,-1.052362135079183,0.903072375649364,-1.2349818567339161,-0.905061430897608,0.9522907789840104,1.5117576092876162,-0.13066530930812492,-1.0364972118395206,0.3338715005351011,28608.8
0.5879646291118369,-1.0603006057659918,0.36553172093856334,0.48205315108006663,0.9502432353523981,1.0300820729992504,-1.2349818567339161,1.0603006057659952,0.9522907789840104,-0.05362434727253642,1.6018992710499458,1.1359570540633406,-0.9671453726489531,6126.25
-0.4055756013057161,1.0562431260255811,1.213935702801366,0.48205315108006663,0.9502432353523981,1.4157553253485868,1.1945547843381912,-1.0562431260255776,-1.0500994255839482,2.47467573144459,-0.05599556517619572,-0.32282554995826224,0.2337897666176811,16903.59
-0.4055756013057161,-0.1532104349981748,-1.614077570074643,-1.315874817813155,-1.052362135079183,1.6678916401258534,1.1945547843381912,0.15321043499817827,-1.0500994255839482,0.8337398960532671,1.3192968437637962,-1.0270654277617948,-0.48592130799853095,35874.23
-0.4055756013057161,-0.002028739870205314,-0.5535725927461393,-0.4169108333665442,0.9502432353523981,0.5451601113600401,1.1945547843381912,0.002028739870208805,-1.0500994255839482,0.17935872601524067,0.3482133846219844,-0.3574087582432572,-0.48592130799853095,88740.1
1.58150485952939,-0.6067555203820832,1.4967370300889666,1.3810171355266774,-1.052362135079183,-0.21011667449074375,-0.020213536197862498,0.6067555203820867,-1.0500994255839482,-0.5563470171384733,0.07959320294256125,1.7144398108305277,-1.021296133371345,57566.7
1.0847347443206135,-0.4555738252541138,-0.12937060181473833,-0.4169108333665442,0.9502432353523981,-0.5796971027170684,1.1945547843381912,0.4555738252541172,0.9522907789840104,-0.73316995703621,-0.3101815813574517,0.23679363865347328,-0.4721873181544019,32161.1
-0.4055756013057161,-1.0603006057659918,-1.4726769064308425,0.48205315108006663,0.9502432353523981,-0.518364149903666,-1.2349818567339161,1.0603006057659952,-1.0500994255839482,-0.8134836604169591,-0.03923111816883926,-0.6623697767563941,-0.48592130799853095,64063.13
0.5879646291118369,1.3586065162815202,-0.8363739200337406,1.3810171355266774,0.9502432353523981,1.0734044638544509,1.1945547843381912,-1.3586065162815164,0.9522907789840104,3.0205939715829007,-0.4501888125527442,-1.1968375411608607,2.062366028251568,11167.74
-0.9023457165144926,-0.6067555203820832,-1.684777901896543,0.48205315108006663,0.9502432353523981,-1.2290362021299355,-0.020213536197862498,0.6067555203820867,0.9522907789840104,-1.1313562122368706,-0.8530548033631827,-0.973618651321348,1.1026041036699394,55368.39
-0.9023457165144926,1.660969906537459,0.5069323845823639,1.3810171355266774,-1.052362135079183,-1.3312770445482085,1.1945547843381912,-1.6609699065374555,0.9522907789840104,-0.652112341372587,-1.1758241154832716,-1.1025197003836016,2.122442554249507,90639.13
1.58150485952939,-0.4555738252541138,-0.2707712654585386,-1.315874817813155,0.9502432353523981,0.6565621953644929,-1.2349818567339161,0.4555738252541172,-1.0500994255839482,0.0012100918809343072,0.7618469790527446,0.1236122297207629,0.3674671920348336,72016.11
-0.4055756013057161,0.4515163455137032,-1.1191752473213412,-0.4169108333665442,-1.052362135079183,0.9253458608677178,-0.020213536197862498,-0.4515163455136996,-1.0500994255839482,0.8665280991483428,0.25096935143005294,-0.9138840188290842,-0.48592130799853095,69759.19
-1.3991158317232693,0.30033465038573365,0.5776327164042638,1.3810171355266774,-1.052362135079183,0.5357100538348257,-1.2349818567339161,-0.30033465038573015,0.9522907789840104,0.3927963804449036,0.13094120922852198,0.12675615774667134,-0.32573604007393053,15495.96
0.09119451390306038,-0.6067555203820832,1.6381376937327672,-1.315874817813155,0.9502432353523981,-0.5549166951478938,-1.2349818567339161,0.6067555203820867,-1.0500994255839482,-0.7509288039919934,-0.2360127336569222,1.8339090758150558,0.07785883467789716,83801.61
-1.3991158317232693,0.9050614308976117,-1.5433772382527424,1.3810171355266774,-1.052362135079183,1.553601396731054,-0.020213536197862498,-0.905061430897608,0.9522907789840104,2.245986679697166,0.1513894712130277,-1.2628600297049417,-0.32573604007393053,71072.92
0.09119451390306038,-0.3043921301261443,1.4260366982670667,0.48205315108006663,0.9502432353523981,1.462566612747326,-1.2349818567339161,0.30439213012614774,-1.0500994255839482,0.5826729319130455,1.31090460233149,1.3088730954883152,0.07785883467789716,59630.85
-0.4055756013057161,-0.9091189106380223,0.22413105729476276,1.3810171355266774,0.9502432353523981,0.5103982249378273,-0.020213536197862498,0.9091189106380256,-1.0500994255839482,-0.26049149887272965,0.9471068635154539,0.8781549559388331,0.2337897666176811,62317.77
-1.3991158317232693,-0.002028739870205314,0.01203006182906223,-1.315874817813155,0.9502432353523981,-0.8024319549006056,1.1945547843381912,0.002028739870208805,0.9522907789840104,-0.7712534277444509,-0.6255960642098224,0.019862604865778073,-0.38744411323898026,7975.57
-1.3991158317232693,-1.5138456911499003,-1.5433772382527424,-0.4169108333665442,-1.052362135079183,0.1422503237691146,1.1945547843381912,1.5138456911499036,0.9522907789840104,-0.5906963960707311,0.9197250818171961,-0.6089230003159473,0.47660365932963433,16289.72
0.09119451390306038,-0.7579372155100528,-1.4726769064308425,0.48205315108006663,-1.052362135079183,-0.3991524829077157,-0.020213536197862498,0.7579372155100562,-1.0500994255839482,-0.6965978645212814,-0.03325264098428894,-0.7503997614818355,0.07785883467789716,34629.56
-0.9023457165144926,0.6026980406416726,0.36553172093856334,-1.315874817813155,-1.052362135079183,0.7440849775295592,1.1945547843381912,-0.6026980406416691,0.9522907789840104,0.8822560388251051,0.030921653255045985,-0.24737127733645523,-0.23600717548390576,47155.14
-1.3991158317232693,0.14915295525776417,1.4967370300889666,1.3810171355266774,-1.052362135079183,-0.9317059692125237,1.1945547843381912,-0.14915295525776068,0.9522907789840104,-0.8287393523434228,-0.7535417093370107,0.8341399635761122,-0.32573604007393053,16394.32
0.5879646291118369,-1.3626639960219307,-0.34147159728043885,-0.4169108333665442,0.9502432353523981,-0.3930295850001807,-0.020213536197862498,1.362663996021934,0.9522907789840104,-0.8012634600122737,0.21456419879592514,0.6329285699179603,-0.4991774591537944,73959.9
0.5879646291118369,-0.1532104349981748,0.7897337118699643,1.3810171355266774,0.9502432353523981,-0.9920685004707697,-1.2349818567339161,0.15321043499817827,0.9522907789840104,-0.9322617625653842,-0.7310125009558346,0.6832314183324982,-0.4991774591537944,55705.49
1.58150485952939,-0.6067555203820832,-0.6949732563899399,-1.315874817813155,0.9502432353523981,0.8554986141715732,1.1945547843381912,0.6067555203820867,-1.0500994255839482,0.04501410392862727,1.0549832582912293,-0.13733379642965327,0.3674671920348336,47981.28
-1.3991158317232693,-0.9091189106380223,0.0827303936509625,1.3810171355266774,0.9502432353523981,-0.34542116560970576,-1.2349818567339161,0.9091189106380256,0.9522907789840104,-0.6995519720321834,0.08129068529341568,0.7461099788506712,0.3338715005351011,97771.6
1.58150485952939,-1.6650273862778697,0.7190333800480644,-1.315874817813155,-1.052362135079183,0.8871181831770889,-0.020213536197862498,1.665027386277873,-1.0500994255839482,-0.3081141152986775,1.938981420421485,2.0476961815768426,-1.2207387173533923,9731.03
0.5879646291118369,-0.6067555203820832,0.6483330482261644,1.3810171355266774,-1.052362135079183,1.176569517277635,-1.2349818567339161,0.6067555203820867,0.9522907789840104,0.22620478342447362,1.348869212522042,0.9976242209233613,-0.4991774591537944,17954.74
1.58150485952939,0.6026980406416726,1.5674373619108672,1.3810171355266774,0.9502432353523981,1.0468911606510682,-1.2349818567339161,-0.6026980406416691,-1.0500994255839482,1.1670615524180832,0.19138716436347203,0.3405432635084581,0.69675831515521,58937.32
0.5879646291118369,-0.1532104349981748,-0.6949732563899399,-1.315874817813155,0.9502432353523981,0.2031673816303071,-1.2349818567339161,0.15321043499817827,0.9522907789840104,-0.13872034139296652,0.19028073980166915,-0.3731283983728003,0.37516262445382653,97245.49
-1.3991158317232693,-1.2114823008939613,-0.7656735882118402,-1.315874817813155,0.9502432353523981,-1.5836444120767028,-1.2349818567339161,1.2114823008939646,0.9522907789840104,-1.337566661127215,-1.1651539083912779,0.10474866156531086,-0.38744411323898026,94827.57
-0.4055756013057161,-0.9091189106380223,-0.9777745836775408,-0.4169108333665442,0.9502432353523981,-1.1208573040051095,-1.2349818567339161,0.9091189106380256,-1.0500994255839482,-1.0973734768838148,-0.7032032876361155,-0.24422734931054654,0.2337897666176811,15792.23
1.58150485952939,1.0562431260255811,0.36553172093856334,-1.315874817813155,0.9502432353523981,-0.9834617854875365,1.1945547843381912,-1.0562431260255776,-1.0500994255839482,-0.5341147075033784,-0.9806592823654288,-0.6246426404454904,-1.2207387173533923,65128.56
1.0847347443206135,-0.4555738252541138,-1.684777901896543,-0.4169108333665442,0.9502432353523981,0.8307759697902055,-0.020213536197862498,0.4555738252541172,0.9522907789840104,0.10469899617741339,0.9129173427628842,-1.008201859606343,-0.4721873181544019,73407.43
1.58150485952939,-0.002028739870205314,0.7897337118699643,0.48205315108006663,-1.052362135079183,0.19406390323193431,-0.020213536197862498,0.002028739870208805,-1.0500994255839482,-0.06830993495546427,0.09450099384419618,0.5386107291407015,-1.021296133371345,20281.08
0.5879646291118369,-0.1532104349981748,-0.6242729245680396,-0.4169108333665442,-1.052362135079183,0.4805577621167652,-1.2349818567339161,0.15321043499817827,0.9522907789840104,0.0454447761768279,0.40409450361211213,-0.32282554995826224,0.37516262445382653,65102.64
1.0847347443206135,0.30033465038573365,0.5776327164042638,-0.4169108333665442,-1.052362135079183,1.5879358355634954,-1.2349818567339161,-0.30033465038573015,0.9522907789840104,1.2410892231520123,0.7899277895486001,0.12675615774667134,1.1512285520161478,9983.75
0.5879646291118369,1.660969906537459,0.22413105729476276,1.3810171355266774,0.9502432353523981,-0.24748945700183,-0.020213536197862498,-1.6609699065374555,0.9522907789840104,1.7943530034091963,-0.9669770180659518,-1.1528225487981398,2.062366028251568,32860.28
-0.4055756013057161,0.6026980406416726,-0.5535725927461393,-1.315874817813155,-1.052362135079183,-1.6059294499326178,-1.2349818567339161,-0.6026980406416691,-1.0500994255839482,-1.3280590183667762,-1.2144170724194352,-0.6969529850413888,0.2337897666176811,92510.06
-1.3991158317232693,0.14915295525776417,-1.401976574608942,1.3810171355266774,-1.052362135079183,0.732520787330611,1.1945547843381912,-0.14915295525776068,0.9522907789840104,0.42349652011165473,0.3689026334451524,-0.9704747232954394,-0.38744411323898026,11200.65
0.09119451390306038,1.3586065162815202,1.4967370300889666,0.48205315108006663,-1.052362135079183,-1.5826393326088621,1.1945547843381912,-1.3586065162815164,-1.0500994255839482,-1.2619525722869724,-1.2179227908876424,-0.5743397920309526,-0.7470670257026498,85808.73
-0.9023457165144926,1.3586065162815202,0.5069323845823639,0.48205315108006663,0.9502432353523981,0.9718452270522996,1.1945547843381912,-1.3586065162815164,0.9522907789840104,2.856842094018136,-0.4795446827423074,-0.838429746207277,-0.23600717548390576,12283.88
1.58150485952939,-1.5138456911499003,-0.34147159728043885,-1.315874817813155,-1.052362135079183,-1.3783078320606141,1.1945547843381912,1.5138456911499036,-1.0500994255839482,-1.250773375479396,-0.9116079265390324,0.7272464106952191,0.3674671920348336,90478.61
-1.3991158317232693,-0.9091189106380223,1.0018347073356655,0.48205315108006663,0.9502432353523981,0.5846354739072988,-1.2349818567339161,0.9091189106380256,0.9522907789840104,-0.22240561063673264,1.02221127443952,1.6044023299237262,-0.32573604007393053,34513.51
-0.9023457165144926,1.660969906537459,-1.331276242787042,1.3810171355266774,-1.052362135079183,-0.10687075260463005,-0.020213536197862498,-1.6609699065374555,0.9522907789840104,2.1117757079030706,-0.9398796342304108,-1.429488215078099,2.122442554249507,78949.96
1.0847347443206135,-1.6650273862778697,-0.4828722609242394,-0.4169108333665442,-1.052362135079183,0.9158842507049421,-1.2349818567339161,1.665027386277873,0.9522907789840104,-0.29608921093118956,1.9750125703868346,0.6580799941252292,1.1512285520161478,15601.56
0.5879646291118369,-1.2114823008939613,-0.8363739200337406,1.3810171355266774,0.9502432353523981,-0.3333833172707407,1.1945547843381912,1.2114823008939646,0.9522907789840104,-0.749597734005532,0.22017479537919182,0.03243831696941253,-0.4991774591537944,92452.65
0.5879646291118369,1.2074248211535505,-1.684777901896543,-0.4169108333665442,-1.052362135079183,-0.9340627072750466,1.1945547843381912,-1.207424821153547,0.9522907789840104,-0.36018098535412824,-0.9960356897062177,-1.3886171507412868,0.37516262445382653,93816.62
0.09119451390306038,-1.5138456911499003,0.1534307254728628,0.48205315108006663,-1.052362135079183,1.7488178662433678,1.1945547843381912,1.5138456911499036,-1.0500994255839482,0.10671740989694815,2.854646254944828,1.2774338152292288,1.1379736053352763,19754.74
-0.9023457165144926,-1.0603006057659918,1.284636034623266,0.48205315108006663,0.9502432353523981,1.2978722116721961,1.1945547843381912,1.0603006057659952,0.9522907789840104,0.07778662963397776,1.885718320112806,2.035120469473208,2.122442554249507,8218.17
0.5879646291118369,-0.4555738252541138,0.22413105729476276,-1.315874817813155,-1.052362135079183,1.6219236952690954,1.1945547843381912,0.4555738252541172,0.9522907789840104,0.5746676396808278,1.5989651310651247,0.5197471609852495,2.062366028251568,50813.9
0.09119451390306038,1.2074248211535505,0.0827303936509625,-1.315874817813155,0.9502432353523981,1.1677779600934195,-1.2349818567339161,-1.207424821153547,-1.0500994255839482,2.6051604316684225,-0.28723829859298533,-0.8384297462072771,1.1379736053352763,59347.16
-1.3991158317232693,-0.9091189106380223,-1.4726769064308425,1.3810171355266774,-1.052362135079183,-1.4312420173668883,1.1945547843381912,0.9091189106380256,0.9522907789840104,-1.2566099473532404,-1.0172135908257958,-0.7063847691191147,0.3338715005351011,63510.95
0.09119451390306038,0.9050614308976117,0.1534307254728628,-1.315874817813155,-1.052362135079183,-0.9964007395562897,1.1945547843381912,-0.905061430897608,-1.0500994255839482,-0.6321104341801124,-0.9542342128511442,-0.5837715761086781,0.07785883467789716,80018.5
0.5879646291118369,-0.9091189106380223,-0.41217192910233913,1.3810171355266774,0.9502432353523981,-0.17522770905535565,-1.2349818567339161,0.9091189106380256,0.9522907789840104,-0.6122377321484755,0.2534721639322799,0.2839525590421027,-0.9671453726489531,82138.86
-0.4055756013057161,1.0562431260255811,0.36553172093856334,0.48205315108006663,0.9502432353523981,-0.2467847461105854,-0.020213536197862498,-1.0562431260255776,-1.0500994255839482,0.3897311681612117,-0.6967422802226503,-0.6246426404454904,-2.1422224185336938,23422.9
-0.4055756013057161,-0.002028739870205314,-0.41217192910233913,-0.4169108333665442,0.9502432353523981,-1.0748662538732288,1.1945547843381912,0.002028739870208805,-1.0500994255839482,-0.9634327690958762,-0.8224650582976051,-0.26309091746599833,-0.48592130799853095,27480.49
-0.4055756013057161,-1.5138456911499003,-1.401976574608942,0.48205315108006663,0.9502432353523981,1.7551371589894464,-1.2349818567339161,1.5138456911499036,-1.0500994255839482,0.10946062603231155,2.8622570979441506,-0.451726599020516,-2.1422224185336938,82854.17
0.5879646291118369,-0.002028739870205314,-1.1191752473213412,-1.315874817813155,-1.052362135079183,-0.987539866546706,1.1945547843381912,0.002028739870208805,0.9522907789840104,-0.9018313934163145,-0.7593604562151036,-0.7346801213522924,-0.9671453726489531,74842.47
1.0847347443206135,1.3586065162815202,-0.2000709336366383,-0.4169108333665442,-1.052362135079183,-0.09705101067745128,-1.2349818567339161,-1.3586065162815164,0.9522907789840104,1.1333773323525294,-0.7885109588677929,-1.0270654277617945,-0.3906307080330218,85431.19
-1.3991158317232693,-1.5138456911499003,1.3553363664451665,1.3810171355266774,-1.052362135079183,-0.56504835828923,1.1945547843381912,1.5138456911499036,0.9522907789840104,-0.8977360024171532,0.06786721748349506,2.6136032262403956,-0.38744411323898026,8434.5
0.09119451390306038,1.5097882114094896,1.7795383573765677,0.48205315108006663,-1.052362135079183,-0.14640387833969562,1.1945547843381912,-1.5097882114094858,-1.0500994255839482,1.4574412611380383,-0.8751371008172323,-0.687521200963663,1.1379736053352763,35535.02
0.09119451390306038,-1.3626639960219307,0.294831389116663,-0.4169108333665442,0.9502432353523981,-0.21257738629131914,1.1945547843381912,1.362663996021934,-1.0500994255839482,-0.7197954573143716,0.4232042590215999,1.3120170235142237,1.1379736053352763,77537.37
0.5879646291118369,-0.002028739870205314,1.1432353709794654,-0.4169108333665442,-1.052362135079183,0.2947682448545429,-0.020213536197862498,0.002028739870208805,0.9522907789840104,0.0027284552811727325,0.16727289705271114,0.7744053310838486,2.062366028251568,96219.59
-0.4055756013057161,0.6026980406416726,-0.6242729245680396,-0.4169108333665442,-1.052362135079183,-0.3710218104457389,-0.020213536197862498,-0.6026980406416691,-1.0500994255839482,-0.1665619152418367,-0.5600047896212169,-0.7315361933263838,-2.1422224185336938,31232.96
-0.4055756013057161,1.3586065162815202,-0.6949732563899399,-0.4169108333665442,0.9502432353523981,-0.2536816707347333,-0.020213536197862498,-1.3586065162815164,-1.0500994255839482,0.8808295043439882,-0.8337853176472375,-1.159110404849957,0.2337897666176811,28419.05
1.0847347443206135,1.8121516016654287,-0.34147159728043885,-0.4169108333665442,0.9502432353523981,-0.9069140090057877,1.1945547843381912,-1.8121516016654249,0.9522907789840104,0.7242770467176577,-1.1297716975803862,-1.3477460864044746,1.1512285520161478,58543.58
1.58150485952939,-1.6650273862778697,0.6483330482261644,1.3810171355266774,0.9502432353523981,1.437324099675696,1.1945547843381912,1.665027386277873,-1.0500994255839482,-0.0781148801958721,2.6281458976302123,1.9659540529032182,0.69675831515521,82109.97
-1.3991158317232693,-1.3626639960219307,-0.6242729245680396,-0.4169108333665442,-1.052362135079183,1.097364634156767,-1.2349818567339161,1.362663996021934,0.9522907789840104,-0.12840138830589387,1.9377681379543168,0.3311114794307323,0.3338715005351011,58196.1
-0.9023457165144926,1.2074248211535505,-1.2605759109651418,0.48205315108006663,0.9502432353523981,1.3264418843615056,-1.2349818567339161,-1.207424821153547,0.9522907789840104,2.8290083728201885,-0.23373254179087274,-1.2565721736531246,-0.26764155666356654,64982.02
1.0847347443206135,-0.4555738252541138,-1.331276242787042,-0.4169108333665442,-1.052362135079183,1.103603058439916,-0.020213536197862498,0.4555738252541172,0.9522907789840104,0.2667675614204939,1.1495007452415753,-0.7252483372745665,-0.4721873181544019,46094.56
1.58150485952939,1.0562431260255811,0.294831389116663,-0.4169108333665442,0.9502432353523981,1.5866188348814974,-0.020213536197862498,-1.0562431260255776,-1.0500994255839482,2.688950834571274,0.009855619005147188,-0.6497940646527595,0.69675831515521,29259.73
1.58150485952939,0.4515163455137032,0.7190333800480644,0.48205315108006663,0.9502432353523981,-1.3043709516677386,-0.020213536197862498,-0.4515163455136996,-1.0500994255839482,-1.0693199089168346,-1.0380375251338512,0.06702152525440748,0.69675831515521,89019.71
1.0847347443206135,0.9050614308976117,0.7190333800480644,-0.4169108333665442,0.9502432353523981,0.06194794007991504,1.1945547843381912,-0.905061430897608,0.9522907789840104,0.5624102436619989,-0.49535798308159484,-0.3574087582432572,-0.4721873181544019,15692.68
0.5879646291118369,-0.1532104349981748,0.931134375513765,-0.4169108333665442,0.9502432353523981,1.7698783245177758,-0.020213536197862498,0.15321043499817827,0.9522907789840104,0.9014509309083814,1.3979086428108407,0.7838371151615743,-0.4991774591537944,69575.35
-0.9023457165144926,1.5097882114094896,0.8604340436918649,1.3810171355266774,-1.052362135079183,-1.6477846558175222,-0.020213536197862498,-1.5097882114094858,0.9522907789840104,-1.3668176031970443,-1.236784324287792,-0.8918765226477238,-0.23600717548390576,33444.21
1.58150485952939,0.7538797357696422,0.4362320527604633,-0.4169108333665442,-1.052362135079183,1.7434343371397616,-1.2349818567339161,-0.7538797357696385,-1.0500994255839482,2.112219035702643,0.3971008763265919,-0.34168911811371405,-1.2207387173533923,35708.31
1.58150485952939,-1.0603006057659918,-1.1191752473213412,1.3810171355266774,-1.052362135079183,-0.11455325658295226,-0.020213536197862498,1.0603006057659952,-1.0500994255839482,-0.6153240708228996,0.38875037626356895,-0.3165376939064451,-1.2207387173533923,29737.34
-1.3991158317232693,-0.002028739870205314,-1.684777901896543,-1.315874817813155,-1.052362135079183,0.5171449652736771,-0.020213536197862498,0.002028739870208805,0.9522907789840104,0.15959641142032904,0.3279688205195812,-1.1119514844613276,0.3338715005351011,76515.33
-0.9023457165144926,-0.1532104349981748,-0.7656735882118402,-0.4169108333665442,0.9502432353523981,0.44848764024635546,-1.2349818567339161,0.15321043499817827,0.9522907789840104,0.024152769747535264,0.3793747081709481,-0.42343124678733834,-0.23600717548390576,39743.01
1.58150485952939,0.4515163455137032,-0.2000709336366383,-1.315874817813155,0.9502432353523981,-0.716873121120975,-1.2349818567339161,-0.4515163455136996,-1.0500994255839482,-0.559252218431373,-0.6984030301685353,-0.4234312467873381,-1.021296133371345,74003.92
0.09119451390306038,-1.6650273862778697,1.213935702801366,-1.315874817813155,-1.052362135079183,-1.411544770324724,-1.2349818567339161,1.665027386277873,-1.0500994255839482,-1.2690102183959457,-0.9402258093196669,2.6198910822922135,0.07785883467789716,56988.37
-0.4055756013057161,1.2074248211535505,-1.048474915499441,0.48205315108006663,-1.052362135079183,-1.2611294292754678,-0.020213536197862498,-1.207424821153547,-1.0500994255839482,-0.8216167696811743,-1.1063314142456533,-1.1905496851090434,0.5993057439214935,56612.31
1.58150485952939,0.6026980406416726,-1.331276242787042,-0.4169108333665442,0.9502432353523981,0.7946508721357491,-1.2349818567339161,-0.6026980406416691,-1.0500994255839482,0.929815984382179,0.05771794268015675,-1.0773682761763326,-1.021296133371345,97705.95
0.09119451390306038,-1.5138456911499003,-1.401976574608942,0.48205315108006663,0.9502432353523981,-1.1360952329485787,1.1945547843381912,1.5138456911499036,-1.0500994255839482,-1.1456284586712964,-0.6198914104077706,-0.451726599020516,0.07785883467789716,24729.99
-0.9023457165144926,-0.6067555203820832,0.294831389116663,-1.315874817813155,-1.052362135079183,1.4640453503551836,-1.2349818567339161,0.6067555203820867,0.9522907789840104,0.38843667996213344,1.6120045782776389,0.6989510584620413,1.1026041036699394,21609.73
0.5879646291118369,0.4515163455137032,-1.4726769064308425,-0.4169108333665442,0.9502432353523981,-0.0933657192953689,-0.020213536197862498,-0.4515163455136996,0.9522907789840104,-0.017920891039410608,-0.3379512795142493,-1.1025197003836018,0.37516262445382653,19270.42
0.09119451390306038,-0.7579372155100528,-1.5433772382527424,-0.4169108333665442,-1.052362135079183,0.8249418878217052,1.1945547843381912,0.7579372155100562,-1.0500994255839482,-0.03869692632663545,1.146169227421177,-0.813278322000008,0.07785883467789716,67578.81
1.58150485952939,-0.4555738252541138,0.294831389116663,-0.4169108333665442,0.9502432353523981,-1.6379418086152207,-1.2349818567339161,0.4555738252541172,-1.0500994255839482,-1.3618032867023961,-1.2278438795388984,0.5763378654516051,-1.2207387173533923,92693.15
-0.9023457165144926,1.2074248211535505,0.1534307254728628,-0.4169108333665442,-1.052362135079183,1.2662873005793647,-1.2349818567339161,-1.207424821153547,0.9522907789840104,2.7441404370711537,-0.2540182907109688,-0.8164222500259166,-0.26764155666356654,58675.79
-0.4055756013057161,-1.6650273862778697,-0.9070742518556405,0.48205315108006663,0.9502432353523981,0.6762478897690959,-1.2349818567339161,1.665027386277873,-1.0500994255839482,-0.3962629423748861,1.674854279731717,0.16762722208348363,-2.1422224185336938,36281.01
0.09119451390306038,-0.6067555203820832,0.5069323845823639,0.48205315108006663,0.9502432353523981,-0.39668021846957896,-1.2349818567339161,0.6067555203820867,-1.0500994255839482,-0.6616308500104661,-0.09117407810498472,0.8781549559388331,0.07785883467789716,18330.66
1.58150485952939,1.660969906537459,1.1432353709794654,-1.315874817813155,-1.052362135079183,-0.5397596346673542,-1.2349818567339161,-1.6609699065374555,-1.0500994255839482,1.1346030033278183,-1.0232978128125303,-0.9893382914508912,0.69675831515521,40263.26
-1.3991158317232693,1.660969906537459,-1.614077570074643,-0.4169108333665442,-1.052362135079183,-1.2431766305050729,1.1945547843381912,-1.6609699065374555,0.9522907789840104,-0.45324070610555706,-1.1588470657683656,-1.479791063492637,-0.32573604007393053,71976.9
0.5879646291118369,-1.3626639960219307,0.01203006182906223,0.48205315108006663,-1.052362135079183,0.8079826158815895,-1.2349818567339161,1.362663996021934,0.9522907789840104,-0.25904748302930924,1.6031826790175099,1.0101999330269955,2.062366028251568,41570.33
-0.9023457165144926,-1.2114823008939613,0.6483330482261644,1.3810171355266774,0.9502432353523981,-0.3558185394149539,-1.2349818567339161,1.2114823008939646,0.9522907789840104,-0.7601485010002587,0.1953158620404169,1.5509555534832795,-0.26764155666356654,28378.94
0.09119451390306038,0.4515163455137032,-0.8363739200337406,-0.4169108333665442,-1.052362135079183,1.379087253728745,-1.2349818567339161,-0.4515163455136996,-1.0500994255839482,1.2604679782435368,0.5132787946254308,-0.7629754735854701,-1.6196282426233282,59853.9
0.09119451390306038,-0.9091189106380223,-0.6949732563899399,1.3810171355266774,-1.052362135079183,-1.1157972487532222,1.1945547843381912,0.9091189106380256,-1.0500994255839482,-1.094777519982575,-0.6980841261072109,0.019862604865778073,1.1379736053352763,44693.08
-0.4055756013057161,0.4515163455137032,0.4362320527604633,-1.315874817813155,0.9502432353523981,-0.11242757127165709,-1.2349818567339161,-0.4515163455136996,-1.0500994255839482,-0.0344704582180201,-0.348971001005042,-0.08388701998920675,-0.48592130799853095,20751.59
-0.4055756013057161,1.3586065162815202,1.4260366982670667,-0.4169108333665442,0.9502432353523981,-1.636312886719065,1.1945547843381912,-1.3586065162815164,-1.0500994255839482,-1.3484946292959477,-1.2334372230228614,-0.5932033601864042,-2.1422224185336938,19628.86
-1.3991158317232693,-1.3626639960219307,1.0725350391575654,-1.315874817813155,-1.052362135079183,-1.0328955216127105,-0.020213536197862498,1.362663996021934,0.9522907789840104,-1.0901410698348541,-0.5252531517622984,2.1420140223541013,-0.38744411323898026,72208.89
0.5879646291118369,1.3586065162815202,0.294831389116663,-1.315874817813155,0.9502432353523981,-0.8779053360891454,-1.2349818567339161,-1.3586065162815164,0.9522907789840104,-0.12565499121476104,-1.0142182301660256,-0.8950204506736325,0.37516262445382653,97593.83
-1.3991158317232693,1.3586065162815202,0.8604340436918649,-1.315874817813155,0.9502432353523981,-1.226367542853255,1.1945547843381912,-1.3586065162815164,0.9522907789840104,-0.6875077819081993,-1.1149418239014135,-0.7441119054300182,-0.38744411323898026,27143.94
1.58150485952939,0.30033465038573365,-0.4828722609242394,-1.315874817813155,0.9502432353523981,-0.5736435206349018,-0.020213536197862498,-0.30033465038573015,-1.0500994255839482,-0.5015522599278724,-0.5638232900832536,-0.48630980730551093,-1.2207387173533923,78449.12
1.58150485952939,1.2074248211535505,0.5069323845823639,-1.315874817813155,-1.052362135079183,-0.9772580191170718,1.1945547843381912,-1.207424821153547,-1.0500994255839482,-0.42112225897917943,-1.0106023144829104,-0.7063847691191146,0.69675831515521,13322.64
-1.3991158317232693,0.30033465038573365,-0.12937060181473833,-0.4169108333665442,-1.052362135079183,0.48747779201603586,1.1945547843381912,-0.30033465038573015,0.9522907789840104,0.35391206188996716,0.10073437165716972,-0.28195448562145015,-0.38744411323898026,41249.71
0.5879646291118369,-1.2114823008939613,-1.1191752473213412,1.3810171355266774,0.9502432353523981,1.6692664039956584,-0.020213536197862498,1.2114823008939646,0.9522907789840104,0.19220219314991313,2.439173814059241,-0.25680306141418124,2.062366028251568,53135.37
-1.3991158317232693,-0.002028739870205314,0.7190333800480644,-0.4169108333665442,0.9502432353523981,-1.333298756121451,-1.2349818567339161,0.002028739870208805,0.9522907789840104,-1.1457350278538858,-1.0092159444711144,0.4914518087520721,-0.38744411323898026,30530.96
0.5879646291118369,0.7538797357696422,0.22413105729476276,-0.4169108333665442,0.9502432353523981,-0.038640875167079695,-1.2349818567339161,-0.7538797357696385,0.9522907789840104,0.2837052287869342,-0.4614189105447247,-0.43600695889097285,0.37516262445382653,55309.95
0.5879646291118369,-0.7579372155100528,-0.4828722609242394,-0.4169108333665442,-1.052362135079183,-0.8018889809352204,1.1945547843381912,0.7579372155100562,0.9522907789840104,-0.9130523522088893,-0.4212915408737069,0.12990008577258003,0.37516262445382653,88848.37
-0.9023457165144926,-1.3626639960219307,-1.684777901896543,0.48205315108006663,0.9502432353523981,-0.9766457293263183,-1.2349818567339161,1.362663996021934,0.9522907789840104,-1.0647462103511098,-0.46021675910936555,-0.8007026098963735,2.122442554249507,14552.91
0.5879646291118369,0.14915295525776417,-0.6242729245680396,-0.4169108333665442,-1.052362135079183,-0.8689751472541934,1.1945547843381912,-0.14915295525776068,0.9522907789840104,-0.7815379807418854,-0.7112326574314521,-0.48630980730551093,-0.9671453726489531,30825.36
-0.4055756013057161,0.4515163455137032,-1.5433772382527424,1.3810171355266774,0.9502432353523981,-1.3994029482477064,-0.020213536197862498,-0.4515163455136996,-1.0500994255839482,-1.151827023832739,-1.0929758457297667,-1.1402468366945053,0.2337897666176811,98017.72
0.5879646291118369,0.9050614308976117,0.931134375513765,-0.4169108333665442,-1.052362135079183,0.6106058031452962,1.1945547843381912,-0.905061430897608,0.9522907789840104,1.1816609453471407,-0.2574722498812647,-0.2725227015437244,2.062366028251568,30689.75
0.5879646291118369,1.0562431260255811,0.7190333800480644,-1.315874817813155,-1.052362135079183,-1.0813588361827282,-0.020213536197862498,-1.0562431260255776,0.9522907789840104,-0.6568846347444551,-1.0183890277848135,-0.4988855194091454,0.37516262445382653,70807.2
0.5879646291118369,-1.6650273862778697,-0.5535725927461393,0.48205315108006663,-1.052362135079183,0.08422142529826876,-1.2349818567339161,1.665027386277873,0.9522907789840104,-0.6437441669597423,0.9333071668303933,0.5763378654516051,-0.4991774591537944,29078.1
1.58150485952939,-1.5138456911499003,0.931134375513765,-0.4169108333665442,-1.052362135079183,-0.49931385056493915,-1.2349818567339161,1.5138456911499036,-1.0500994255839482,-0.8692005365849447,0.1470366812241647,2.1420140223541013,0.69675831515521,86348.52
-0.4055756013057161,0.30033465038573365,-0.2707712654585386,1.3810171355266774,-1.052362135079183,-0.8558975615347036,-0.020213536197862498,-0.30033465038573015,-1.0500994255839482,-0.729102360750438,-0.740592980033739,-0.36369661429507427,0.5993057439214935,33206.69
-0.4055756013057161,-0.9091189106380223,1.5674373619108672,-1.315874817813155,0.9502432353523981,-1.6200121151199482,-1.2349818567339161,0.9091189106380256,-1.0500994255839482,-1.3534545495593078,-1.2081887035707755,2.1325822382763753,-2.1422224185336938,83241.03
1.0847347443206135,0.30033465038573365,-0.8363739200337406,-0.4169108333665442,-1.052362135079183,-0.8125289601292577,-0.020213536197862498,-0.30033465038573015,0.9522907789840104,-0.6941390716833165,-0.7134321493168871,-0.6906651289895717,-0.3906307080330218,39032.96
-0.9023457165144926,1.3586065162815202,0.294831389116663,-0.4169108333665442,0.9502432353523981,-1.4613828487645464,1.1945547843381912,-1.3586065162815164,0.9522907789840104,-1.0664412872318279,-1.1828733979278363,-0.8950204506736325,-0.26764155666356654,77017.26
0.5879646291118369,-1.3626639960219307,-0.41217192910233913,-1.315874817813155,0.9502432353523981,1.190074550586896,-1.2349818567339161,1.362663996021934,0.9522907789840104,-0.0865460284050831,2.044959974273846,0.557474297296153,-0.4991774591537944,31066.33
0.09119451390306038,1.0562431260255811,-1.5433772382527424,1.3810171355266774,0.9502432353523981,1.5016607382550589,-0.020213536197862498,-1.0562431260255776,-1.0500994255839482,2.5824072843080126,-0.0228874241638586,-1.303731094041754,1.1379736053352763,29034.98
-0.9023457165144926,0.30033465038573365,-0.5535725927461393,0.48205315108006663,-1.052362135079183,-1.27672548998334,-0.020213536197862498,-0.30033465038573015,0.9522907789840104,-1.0683692043434139,-1.004148542240121,-0.527180871642323,2.122442554249507,97684.22
-0.4055756013057161,0.7538797357696422,-1.1898755791432414,0.48205315108006663,0.9502432353523981,0.16588702021971194,-1.2349818567339161,-0.7538797357696385,-1.0500994255839482,0.49356285883053497,-0.36288701697250564,-1.0647925640726983,0.5993057439214935,81930.84
0.5879646291118369,0.30033465038573365,-0.12937060181473833,-0.4169108333665442,0.9502432353523981,-1.5074432147217955,-0.020213536197862498,-0.30033465038573015,0.9522907789840104,-1.2543712943699141,-1.148642135805983,-0.28195448562145015,0.37516262445382653,25381.32
0.5879646291118369,-0.9091189106380223,-0.4828722609242394,1.3810171355266774,0.9502432353523981,1.4654432195001115,-1.2349818567339161,0.9091189106380256,0.9522907789840104,0.22947462228843243,1.9133076955543,0.2179300704980215,-0.9671453726489531,97851.95
0.5879646291118369,1.5097882114094896,-1.331276242787042,0.48205315108006663,0.9502432353523981,-1.2603438499212936,-0.020213536197862498,-1.5097882114094858,0.9522907789840104,-0.6379997397528641,-1.1434589708441776,-1.379185366663561,-0.4991774591537944,38453.16
0.5879646291118369,0.6026980406416726,1.3553363664451665,0.48205315108006663,-1.052362135079183,0.757520695013452,1.1945547843381912,-0.6026980406416691,0.9522907789840104,0.8948930542884082,0.03804161775159699,0.2367936386534735,2.062366028251568,45721.54
-0.4055756013057161,1.0562431260255811,-0.2707712654585386,-1.315874817813155,-1.052362135079183,-0.31913891515755083,1.1945547843381912,-1.0562431260255776,-1.0500994255839482,0.29899384761473274,-0.7246277411102602,-0.8510054583109116,-2.1422224185336938,83299.28
0.5879646291118369,0.30033465038573365,-0.41217192910233913,0.48205315108006663,0.9502432353523981,-1.031925100057554,-0.020213536197862498,-0.30033465038573015,0.9522907789840104,-0.8710138246597958,-0.8508352756204918,-0.44543874296869884,-0.4991774591537944,77791.17
0.09119451390306038,-1.3626639960219307,-0.2000709336366383,1.3810171355266774,0.9502432353523981,0.8990520577780015,1.1945547843381912,1.362663996021934,-1.0500994255839482,-0.21793274133484308,1.7084777875168053,0.7838371151615747,-1.6196282426233282,58728.23
1.0847347443206135,-0.3043921301261443,0.5069323845823639,-0.4169108333665442,0.9502432353523981,0.7426293451968244,1.1945547843381912,0.30439213012614774,0.9522907789840104,0.13124643168827457,0.7212905081054944,0.6140650017625088,-0.4721873181544019,84381.54
-0.4055756013057161,1.0562431260255811,-1.5433772382527424,-0.4169108333665442,0.9502432353523981,-0.4504230884051503,-1.2349818567339161,-1.0562431260255776,-1.0500994255839482,0.13435407263625798,-0.775224959300712,-1.303731094041754,-2.1422224185336938,6728.96
0.09119451390306038,-0.4555738252541138,1.1432353709794654,1.3810171355266774,-1.052362135079183,-0.859998747868996,1.1945547843381912,0.4555738252541172,-1.0500994255839482,-0.899678662934451,-0.5532465836584545,1.2554263190478683,0.07785883467789716,81206.92
-0.4055756013057161,1.2074248211535505,1.5674373619108672,1.3810171355266774,-1.052362135079183,0.46143814695267005,-1.2349818567339161,-1.207424821153547,-1.0500994255839482,1.608634512783893,-0.5254351441323736,-0.37627232639870895,-0.48592130799853095,94955.12
-1.3991158317232693,0.14915295525776417,0.5069323845823639,-1.315874817813155,-1.052362135079183,0.156899068196953,1.1945547843381912,-0.14915295525776068,0.9522907789840104,-0.00962604736867718,-0.01932772019137821,0.2179300704980217,0.3338715005351011,8046.13
-0.9023457165144926,-0.7579372155100528,1.6381376937327672,-1.315874817813155,-1.052362135079183,0.12559142040559484,-1.2349818567339161,0.7579372155100562,0.9522907789840104,-0.4145693587484543,0.4723410858387264,2.0162569013177563,-0.23600717548390576,9330.19
-1.3991158317232693,0.30033465038573365,-1.1898755791432414,1.3810171355266774,-1.052362135079183,0.3107455426019408,-0.020213536197862498,-0.30033465038573015,0.9522907789840104,0.2114324678172917,-0.009949269340805231,-0.8950204506736323,0.3338715005351011,37728.83
0.5879646291118369,-0.4555738252541138,-0.05867026999283805,0.48205315108006663,0.9502432353523981,1.702318500058786,-0.020213536197862498,0.4555738252541172,0.9522907789840104,0.6224248866966898,1.6686798963873304,0.2933843431198285,0.37516262445382653,13338.11
0.5879646291118369,1.0562431260255811,0.294831389116663,1.3810171355266774,-1.052362135079183,-0.9250863078898491,-1.2349818567339161,-1.0562431260255776,0.9522907789840104,-0.46090766922757476,-0.9581612408733177,-0.6497940646527595,2.062366028251568,74227.52
-0.9023457165144926,0.4515163455137032,-0.34147159728043885,0.48205315108006663,-1.052362135079183,-0.5312106828719281,-0.020213536197862498,-0.4515163455136996,0.9522907789840104,-0.39805943411171557,-0.5910709428482147,-0.4988855194091454,1.1026041036699394,58855.43
-0.4055756013057161,1.2074248211535505,-0.5535725927461393,1.3810171355266774,-1.052362135079183,-1.1054229802230968,-0.020213536197862498,-1.207424821153547,-1.0500994255839482,-0.6019413254665607,-1.0538229978936164,-1.0364972118395206,-2.1422224185336938,23661.03
-0.9023457165144926,0.30033465038573365,-1.331276242787042,-0.4169108333665442,0.9502432353523981,-1.0883828398200512,-0.020213536197862498,-0.30033465038573015,0.9522907789840104,-0.9165294329898496,-0.8861935547129943,-0.9767625793472566,-0.26764155666356654,67207.07
1.58150485952939,1.8121516016654287,-0.34147159728043885,-0.4169108333665442,-1.052362135079183,-0.966479408272298,-0.020213536197862498,-1.8121516016654249,-1.0500994255839482,0.5562036544679845,-1.1383804375813753,-1.3477460864044746,-1.021296133371345,70061.18
-0.9023457165144926,-0.9091189106380223,-1.1898755791432414,-1.315874817813155,0.9502432353523981,0.47879020856987303,1.1945547843381912,0.9091189106380256,0.9522907789840104,-0.27670733924211766,0.9151296353348992,-0.44229481494278994,2.122442554249507,93582.37
1.58150485952939,1.3586065162815202,0.8604340436918649,-1.315874817813155,0.9502432353523981,0.03734082207416119,-1.2349818567339161,-1.3586065162815164,-1.0500994255839482,1.3500677648074166,-0.7496647709579773,-0.7441119054300182,-1.021296133371345,18945.71
-0.9023457165144926,-1.2114823008939613,-1.048474915499441,-1.315874817813155,-1.052362135079183,1.1953656585900112,-0.020213536197862498,1.2114823008939646,0.9522907789840104,-0.030662386093487662,1.9140768498522935,-0.1844927168182827,1.1026041036699394,70771.94
1.58150485952939,0.7538797357696422,0.22413105729476276,-0.4169108333665442,0.9502432353523981,0.07420528853254642,-0.020213536197862498,-0.7538797357696385,-1.0500994255839482,0.39949201879291546,-0.4070549511901475,-0.43600695889097285,-1.021296133371345,52648.59
0.09119451390306038,-0.4555738252541138,0.36553172093856334,0.48205315108006663,-1.052362135079183,1.3828649662113186,-0.020213536197862498,0.4555738252541172,-1.0500994255839482,0.43265862796948534,1.3916641339660585,0.6329285699179603,-1.6196282426233282,39370.97
0.5879646291118369,-1.6650273862778697,1.3553363664451665,0.48205315108006663,0.9502432353523981,-1.2885322855710772,-0.020213536197862498,1.665027386277873,0.9522907789840104,-1.2175880570686313,-0.7861456146084055,2.7833753396394614,0.37516262445382653,21221.2
-1.3991158317232693,1.2074248211535505,-0.5535725927461393,1.3810171355266774,0.9502432353523981,-0.09563003625740071,1.1945547843381912,-1.207424821153547,0.9522907789840104,0.8227055975124382,-0.7132935679708666,-1.0364972118395206,0.3338715005351011,42453.41
-0.4055756013057161,-0.1532104349981748,0.1534307254728628,-1.315874817813155,-1.052362135079183,1.77982514545813,1.1945547843381912,0.15321043499817827,-1.0500994255839482,0.9080548277151611,1.4055756975207983,0.23050578260165616,-0.48592130799853095,85537.04
-0.9023457165144926,-1.3626639960219307,0.22413105729476276,-0.4169108333665442,-1.052362135079183,-0.4410770046179883,1.1945547843381912,1.362663996021934,0.9522907789840104,-0.8229552284642953,0.15901144524415925,1.2365627508924164,-0.26764155666356654,59521.86
-1.3991158317232693,-0.4555738252541138,1.4260366982670667,1.3810171355266774,0.9502432353523981,-0.08343045099257626,-0.020213536197862498,0.4555738252541172,0.9522907789840104,-0.43837069563940256,0.12015857871525858,1.4817891369132896,0.47660365932963433,7581.53
-0.4055756013057161,0.30033465038573365,-0.34147159728043885,1.3810171355266774,0.9502432353523981,-0.17687973622663397,-1.2349818567339161,-0.30033465038573015,-1.0500994255839482,-0.18168566437080866,-0.3153385883945066,-0.4045676786318866,0.2337897666176811,30006.03
-0.4055756013057161,-0.4555738252541138,-0.6949732563899399,0.48205315108006663,-1.052362135079183,-0.6354154736756369,-0.020213536197862498,0.4555738252541172,-1.0500994255839482,-0.7662685634965494,-0.3584980511302638,-0.21593199707736896,-0.48592130799853095,72475.92
1.58150485952939,-1.2114823008939613,-1.2605759109651418,-0.4169108333665442,0.9502432353523981,-0.4625302525694836,1.1945547843381912,1.2114823008939646,-1.0500994255839482,-0.8103325559592136,0.07707592009898269,-0.4014237506059779,-1.2207387173533923,69401.54
0.5879646291118369,-1.2114823008939613,-1.1898755791432414,-1.315874817813155,-1.052362135079183,-1.0041063488097346,-0.020213536197862498,1.2114823008939646,0.9522907789840104,-1.0650232902258425,-0.5230074660948565,-0.32911340601007955,0.37516262445382653,38570.1
0.09119451390306038,-0.6067555203820832,-0.2000709336366383,0.48205315108006663,0.9502432353523981,0.6929183457701771,-1.2349818567339161,0.6067555203820867,-1.0500994255839482,-0.04673519200347707,0.9061685981771593,0.28080863101619424,0.07785883467789716,81817.76
0.09119451390306038,-1.5138456911499003,0.36553172093856334,-1.315874817813155,0.9502432353523981,-1.3297636490276667,-1.2349818567339161,1.5138456911499036,-1.0500994255839482,-1.229700259938633,-0.8531421819628824,1.5132284171723758,0.07785883467789716,27404.42
-1.3991158317232693,-0.4555738252541138,-1.4726769064308425,0.48205315108006663,-1.052362135079183,1.180820887900225,-0.020213536197862498,0.4555738252541172,0.9522907789840104,0.31263757709142664,1.2164605801910826,-0.8384297462072771,-0.32573604007393053,48820.7
0.09119451390306038,1.5097882114094896,0.931134375513765,1.3810171355266774,0.9502432353523981,-0.9252249395405857,-0.020213536197862498,-1.5097882114094858,-1.0500994255839482,-0.007604994164743948,-1.0627367281661688,-0.8761568825181806,1.1379736053352763,37377.59
-0.9023457165144926,-0.4555738252541138,0.294831389116663,0.48205315108006663,0.9502432353523981,-0.0708149707755419,1.1945547843381912,0.4555738252541172,0.9522907789840104,-0.43087667153517467,0.1310981567770272,0.5763378654516051,1.1026041036699394,95693.28
0.09119451390306038,1.8121516016654287,1.1432353709794654,-1.315874817813155,0.9502432353523981,-1.2292788075187244,-1.2349818567339161,-1.8121516016654249,-1.0500994255839482,-0.18532728558158226,-1.1763617443196406,-1.1496786207722312,-0.7470670257026498,71184.98
0.09119451390306038,0.6026980406416726,-0.05867026999283805,-0.4169108333665442,0.9502432353523981,-0.5417120304152286,-1.2349818567339161,-0.6026980406416691,-1.0500994255839482,-0.3271052544252424,-0.6504583368581401,-0.45487052704642467,0.07785883467789716,53498.93
-0.9023457165144926,0.7538797357696422,0.5069323845823639,0.48205315108006663,0.9502432353523981,-0.13546353056906235,1.1945547843381912,-0.7538797357696385,0.9522907789840104,0.18435949915547126,-0.5080634993398426,-0.31024983785462773,-0.26764155666356654,20133.13
1.58150485952939,0.6026980406416726,1.1432353709794654,-1.315874817813155,0.9502432353523981,0.19855787924331378,1.1945547843381912,-0.6026980406416691,-1.0500994255839482,0.3691584402071961,-0.2581684959209104,0.13304401379848846,-1.021296133371345,40357.76
1.0847347443206135,-0.002028739870205314,1.0018347073356655,-0.4169108333665442,-1.052362135079183,-0.01965989165372121,-0.020213536197862498,0.002028739870208805,0.9522907789840104,-0.219073984442419,-0.059942072504034535,0.6800874903065898,1.1512285520161478,68913.46
-1.3991158317232693,-1.3626639960219307,-0.7656735882118402,-1.315874817813155,0.9502432353523981,1.5089273472811713,-0.020213536197862498,1.362663996021934,0.9522907789840104,0.05740511592667735,2.4136197477840007,0.18020293418711786,-0.32573604007393053,92834.17
1.58150485952939,-0.1532104349981748,1.5674373619108672,0.48205315108006663,0.9502432353523981,0.7225046505648887,-0.020213536197862498,0.15321043499817827,-1.0500994255839482,0.20607823822606391,0.5905882629508366,1.2365627508924169,-1.2207387173533923,82564.09
1.58150485952939,0.30033465038573365,-1.331276242787042,1.3810171355266774,-1.052362135079183,-1.5265859351610134,-1.2349818567339161,-0.30033465038573015,-1.0500994255839482,-1.2698039448718377,-1.1606308136157388,-0.9767625793472566,0.69675831515521,33537.03
1.58150485952939,0.9050614308976117,1.3553363664451665,0.48205315108006663,-1.052362135079183,1.4084309531346675,1.1945547843381912,-0.905061430897608,-1.0500994255839482,2.0821379405963594,0.08844682564334556,-0.10275058814465833,0.69675831515521,46225.88
-0.4055756013057161,1.3586065162815202,1.7088380255546678,0.48205315108006663,-1.052362135079183,-0.91892875206963,1.1945547843381912,-1.3586065162815164,-1.0500994255839482,-0.19180024399970938,-1.026076118352027,-0.5177490875645969,-0.48592130799853095,12877.16
0.5879646291118369,-1.0603006057659918,0.7897337118699643,-1.315874817813155,-1.052362135079183,-0.6899092650526983,-0.020213536197862498,1.0603006057659952,0.9522907789840104,-0.8976649199546997,-0.2210442786319288,1.550955553483279,2.062366028251568,49671.89
-0.4055756013057161,1.2074248211535505,-0.34147159728043885,-0.4169108333665442,0.9502432353523981,0.3076494357354892,-1.2349818567339161,-1.207424821153547,-1.0500994255839482,1.3916646720519643,-0.5772968475363142,-0.9704747232954394,-2.1422224185336938,30082.57
1.0847347443206135,-1.3626639960219307,0.294831389116663,-0.4169108333665442,-1.052362135079183,-1.2374234169995022,1.1945547843381912,1.362663996021934,0.9522907789840104,-1.1824784270540383,-0.761729696335624,1.3120170235142237,-0.3906307080330218,71821.17
1.58150485952939,-0.002028739870205314,1.5674373619108672,-1.315874817813155,-1.052362135079183,-1.614686349204149,1.1945547843381912,0.002028739870208805,-1.0500994255839482,-1.3442301604676024,-1.2125548507978092,1.0573588534156249,-1.2207387173533923,33416.03
-1.3991158317232693,-1.6650273862778697,0.6483330482261644,-1.315874817813155,0.9502432353523981,0.021328866414079103,1.1945547843381912,1.665027386277873,0.9522907789840104,-0.6700347610868929,0.854530628512577,1.9659540529032182,0.3338715005351011,77050.35
0.5879646291118369,1.3586065162815202,-0.05867026999283805,0.48205315108006663,0.9502432353523981,0.16008759616389578,-1.2349818567339161,-1.3586065162815164,0.9522907789840104,1.547981961045118,-0.7141846070671675,-0.9893382914508912,2.062366028251568,24532.47
-0.9023457165144926,-0.4555738252541138,1.0725350391575654,1.3810171355266774,0.9502432353523981,-0.1981827998898312,1.1945547843381912,0.4555738252541172,0.9522907789840104,-0.5065374918182438,0.020650493653400496,1.198835614581513,-0.26764155666356654,56703.88
-0.9023457165144926,-0.4555738252541138,1.6381376937327672,-1.315874817813155,0.9502432353523981,1.3191175121475864,-1.2349818567339161,0.4555738252541172,0.9522907789840104,0.39479047320105226,1.3363852037967912,1.6515612503123551,1.1026041036699394,81406.7
-0.4055756013057161,-1.5138456911499003,1.1432353709794654,-0.4169108333665442,0.9502432353523981,0.8939920025261141,-0.020213536197862498,1.5138456911499036,-1.0500994255839482,-0.26436400641033586,1.8251092953618562,2.3778086242972476,-0.48592130799853095,60889.82
0.09119451390306038,-1.6650273862778697,-1.2605759109651418,0.48205315108006663,0.9502432353523981,-0.6483313224692673,-1.2349818567339161,1.665027386277873,-1.0500994255839482,-0.9499687396273795,0.01574282172886477,-0.2410834212846381,-1.6196282426233282,67733.57
-0.4055756013057161,0.14915295525776417,0.5069323845823639,-0.4169108333665442,-1.052362135079183,0.19493035104903833,-0.020213536197862498,-0.14915295525776068,-1.0500994255839482,0.018990327458626954,0.006322629509008288,0.2179300704980217,0.5993057439214935,73956.04
1.58150485952939,0.4515163455137032,-1.5433772382527424,1.3810171355266774,-1.052362135079183,-1.0268303868929824,1.1945547843381912,-0.4515163455136996,-1.0500994255839482,-0.828358210796279,-0.8775903802279097,-1.1402468366945053,-1.2207387173533923,32437.59
0.5879646291118369,-0.6067555203820832,0.36553172093856334,-1.315874817813155,0.9502432353523981,-0.7705235699560553,-0.020213536197862498,0.6067555203820867,0.9522907789840104,-0.8726027263952382,-0.43336425797361977,0.7586856909543054,2.062366028251568,41812.25
-0.9023457165144926,-0.002028739870205314,1.4260366982670667,-0.4169108333665442,-1.052362135079183,1.6378778877413704,-0.020213536197862498,0.002028739870208805,0.9522907789840104,0.9501786387056785,1.1378432156281335,0.9630410126383662,-0.23600717548390576,64543.81
-0.4055756013057161,-0.002028739870205314,-0.9777745836775408,-1.315874817813155,0.9502432353523981,0.35268161694977485,1.1945547843381912,0.002028739870208805,-1.0500994255839482,0.04358143798809728,0.2091227938961534,-0.6403622805750336,-0.48592130799853095,96304.87
1.58150485952939,0.30033465038573365,-0.2000709336366383,-0.4169108333665442,0.9502432353523981,0.6015600879347304,-0.020213536197862498,-0.30033465038573015,-1.0500994255839482,0.44588395308278106,0.17218168208042792,-0.32282554995826224,-1.2207387173533923,22749.28
0.5879646291118369,0.4515163455137032,1.1432353709794654,1.3810171355266774,0.9502432353523981,-0.8416300541463909,1.1945547843381912,-0.4515163455136996,0.9522907789840104,-0.6675666281051941,-0.7705254376710021,0.2933843431198285,2.062366028251568,59411.75
-0.9023457165144926,-0.4555738252541138,1.1432353709794654,-1.315874817813155,0.9502432353523981,-0.05094443416995662,-1.2349818567339161,0.4555738252541172,0.9522907789840104,-0.41907289730507236,0.14832899401717575,1.2554263190478683,-0.23600717548390576,87456.56
0.5879646291118369,1.0562431260255811,0.294831389116663,0.48205315108006663,-1.052362135079183,0.8794125739236439,-1.2349818567339161,-1.0562431260255776,0.9522907789840104,1.8020634300409757,-0.26270327827984863,-0.6497940646527595,0.37516262445382653,93288.11
-0.4055756013057161,1.2074248211535505,-0.4828722609242394,-0.4169108333665442,0.9502432353523981,-0.3224198642249847,-0.020213536197862498,-1.207424821153547,-1.0500994255839482,0.5027435374607184,-0.78977321787492,-1.01448971565816,-2.1422224185336938,36923.45
-1.3991158317232693,1.5097882114094896,1.0725350391575654,-1.315874817813155,0.9502432353523981,-0.6424163720378372,-0.020213536197862498,-1.5097882114094858,0.9522907789840104,0.5243883653221968,-0.994614813495814,-0.8447176022590943,-0.32573604007393053,11375.3
-1.3991158317232693,-0.6067555203820832,0.22413105729476276,-1.315874817813155,-1.052362135079183,1.6574711610454824,-1.2349818567339161,0.6067555203820867,0.9522907789840104,0.4975931115539208,1.7890531005749364,0.6392164259697777,0.3338715005351011,45053.87
-1.3991158317232693,1.3586065162815202,1.1432353709794654,-1.315874817813155,0.9502432353523981,-0.35339248552706265,-0.020213536197862498,-1.3586065162815164,0.9522907789840104,0.7200579817343316,-0.8626068983099744,-0.6686576328082113,0.47660365932963433,42462.69
-0.4055756013057161,-0.9091189106380223,1.0018347073356655,0.48205315108006663,0.9502432353523981,1.4022502920393256,1.1945547843381912,0.9091189106380256,-1.0500994255839482,0.1970547952341371,1.8493766143599888,1.6044023299237262,-2.1422224185336938,45950.82
0.09119451390306038,1.0562431260255811,-0.2707712654585386,-1.315874817813155,0.9502432353523981,-0.43555484386364546,-1.2349818567339161,-1.0562431260255776,-1.0500994255839482,0.15299991832415813,-0.7694947041254997,-0.8510054583109116,0.07785883467789716,39710.85
0.5879646291118369,-1.2114823008939613,1.6381376937327672,-1.315874817813155,-1.052362135079183,-1.0207421468981317,-1.2349818567339161,1.2114823008939646,0.9522907789840104,-1.0728467219830033,-0.5414404547703643,2.5633003778258576,2.062366028251568,42708.0
1.58150485952939,-0.7579372155100528,0.36553172093856334,1.3810171355266774,0.9502432353523981,0.3983607458674982,-1.2349818567339161,0.7579372155100562,-1.0500994255839482,-0.2679669403212115,0.7351558778782273,0.8844428119906504,-1.2207387173533923,12696.41
1.58150485952939,-0.002028739870205314,0.294831389116663,-0.4169108333665442,-1.052362135079183,0.7378003426961647,1.1945547843381912,0.002028739870208805,-1.0500994255839482,0.3152501057555093,0.48742085118180856,0.2084982864202957,-1.2207387173533923,19544.74
0.09119451390306038,0.14915295525776417,-1.1191752473213412,0.48205315108006663,-1.052362135079183,-0.842438738775688,-1.2349818567339161,-0.14915295525776068,-1.0500994255839482,-0.7615708443572203,-0.6933350713859516,-0.7944147538445564,0.07785883467789716,75547.13
-0.4055756013057161,-0.002028739870205314,0.931134375513765,1.3810171355266774,0.9502432353523981,-1.5752340919320131,1.1945547843381912,0.002028739870208805,-1.0500994255839482,-1.3163999318731185,-1.1840454955773116,0.6329285699179603,0.2337897666176811,14457.06
-1.3991158317232693,-1.5138456911499003,0.0827303936509625,-1.315874817813155,-1.052362135079183,0.7341612618643278,-1.2349818567339161,1.5138456911499036,0.9522907789840104,-0.3337468130515673,1.6326120140170117,1.198835614581513,-0.32573604007393053,34109.11
1.58150485952939,-1.5138456911499003,0.5776327164042638,0.48205315108006663,-1.052362135079183,1.0146477492172377,-1.2349818567339161,1.5138456911499036,-1.0500994255839482,-0.21198713380021522,1.9704249156268039,1.749023019115523,-1.2207387173533923,27011.56
1.0847347443206135,-0.4555738252541138,-0.2000709336366383,-0.4169108333665442,0.9502432353523981,1.7695664033036185,-1.2349818567339161,0.4555738252541172,0.9522907789840104,0.6623724272742632,1.7269942589308795,0.18020293418711808,-0.4721873181544019,25877.13
1.0847347443206135,-1.6650273862778697,-1.1898755791432414,-0.4169108333665442,-1.052362135079183,-1.1204298564153383,-1.2349818567339161,1.665027386277873,0.9522907789840104,-1.1473172203411943,-0.5755876776020605,-0.15934129261101354,-0.4721873181544019,66759.55
1.58150485952939,-0.6067555203820832,-1.1191752473213412,-1.315874817813155,0.9502432353523981,1.726752328501119,-0.020213536197862498,0.6067555203820867,-1.0500994255839482,0.5366907117603325,1.852468258444906,-0.4957415913832367,-1.021296133371345,90913.66
1.58150485952939,-0.9091189106380223,-0.41217192910233913,1.3810171355266774,0.9502432353523981,0.29065550588268924,-1.2349818567339161,0.9091189106380256,-1.0500994255839482,-0.3732259651249701,0.7247973396768824,0.2839525590421027,0.69675831515521,25578.52
1.58150485952939,-0.9091189106380223,-1.5433772382527424,-1.315874817813155,0.9502432353523981,1.4962425512387685,-1.2349818567339161,0.9091189106380256,-1.0500994255839482,0.2452755837010013,1.9444667928969022,-0.7724072576631958,0.3674671920348336,85220.19
1.0847347443206135,0.9050614308976117,0.0827303936509625,-0.4169108333665442,-1.052362135079183,-0.7408217387857299,1.1945547843381912,-0.905061430897608,0.9522907789840104,-0.3436474662406615,-0.8434208953325958,-0.6120669283418559,-0.3906307080330218,12477.35
0.09119451390306038,0.7538797357696422,-0.05867026999283805,0.48205315108006663,0.9502432353523981,-0.08764716370248243,-0.020213536197862498,-0.7538797357696385,-1.0500994255839482,0.2334218992204546,-0.48502782901136243,-0.5617640799273179,-1.6196282426233282,51203.26
0.5879646291118369,-0.002028739870205314,-0.41217192910233913,0.48205315108006663,-1.052362135079183,-0.6112473558972157,-1.2349818567339161,0.002028739870208805,0.9522907789840104,-0.6363888734223097,-0.4874404801559374,-0.26309091746599833,2.062366028251568,24927.06
-1.3991158317232693,-0.9091189106380223,1.213935702801366,-0.4169108333665442,0.9502432353523981,0.2503714587061335,1.1945547843381912,0.9091189106380256,0.9522907789840104,-0.3938928640168034,0.6840427363634342,1.8024697955559696,-0.38744411323898026,23914.16
-0.4055756013057161,-0.6067555203820832,-1.2605759109651418,-1.315874817813155,0.9502432353523981,-0.49658742810045187,-0.020213536197862498,0.6067555203820867,-1.0500994255839482,-0.7180117148737389,-0.18262218303403155,-0.6152108563677646,-0.48592130799853095,94361.31
-0.4055756013057161,-0.3043921301261443,-1.5433772382527424,0.48205315108006663,-1.052362135079183,-0.374938154579049,-0.020213536197862498,0.30439213012614774,-1.0500994255839482,-0.5695084922862378,-0.19397472237590987,-0.9358915150104444,0.2337897666176811,71141.91
0.5879646291118369,-1.6650273862778697,-1.4726769064308425,-0.4169108333665442,0.9502432353523981,-1.2268643062683946,-0.020213536197862498,1.665027386277873,0.9522907789840104,-1.1918093665009002,-0.7089029324738533,-0.48630980730551093,-0.4991774591537944,27698.24
0.5879646291118369,0.14915295525776417,0.294831389116663,-1.315874817813155,0.9502432353523981,0.9696386732780747,-0.020213536197862498,-0.14915295525776068,0.9522907789840104,0.6019142276846852,0.5288277329592573,0.08588509340985928,-0.9671453726489531,16264.48
-0.4055756013057161,0.7538797357696422,0.22413105729476276,1.3810171355266774,-1.052362135079183,-1.4122032706657228,-0.020213536197862498,-0.7538797357696385,-1.0500994255839482,-1.1256504412121593,-1.123136489519112,-0.43600695889097285,0.5993057439214935,87729.1
-0.4055756013057161,-0.6067555203820832,0.22413105729476276,-1.315874817813155,-1.052362135079183,1.6277808825127185,-0.020213536197862498,0.6067555203820867,-1.0500994255839482,0.48083792854066787,1.7618766864135524,0.6392164259697777,-0.48592130799853095,41869.16
0.09119451390306038,0.30033465038573365,1.6381376937327672,0.48205315108006663,-1.052362135079183,0.852263875654385,-0.020213536197862498,-0.30033465038573015,-1.0500994255839482,0.647998587085339,0.32919212091537725,0.7398221227988534,-0.7470670257026498,31373.19
-0.9023457165144926,-1.3626639960219307,-1.614077570074643,-1.315874817813155,0.9502432353523981,-0.6593525387028303,-1.2349818567339161,1.362663996021934,0.9522907789840104,-0.9214991748774938,-0.09336021275224914,-0.7252483372745666,-0.26764155666356654,59185.74
-1.3991158317232693,1.2074248211535505,-1.1191752473213412,0.48205315108006663,0.9502432353523981,0.08451024123730343,-1.2349818567339161,-1.207424821153547,0.9522907789840104,1.076853037907042,-0.6525454053223054,-1.2125571812904037,0.3338715005351011,85753.79
1.58150485952939,1.8121516016654287,0.1534307254728628,1.3810171355266774,0.9502432353523981,-0.6031374043291222,-0.020213536197862498,-1.8121516016654249,-1.0500994255839482,1.581431788611598,-1.0858681253682054,-1.2817235978603934,0.69675831515521,62302.94
-0.9023457165144926,0.7538797357696422,0.5069323845823639,-0.4169108333665442,-1.052362135079183,-1.038429235004615,-1.2349818567339161,-0.7538797357696385,0.9522907789840104,-0.7421363335285478,-0.943069787946836,-0.31024983785462773,2.122442554249507,18839.84
-0.4055756013057161,0.7538797357696422,1.213935702801366,1.3810171355266774,0.9502432353523981,0.15879370075702046,1.1945547843381912,-0.7538797357696385,-1.0500994255839482,0.4862846965594792,-0.3663042437378323,0.004142964736234937,-2.1422224185336938,46135.47
-0.9023457165144926,0.30033465038573365,-0.6949732563899399,-0.4169108333665442,-1.052362135079183,-1.0957303173090933,-0.020213536197862498,-0.30033465038573015,0.9522907789840104,-0.9224528884631287,-0.890795123262786,-0.6089230003159473,-0.23600717548390576,66427.69
-1.3991158317232693,0.7538797357696422,-1.4726769064308425,0.48205315108006663,0.9502432353523981,-1.1107834040515803,-0.020213536197862498,-0.7538797357696385,0.9522907789840104,-0.8163759594302125,-0.9779266140563484,-1.1905496851090434,-0.38744411323898026,30833.31
0.5879646291118369,-0.6067555203820832,-1.1898755791432414,-0.4169108333665442,0.9502432353523981,-1.2589113228636817,1.1945547843381912,0.6067555203820867,0.9522907789840104,-1.1482157076735522,-0.8804004092080618,-0.5554762238755006,-0.9671453726489531,41490.15
1.58150485952939,-0.1532104349981748,-1.331276242787042,-0.4169108333665442,0.9502432353523981,1.1967635277349389,1.1945547843381912,0.15321043499817827,-1.0500994255839482,0.5209483563583864,0.9561491572053992,-0.8258540341036426,-1.021296133371345,74744.21
1.58150485952939,1.2074248211535505,-1.331276242787042,-1.315874817813155,-1.052362135079183,0.5035013003136793,1.1945547843381912,-1.207424821153547,-1.0500994255839482,1.6679785024251905,-0.5112503137467255,-1.2785796698344847,0.3674671920348336,94101.54
-1.3991158317232693,-0.7579372155100528,-0.9070742518556405,0.48205315108006663,0.9502432353523981,-0.17059510139323955,1.1945547843381912,0.7579372155100562,0.9522907789840104,-0.5737575677882091,0.1869636923226225,-0.24737127733645523,-0.32573604007393053,5947.24
-0.4055756013057161,1.3586065162815202,-0.4828722609242394,-0.4169108333665442,-1.052362135079183,-0.5804249188834357,1.1945547843381912,-1.3586065162815164,-1.0500994255839482,0.3539958843730796,-0.9282310094424161,-1.1025197003836018,0.5993057439214935,37154.06
1.58150485952939,0.7538797357696422,0.6483330482261644,0.48205315108006663,-1.052362135079183,-1.5002921320712972,-1.2349818567339161,-0.7538797357696385,-1.0500994255839482,-1.2160347853763287,-1.1655735482904728,-0.24737127733645523,-1.021296133371345,37221.49
0.5879646291118369,-0.3043921301261443,1.5674373619108672,-0.4169108333665442,0.9502432353523981,-1.3020142136052157,1.1945547843381912,0.30439213012614774,0.9522907789840104,-1.150818447516467,-0.953231306885164,1.4157666483692086,-0.4991774591537944,46445.54
-0.9023457165144926,-0.1532104349981748,-1.2605759109651418,0.48205315108006663,-1.052362135079183,-0.24268355977629308,1.1945547843381912,0.15321043499817827,0.9522907789840104,-0.4347298529656236,-0.15338318867846168,-0.7755511856891045,1.1026041036699394,65103.29
0.5879646291118369,1.5097882114094896,-0.41217192910233913,-0.4169108333665442,0.9502432353523981,-0.9053081923847549,1.1945547843381912,-1.5097882114094858,0.9522907789840104,0.029860551250104412,-1.057939253456541,-1.1748300449795002,-0.4991774591537944,16507.16
0.09119451390306038,-0.4555738252541138,-1.4726769064308425,-0.4169108333665442,-1.052362135079183,-0.9810241789620839,-1.2349818567339161,0.4555738252541172,-1.0500994255839482,-0.9715718831870979,-0.6581944039653127,-0.8384297462072771,-0.7470670257026498,53226.57
-1.3991158317232693,1.8121516016654287,-1.7554782337184431,-0.4169108333665442,0.9502432353523981,-1.0133484588588442,-0.020213536197862498,-1.8121516016654249,0.9522907789840104,0.42395506013964385,-1.14515422698867,-1.5363817679589922,0.3338715005351011,34979.46
-0.4055756013057161,-1.0603006057659918,0.6483330482261644,1.3810171355266774,-1.052362135079183,0.03550395270190069,1.1945547843381912,1.0603006057659952,-1.0500994255839482,-0.5416874366969846,0.5477894456456869,1.4126227203433002,-0.48592130799853095,99153.11
0.09119451390306038,0.7538797357696422,0.5069323845823639,-0.4169108333665442,0.9502432353523981,-0.9796725203674016,1.1945547843381912,-0.7538797357696385,-1.0500994255839482,-0.6818484942604867,-0.9147635740568503,-0.31024983785462773,-1.6196282426233282,45985.99
1.58150485952939,-0.4555738252541138,-0.2707712654585386,-1.315874817813155,-1.052362135079183,-1.5218609063984063,-1.2349818567339161,0.4555738252541172,-1.0500994255839482,-1.2928472846884025,-1.1271837326848215,0.1236122297207629,0.69675831515521,87630.92
0.5879646291118369,0.7538797357696422,-0.05867026999283805,-1.315874817813155,0.9502432353523981,-0.6452121103276929,1.1945547843381912,-0.7538797357696385,0.9522907789840104,-0.3386724748641761,-0.7536363231073863,-0.5617640799273179,-0.4991774591537944,90168.43
-1.3991158317232693,1.3586065162815202,-1.684777901896543,-0.4169108333665442,0.9502432353523981,-0.4801018143003529,-1.2349818567339161,-1.3586065162815164,0.9522907789840104,0.5157546495616157,-0.8992324453739181,-1.4232003590262816,-0.38744411323898026,9455.33
-0.9023457165144926,1.660969906537459,-1.401976574608942,0.48205315108006663,-1.052362135079183,0.22525602464767863,-1.2349818567339161,-1.6609699065374555,0.9522907789840104,2.8614951731917992,-0.8758784275357038,-1.4420639271817335,-0.26764155666356654,8268.34
-1.3991158317232693,-0.4555738252541138,1.6381376937327672,-0.4169108333665442,-1.052362135079183,-1.6272671715084992,-0.020213536197862498,0.4555738252541172,0.9522907789840104,-1.3554621893834342,-1.2185873134866327,1.6515612503123551,-0.38744411323898026,44365.11
-0.9023457165144926,-0.7579372155100528,0.36553172093856334,-1.315874817813155,-1.052362135079183,-0.33233202725265454,1.1945547843381912,0.7579372155100562,0.9522907789840104,-0.660684587312219,0.031129246998281675,0.8844428119906504,-0.26764155666356654,23490.23
-1.3991158317232693,-0.1532104349981748,-0.6242729245680396,0.48205315108006663,0.9502432353523981,-0.8430394759288802,-0.020213536197862498,0.15321043499817827,0.9522907789840104,-0.8333183609307022,-0.6161402526881775,-0.32282554995826224,-0.38744411323898026,32342.86
-1.3991158317232693,1.0562431260255811,-0.9070742518556405,-1.315874817813155,0.9502432353523981,-1.2143990103396582,-0.020213536197862498,-1.0562431260255776,0.9522907789840104,-0.8237265608842049,-1.0696630127092452,-1.0773682761763326,-0.38744411323898026,70055.56
-0.9023457165144926,0.14915295525776417,-1.1191752473213412,0.48205315108006663,-1.052362135079183,-1.2058385059066707,-0.020213536197862498,-0.14915295525776068,0.9522907789840104,-1.0350084769719459,-0.9384314869920751,-0.7944147538445564,2.122442554249507,56596.24
-0.9023457165144926,0.30033465038573365,1.0725350391575654,-1.315874817813155,0.9502432353523981,-0.45634959147414167,-1.2349818567339161,-0.30033465038573015,0.9522907789840104,-0.4069911853678076,-0.4903646022121306,0.41285360810435645,-0.26764155666356654,98710.52
-1.3991158317232693,0.14915295525776417,0.6483330482261644,0.48205315108006663,-1.052362135079183,1.6507475259847555,1.1945547843381912,-0.14915295525776068,0.9522907789840104,1.1144098566923903,0.9882043026086158,0.30596005522346337,0.47660365932963433,46076.33
0.09119451390306038,-1.6650273862778697,0.1534307254728628,1.3810171355266774,0.9502432353523981,-0.6447500048252374,-1.2349818567339161,1.665027386277873,-1.0500994255839482,-0.9484716631800215,0.020228627547843842,1.393759152187848,1.1379736053352763,65977.95
1.0847347443206135,-0.002028739870205314,1.4967370300889666,-0.4169108333665442,-1.052362135079183,-0.8836238916820319,-0.020213536197862498,0.002028739870208805,0.9522907789840104,-0.828527467733333,-0.6842677328744368,1.0101999330269955,1.1512285520161478,18075.7
-0.4055756013057161,-0.002028739870205314,-0.7656735882118402,-0.4169108333665442,0.9502432353523981,0.9450315552723209,-1.2349818567339161,0.002028739870208805,-1.0500994255839482,0.46143418790129276,0.637172187622596,-0.4988855194091454,-2.1422224185336938,85768.28
-0.9023457165144926,-0.6067555203820832,-0.5535725927461393,0.48205315108006663,0.9502432353523981,-0.7288532062721331,-1.2349818567339161,0.6067555203820867,0.9522907789840104,-0.8490867944385054,-0.395222107825716,-0.017864531445125318,-0.26764155666356654,93569.04
-0.9023457165144926,-0.6067555203820832,1.0018347073356655,-0.4169108333665442,0.9502432353523981,0.25453040822823275,1.1945547843381912,0.6067555203820867,0.9522907789840104,-0.2941316627442975,0.5048987973281144,1.296297383384681,-0.26764155666356654,62117.43
0.09119451390306038,1.3586065162815202,1.7795383573765677,0.48205315108006663,0.9502432353523981,1.0252646231361522,-1.2349818567339161,-1.3586065162815164,-1.0500994255839482,2.942974352220783,-0.46410371541702694,-0.4988855194091454,0.07785883467789716,18624.96
-0.4055756013057161,0.14915295525776417,-0.9070742518556405,-1.315874817813155,-1.052362135079183,-0.299430115477825,-1.2349818567339161,-0.14915295525776068,-1.0500994255839482,-0.35298777448851637,-0.3271007497069517,-0.6623697767563939,0.5993057439214935,90639.8
-0.4055756013057161,-0.002028739870205314,1.3553363664451665,-0.4169108333665442,-1.052362135079183,0.4274964977973157,-0.020213536197862498,0.002028739870208805,-1.0500994255839482,0.09635700471661181,0.2631862153918908,0.9158820922497367,-0.48592130799853095,21572.42
-1.3991158317232693,0.6026980406416726,1.213935702801366,0.48205315108006663,-1.052362135079183,1.3673959845166217,-1.2349818567339161,-0.6026980406416691,0.9522907789840104,1.4685135902499091,0.3612316828740618,0.16762722208348363,0.3338715005351011,38523.4
-0.9023457165144926,-1.6650273862778697,-0.9777745836775408,-0.4169108333665442,-1.052362135079183,-0.32796513025445034,-1.2349818567339161,1.665027386277873,0.9522907789840104,-0.8160480074929174,0.41701985774858535,0.08588509340985928,1.1026041036699394,40673.26
-0.4055756013057161,0.14915295525776417,-0.34147159728043885,-0.4169108333665442,0.9502432353523981,0.5582608023546527,-0.020213536197862498,-0.14915295525776068,-1.0500994255839482,0.29237580386163814,0.2513722947815344,-0.31024983785462773,-2.1422224185336938,47492.7
0.5879646291118369,-0.7579372155100528,-0.34147159728043885,-0.4169108333665442,-1.052362135079183,0.33626531897504425,1.1945547843381912,0.7579372155100562,0.9522907789840104,-0.30134070674560826,0.6753265819054896,0.25565720680892506,2.062366028251568,80065.75
0.09119451390306038,-1.0603006057659918,1.7088380255546678,0.48205315108006663,0.9502432353523981,0.23206052817133543,-0.020213536197862498,1.0603006057659952,-1.0500994255839482,-0.44523245994601685,0.756111158361628,2.4501189688931473,1.1379736053352763,81203.72
0.5879646291118369,-0.6067555203820832,-1.1191752473213412,1.3810171355266774,-1.052362135079183,1.1466366333560816,-0.020213536197862498,0.6067555203820867,0.9522907789840104,0.20931269035547048,1.3214707342760708,-0.4957415913832367,-0.9671453726489531,73367.23
0.5879646291118369,0.30033465038573365,1.0725350391575654,-0.4169108333665442,-1.052362135079183,-1.6192496410408967,-1.2349818567339161,-0.30033465038573015,0.9522907789840104,-1.3445084045434896,-1.218664117606114,0.41285360810435645,-0.9671453726489531,7102.22
0.09119451390306038,0.4515163455137032,-0.2707712654585386,1.3810171355266774,0.9502432353523981,-1.231947466795405,-1.2349818567339161,-0.4515163455136996,-1.0500994255839482,-1.0064415836788325,-0.9961692620879243,-0.46115838309824175,-1.6196282426233282,47239.4
0.5879646291118369,1.660969906537459,0.294831389116663,0.48205315108006663,-1.052362135079183,-1.4646406925568576,1.1945547843381912,-1.6609699065374555,0.9522907789840104,-0.9531579953881382,-1.2015234417236174,-1.1402468366945053,-0.9671453726489531,94768.92
-0.4055756013057161,0.7538797357696422,1.213935702801366,-1.315874817813155,-1.052362135079183,-0.7549737197984286,1.1945547843381912,-0.7538797357696385,-1.0500994255839482,-0.45129433111385125,-0.8065142897154779,0.004142964736234937,0.5993057439214935,83262.0
-0.9023457165144926,0.4515163455137032,1.0725350391575654,-0.4169108333665442,-1.052362135079183,1.7050333698857119,1.1945547843381912,-0.4515163455136996,0.9522907789840104,1.5434555469570463,0.7017093534989005,0.25565720680892506,2.122442554249507,65624.73
0.09119451390306038,1.2074248211535505,1.284636034623266,-1.315874817813155,0.9502432353523981,0.4615767786034067,1.1945547843381912,-1.207424821153547,-1.0500994255839482,1.608830098577822,-0.5253883937987762,-0.46430231112415044,-1.6196282426233282,10930.39
-1.3991158317232693,0.9050614308976117,-1.5433772382527424,-1.315874817813155,0.9502432353523981,-0.7350569726425978,-1.2349818567339161,-0.905061430897608,0.9522907789840104,-0.33714097882928945,-0.8409214221399115,-1.2628600297049417,0.47660365932963433,66972.89
0.5879646291118369,0.9050614308976117,0.7190333800480644,-0.4169108333665442,0.9502432353523981,0.45391737990020725,-0.020213536197862498,-0.905061430897608,0.9522907789840104,1.0048122704765188,-0.32540883287200173,-0.3574087582432572,0.37516262445382653,91600.06
0.09119451390306038,-1.5138456911499003,-1.2605759109651418,1.3810171355266774,-1.052362135079183,-1.0539559798871188,-0.020213536197862498,1.5138456911499036,-1.0500994255839482,-1.1099716639319284,-0.5209643652063363,-0.2945301977250846,-0.7470670257026498,41047.31
1.58150485952939,-1.2114823008939613,-0.2707712654585386,1.3810171355266774,0.9502432353523981,0.9180908044791669,-1.2349818567339161,1.2114823008939646,-1.0500994255839482,-0.16105834831822274,1.606847571240584,0.6109210737365999,-1.2207387173533923,84622.59
1.58150485952939,-1.6650273862778697,0.1534307254728628,-1.315874817813155,-1.052362135079183,1.6722816423991804,-1.2349818567339161,1.665027386277873,-1.0500994255839482,0.02010299330853422,2.922443700037954,1.393759152187848,0.3674671920348336,34750.31
1.0847347443206135,-1.2114823008939613,-0.34147159728043885,-0.4169108333665442,0.9502432353523981,1.0311564682924594,1.1945547843381912,1.2114823008939646,0.9522907789840104,-0.10788617706312999,1.7321278908011357,0.5386107291407015,-0.4721873181544019,59159.81
-0.9023457165144926,0.9050614308976117,0.0827303936509625,0.48205315108006663,-1.052362135079183,0.12216028704986297,-1.2349818567339161,-0.905061430897608,0.9522907789840104,0.6303697875258697,-0.4692512610770442,-0.6120669283418559,-0.23600717548390576,66600.32
-0.4055756013057161,-1.0603006057659918,1.7795383573765677,-1.315874817813155,-1.052362135079183,0.2480955891065403,-0.020213536197862498,1.0603006057659952,-1.0500994255839482,-0.43736367496127826,0.7731060177274279,2.5192853854631365,0.5993057439214935,69409.53
-0.9023457165144926,0.4515163455137032,0.6483330482261644,-1.315874817813155,-1.052362135079183,0.7352125518824141,-1.2349818567339161,-0.4515163455136996,0.9522907789840104,0.701453689072248,0.14105263852370994,0.029294388943504085,-0.23600717548390576,27289.12
-0.9023457165144926,-0.6067555203820832,-0.34147159728043885,-1.315874817813155,-1.052362135079183,-0.9262415716459877,1.1945547843381912,0.6067555203820867,0.9522907789840104,-0.960479423607548,-0.5758976768379378,0.1613393660316663,-0.26764155666356654,29925.11
-0.9023457165144926,1.2074248211535505,-1.2605759109651418,-0.4169108333665442,-1.052362135079183,0.032199898359344066,1.1945547843381912,-1.207424821153547,0.9522907789840104,1.0030519983311574,-0.6701858645330208,-1.2565721736531246,1.1026041036699394,71883.89
-1.3991158317232693,0.7538797357696422,-1.1898755791432414,-0.4169108333665442,0.9502432353523981,-1.2418018666352677,1.1945547843381912,-0.7538797357696385,0.9522907789840104,-0.9508085951240938,-1.041045129928611,-1.0647925640726983,-0.38744411323898026,21833.41
0.09119451390306038,1.0562431260255811,1.4260366982670667,1.3810171355266774,0.9502432353523981,-1.62510682828452,-1.2349818567339161,-1.0562431260255776,-1.0500994255839482,-1.338783639400551,-1.2279507374442638,-0.24737127733645523,-0.7470670257026498,18393.04
1.58150485952939,0.4515163455137032,1.7795383573765677,-0.4169108333665442,-1.052362135079183,-0.7074115109581993,-1.2349818567339161,-0.4515163455136996,-1.0500994255839482,-0.551037615086354,-0.6929332411376511,0.6329285699179603,0.3674671920348336,69490.41
-0.9023457165144926,-0.4555738252541138,-1.048474915499441,-1.315874817813155,0.9502432353523981,0.850530980020177,1.1945547843381912,0.4555738252541172,0.9522907789840104,0.11643414381315473,0.9300480007167528,-0.4988855194091454,2.122442554249507,76008.85
1.58150485952939,-0.4555738252541138,-0.05867026999283805,-0.4169108333665442,-1.052362135079183,-1.608921583061017,-1.2349818567339161,0.4555738252541172,-1.0500994255839482,-1.3445642861988978,-1.2026788428253792,0.2933843431198285,0.3674671920348336,14395.92
0.5879646291118369,-0.3043921301261443,-0.2707712654585386,-1.315874817813155,0.9502432353523981,0.4163135446378933,1.1945547843381912,0.30439213012614774,0.9522907789840104,-0.07336528443465755,0.4540444523028775,0.026150460917595413,0.37516262445382653,46174.22
-0.4055756013057161,-1.5138456911499003,-0.4828722609242394,1.3810171355266774,-1.052362135079183,-1.455040450743345,-1.2349818567339161,1.5138456911499036,-1.0500994255839482,-1.2840831406916153,-1.0040233181322713,0.5700500093997878,-2.1422224185336938,16981.03
-1.3991158317232693,1.0562431260255811,0.36553172093856334,1.3810171355266774,-1.052362135079183,-0.42628962853941327,-1.2349818567339161,-1.0562431260255776,0.9522907789840104,0.1646191632672008,-0.7659238691212106,-0.6246426404454904,-0.38744411323898026,46543.12
0.5879646291118369,-0.1532104349981748,0.294831389116663,-1.315874817813155,-1.052362135079183,-1.4235595133885661,-0.020213536197862498,0.15321043499817827,0.9522907789840104,-1.2187374254378933,-1.0636077314052137,0.3311114794307321,-0.4991774591537944,74549.33
1.58150485952939,0.14915295525776417,-1.1898755791432414,-1.315874817813155,-1.052362135079183,-1.6007076577548711,-0.020213536197862498,-0.14915295525776068,-1.0500994255839482,-1.332125029705012,-1.2047525540513737,-0.8384297462072771,0.3674671920348336,69921.92
0.5879646291118369,-0.3043921301261443,-0.05867026999283805,0.48205315108006663,0.9502432353523981,-1.5253729082170677,-1.2349818567339161,0.30439213012614774,0.9522907789840104,-1.2908723638062343,-1.1361575705291418,0.18649079023893522,-0.4991774591537944,31643.75
1.58150485952939,1.0562431260255811,-0.9777745836775408,1.3810171355266774,0.9502432353523981,-0.6162958585115417,-1.2349818567339161,-1.0562431260255776,-1.0500994255839482,-0.07366228508469785,-0.8391527011854802,-1.1025197003836016,0.3674671920348336,38014.82
-1.3991158317232693,-0.4555738252541138,-1.684777901896543,0.48205315108006663,-1.052362135079183,0.8608128274498112,1.1945547843381912,0.4555738252541172,0.9522907789840104,0.12254191071128917,0.9389639571956667,-1.008201859606343,0.3338715005351011,59286.67
-1.3991158317232693,-0.7579372155100528,-0.4828722609242394,1.3810171355266774,0.9502432353523981,1.3531746876785546,1.1945547843381912,0.7579372155100562,0.9522907789840104,0.24520671943878108,1.6551245258504743,0.12990008577258003,-0.32573604007393053,28322.67
0.09119451390306038,-1.3626639960219307,1.0018347073356655,-0.4169108333665442,0.9502432353523981,0.5091851979938816,1.1945547843381912,1.362663996021934,-1.0500994255839482,-0.39394430900744887,1.2577110709716166,2.0665597497322943,0.07785883467789716,66900.0
0.5879646291118369,1.2074248211535505,0.22413105729476276,-1.315874817813155,-1.052362135079183,-0.972128648039816,-1.2349818567339161,-1.207424821153547,0.9522907789840104,-0.41388558460380565,-1.0088725521398103,-0.7944147538445564,0.37516262445382653,84064.87
-0.9023457165144926,-0.9091189106380223,-0.8363739200337406,0.48205315108006663,0.9502432353523981,-1.539028125814627,-0.020213536197862498,0.9091189106380256,0.9522907789840104,-1.3119073854549912,-1.1262587439415033,-0.11218237222238435,-0.23600717548390576,48635.26
0.5879646291118369,1.3586065162815202,0.7190333800480644,-0.4169108333665442,-1.052362135079183,0.5744807054908397,1.1945547843381912,-1.3586065162815164,0.9522907789840104,2.216140287543597,-0.5944035737717938,-0.7818390417409218,-0.4991774591537944,69553.2
1.58150485952939,-0.9091189106380223,1.0725350391575654,1.3810171355266774,0.9502432353523981,-0.08109681820517613,1.1945547843381912,0.9091189106380256,-1.0500994255839482,-0.563945821574728,0.34870259346998483,1.6704248184678072,0.69675831515521,8673.23
1.58150485952939,-1.3626639960219307,0.8604340436918649,-0.4169108333665442,0.9502432353523981,-0.4603583567079429,-1.2349818567339161,1.362663996021934,-1.0500994255839482,-0.8316601001994295,0.13671821473733145,1.9156512044886804,0.3674671920348336,22424.55
0.5879646291118369,-0.6067555203820832,-0.05867026999283805,-0.4169108333665442,0.9502432353523981,-1.076841754896226,-0.020213536197862498,0.6067555203820867,0.9522907789840104,-1.0454679705961725,-0.7137466009654881,0.4002778960007218,2.062366028251568,94194.75
-0.4055756013057161,0.7538797357696422,-0.8363739200337406,-0.4169108333665442,0.9502432353523981,-0.4646790431559015,-1.2349818567339161,-0.7538797357696385,-1.0500994255839482,-0.15343494748667097,-0.6666640060686906,-0.9075961627772668,0.5993057439214935,92518.57
-1.3991158317232693,-0.002028739870205314,0.36553172093856334,1.3810171355266774,-1.052362135079183,-0.8332774971895083,-1.2349818567339161,0.002028739870208805,0.9522907789840104,-0.7930123473190547,-0.6478859554071076,0.25565720680892506,-0.32573604007393053,28532.54
1.58150485952939,-0.1532104349981748,-0.7656735882118402,0.48205315108006663,-1.052362135079183,1.3700184332430565,1.1945547843381912,0.15321043499817827,-1.0500994255839482,0.635975813282055,1.0896948244356355,-0.42343124678733834,-1.2207387173533923,10257.49
-1.3991158317232693,-1.6650273862778697,-1.7554782337184431,0.48205315108006663,0.9502432353523981,0.2747475239606596,-1.2349818567339161,1.665027386277873,0.9522907789840104,-0.5640996999602995,1.171952036400089,-0.813278322000008,0.3338715005351011,81937.8
0.09119451390306038,0.14915295525776417,-0.7656735882118402,1.3810171355266774,-1.052362135079183,0.5293676558136243,-0.020213536197862498,-0.14915295525776068,-1.0500994255839482,0.2706353562786832,0.2318851973937256,-0.5743397920309524,0.07785883467789716,83282.78
-0.9023457165144926,0.4515163455137032,0.8604340436918649,-1.315874817813155,-1.052362135079183,-1.6210634051380346,-0.020213536197862498,-0.4515163455136996,0.9522907789840104,-1.3442734150181828,-1.2211185101199724,0.1424757978762147,-0.26764155666356654,57722.66
1.58150485952939,-1.0603006057659918,-1.684777901896543,0.48205315108006663,-1.052362135079183,0.9928363695013394,1.1945547843381912,1.0603006057659952,-1.0500994255839482,-0.07190169798636735,1.5624241798429286,-0.8698690264663632,-1.2207387173533923,33051.79
0.09119451390306038,0.7538797357696422,1.5674373619108672,-1.315874817813155,0.9502432353523981,-0.39143532101670936,1.1945547843381912,-0.7538797357696385,-1.0500994255839482,-0.07828258788000424,-0.6313786352345364,0.1613393660316663,-1.6196282426233282,39585.97
1.58150485952939,1.660969906537459,-1.1191752473213412,-1.315874817813155,0.9502432353523981,0.2160023619610078,1.1945547843381912,-1.6609699065374555,-1.0500994255839482,2.84060661040018,-0.8776616188314866,-1.3917610787671955,0.69675831515521,68362.11
-0.4055756013057161,1.8121516016654287,-0.05867026999283805,1.3810171355266774,0.9502432353523981,-0.45875254008691013,1.1945547843381912,-1.8121516016654249,-1.0500994255839482,1.9888369973657516,-1.0650007800360954,-1.3100189500935713,0.2337897666176811,47470.85
-0.9023457165144926,1.3586065162815202,0.4362320527604633,-0.4169108333665442,0.9502432353523981,-1.2428300513782313,-1.2349818567339161,-1.3586065162815164,0.9522907789840104,-0.714051568227138,-1.1197003399997103,-0.8572933143627289,2.122442554249507,86150.93
1.58150485952939,1.5097882114094896,0.22413105729476276,-0.4169108333665442,-1.052362135079183,-1.4876304413040171,1.1945547843381912,-1.5097882114094858,-1.0500994255839482,-1.0655502852817067,-1.198206950796161,-1.033353283813612,0.69675831515521,14728.06
-0.4055756013057161,0.9050614308976117,0.0827303936509625,-0.4169108333665442,-1.052362135079183,-0.8346522610593133,-0.020213536197862498,-0.905061430897608,-1.0500994255839482,-0.4495506541267628,-0.8841037034908767,-0.6120669283418559,0.5993057439214935,69242.72
-0.4055756013057161,-0.4555738252541138,0.294831389116663,-1.315874817813155,0.9502432353523981,1.63604101836911,1.1945547843381912,0.4555738252541172,-1.0500994255839482,0.5830538095117493,1.6112070398485325,0.5763378654516051,0.5993057439214935,50475.25
0.09119451390306038,1.3586065162815202,1.4260366982670667,1.3810171355266774,-1.052362135079183,-1.327984542843213,1.1945547843381912,-1.3586065162815164,-1.0500994255839482,-0.8513527955653116,-1.14431439063869,-0.5932033601864042,-1.6196282426233282,43577.25
1.58150485952939,-0.002028739870205314,1.1432353709794654,0.48205315108006663,-1.052362135079183,-0.9881637089750209,-0.020213536197862498,0.002028739870208805,-1.0500994255839482,-0.9022714614526548,-0.7598112630033632,0.7744053310838486,0.3674671920348336,8055.44
-0.4055756013057161,-1.5138456911499003,-0.2707712654585386,-1.315874817813155,0.9502432353523981,0.8240638873670398,-1.2349818567339161,1.5138456911499036,-1.0500994255839482,-0.29471992463219165,1.7408891259379065,0.8058446113429348,-0.48592130799853095,90105.17
-0.4055756013057161,-1.3626639960219307,0.8604340436918649,-0.4169108333665442,-1.052362135079183,-0.9436167385383135,-0.020213536197862498,1.362663996021934,-1.0500994255839482,-1.049834749421961,-0.42202841517945483,1.9156512044886804,-2.1422224185336938,66947.85
-0.4055756013057161,-0.002028739870205314,0.294831389116663,0.48205315108006663,-1.052362135079183,1.4932042075601237,-0.020213536197862498,0.002028739870208805,-1.0500994255839482,0.8481236013151308,1.0332977821211664,0.2084982864202957,-2.1422224185336938,5247.71
-0.4055756013057161,0.4515163455137032,-1.1191752473213412,-1.315874817813155,-1.052362135079183,-0.8173117520796718,-0.020213536197862498,-0.4515163455136996,-1.0500994255839482,-0.646453392401574,-0.7564669444963849,-0.9138840188290842,0.5993057439214935,64682.75
0.5879646291118369,-0.4555738252541138,-0.8363739200337406,-1.315874817813155,0.9502432353523981,-0.2844694498358291,-0.020213536197862498,0.4555738252541172,0.9522907789840104,-0.5577946951465199,-0.054173415269081794,-0.32911340601007955,-0.4991774591537944,60906.19
1.0847347443206135,-0.6067555203820832,-0.9070742518556405,-0.4169108333665442,0.9502432353523981,1.5386753890017422,1.1945547843381912,0.6067555203820867,0.9522907789840104,0.43055282092151625,1.6803157204887444,-0.3165376939064449,-0.3906307080330218,79657.35
0.5879646291118369,0.6026980406416726,0.22413105729476276,0.48205315108006663,-1.052362135079183,0.19831527385452466,-1.2349818567339161,-0.6026980406416691,0.9522907789840104,0.3689302567809456,-0.2582970593383028,-0.3165376939064451,0.37516262445382653,86424.23
1.58150485952939,-1.2114823008939613,-0.2707712654585386,-0.4169108333665442,-1.052362135079183,0.2862423983342395,-0.020213536197862498,1.2114823008939646,-1.0500994255839482,-0.4582020657448899,0.906739620108955,0.6109210737365999,-1.2207387173533923,81568.35
1.58150485952939,-1.6650273862778697,0.4362320527604633,-0.4169108333665442,-1.052362135079183,0.6143604103527469,1.1945547843381912,1.665027386277873,-1.0500994255839482,-0.42213338924100385,1.5973366611114852,1.720727666882345,0.69675831515521,22034.71
0.09119451390306038,-1.0603006057659918,-0.9777745836775408,-1.315874817813155,0.9502432353523981,1.4168528259169186,-1.2349818567339161,1.0603006057659952,-1.0500994255839482,0.13617324098687633,2.011820666372444,-0.17820486076646533,1.1379736053352763,67541.26
-0.9023457165144926,-0.7579372155100528,-0.7656735882118402,1.3810171355266774,0.9502432353523981,-0.5947732947346781,1.1945547843381912,0.7579372155100562,0.9522907789840104,-0.8017360946355714,-0.22173440260407942,-0.12161415630011015,1.1026041036699394,12549.81
0.09119451390306038,-1.2114823008939613,-0.34147159728043885,-0.4169108333665442,0.9502432353523981,1.0354887073779795,1.1945547843381912,1.2114823008939646,-1.0500994255839482,-0.105848825043036,1.736928148268716,0.5386107291407015,-0.7470670257026498,51937.67
-1.3991158317232693,-1.0603006057659918,1.1432353709794654,0.48205315108006663,0.9502432353523981,-0.056050699972089585,-0.020213536197862498,1.0603006057659952,0.9522907789840104,-0.5866154777661875,0.45075467585176254,1.8967876363332279,0.3338715005351011,39255.57
1.58150485952939,-1.6650273862778697,0.5776327164042638,0.48205315108006663,-1.052362135079183,-1.5305484898445691,-0.020213536197862498,1.665027386277873,-1.0500994255839482,-1.3187566199579919,-1.0892847955819416,1.8842119242295938,-1.2207387173533923,71574.06
-0.9023457165144926,0.4515163455137032,1.0725350391575654,-0.4169108333665442,-1.052362135079183,0.9355930503846679,-1.2349818567339161,-0.4515163455136996,0.9522907789840104,0.8754247452619348,0.2568932865587396,0.25565720680892506,-0.26764155666356654,67293.83
1.58150485952939,1.2074248211535505,1.5674373619108672,0.48205315108006663,-1.052362135079183,0.5352017377821247,-1.2349818567339161,-1.207424821153547,-1.0500994255839482,1.7127024539702937,-0.5005600707974756,-0.37627232639870895,0.3674671920348336,74700.4
1.58150485952939,1.0562431260255811,-1.684777901896543,-0.4169108333665442,-1.052362135079183,-0.45963054054157554,1.1945547843381912,-1.0562431260255776,-1.0500994255839482,0.12280726687615187,-0.7787735322413833,-1.3540339424562917,-1.2207387173533923,39768.76
-0.9023457165144926,-0.3043921301261443,-1.1898755791432414,1.3810171355266774,-1.052362135079183,1.8084063707850009,-1.2349818567339161,0.30439213012614774,0.9522907789840104,0.7995268699522754,1.594140385327565,-0.6686576328082112,-0.23600717548390576,43429.33
0.5879646291118369,0.9050614308976117,1.3553363664451665,1.3810171355266774,-1.052362135079183,1.3169802741987298,-0.020213536197862498,-0.905061430897608,0.9522907789840104,1.9789207976135503,0.04879586413374784,-0.10275058814465833,-0.4991774591537944,57601.95
0.5879646291118369,-1.3626639960219307,-0.12937060181473833,-0.4169108333665442,0.9502432353523981,-1.2442510257982817,-0.020213536197862498,1.362663996021934,0.9522907789840104,-1.1855608591663596,-0.7696238240944828,0.8592913877833811,0.37516262445382653,94112.67
-0.9023457165144926,-0.1532104349981748,0.22413105729476276,-1.315874817813155,0.9502432353523981,-1.067287723632959,-1.2349818567339161,0.15321043499817827,0.9522907789840104,-0.9822013352819279,-0.7889918194419365,0.280808631016194,2.122442554249507,73779.99
-1.3991158317232693,-0.1532104349981748,0.6483330482261644,-1.315874817813155,0.9502432353523981,-0.5902793187232986,-1.2349818567339161,0.15321043499817827,0.9522907789840104,-0.6655057497396011,-0.4213115767309629,0.5826257215034225,0.3338715005351011,78189.24
1.58150485952939,-0.9091189106380223,0.7897337118699643,1.3810171355266774,0.9502432353523981,0.3573373298870137,-1.2349818567339161,0.9091189106380256,-1.0500994255839482,-0.3390162317141119,0.7922580710577896,1.4063348642914824,-1.2207387173533923,44014.24
-1.3991158317232693,-1.0603006057659918,-0.7656735882118402,1.3810171355266774,0.9502432353523981,-0.010810571281698933,-1.2349818567339161,1.0603006057659952,0.9522907789840104,-0.5644150728668818,0.4987027084717004,0.029294388943503863,-0.38744411323898026,31567.83
-0.4055756013057161,0.6026980406416726,-0.9070742518556405,1.3810171355266774,-1.052362135079183,1.058894351077349,-1.2349818567339161,-0.6026980406416691,-1.0500994255839482,1.1783511990787643,0.1977479924906574,-0.8698690264663632,0.5993057439214935,48632.89
-0.4055756013057161,1.2074248211535505,1.4260366982670667,1.3810171355266774,-1.052362135079183,0.500416746084789,1.1945547843381912,-1.207424821153547,-1.0500994255839482,1.6636267185102698,-0.5122905086692654,-0.4202873187614297,-0.48592130799853095,58722.57
0.5879646291118369,-0.002028739870205314,-0.9777745836775408,-1.315874817813155,0.9502432353523981,-1.6375259136630107,-1.2349818567339161,0.002028739870208805,0.9522907789840104,-1.3603415402425056,-1.2290593882124283,-0.6403622805750336,0.37516262445382653,77932.45
0.5879646291118369,-0.9091189106380223,-1.2605759109651418,1.3810171355266774,-1.052362135079183,-0.5625645412135318,1.1945547843381912,0.9091189106380256,0.9522907789840104,-0.8109528987803623,-0.1383891322803078,-0.5083173034868714,2.062366028251568,90079.29
-1.3991158317232693,-1.6650273862778697,1.284636034623266,1.3810171355266774,-1.052362135079183,1.4853137561056966,-1.2349818567339161,1.665027386277873,0.9522907789840104,-0.05805405580127554,2.6882556956045343,2.7016332109658365,0.3338715005351011,38681.7
-1.3991158317232693,0.7538797357696422,0.6483330482261644,-1.315874817813155,-1.052362135079183,0.7651454358039672,-0.020213536197862498,-0.7538797357696385,0.9522907789840104,1.108437180205459,-0.07419257597735518,-0.24737127733645523,-0.32573604007393053,65541.58
-1.3991158317232693,0.14915295525776417,-0.9070742518556405,0.48205315108006663,0.9502432353523981,1.3183434854309735,-0.020213536197862498,-0.14915295525776068,0.9522907789840104,0.8642947434159566,0.7640130778427527,-0.6623697767563939,0.3338715005351011,79831.68
0.5879646291118369,0.9050614308976117,0.931134375513765,-0.4169108333665442,-1.052362135079183,1.756592791322181,-1.2349818567339161,-0.905061430897608,0.9522907789840104,2.4750958787056225,0.23940198317426323,-0.2725227015437244,2.062366028251568,71478.06
-0.4055756013057161,-1.0603006057659918,0.931134375513765,1.3810171355266774,-1.052362135079183,-0.4459522176688936,-1.2349818567339161,1.0603006057659952,-1.0500994255839482,-0.7779494066097964,0.03751511994703686,1.6892883866232589,0.5993057439214935,24529.31
0.5879646291118369,-1.3626639960219307,-1.048474915499441,0.48205315108006663,0.9502432353523981,0.1905865593259569,1.1945547843381912,1.362663996021934,0.9522907789840104,-0.5377807096734377,0.8893451567012156,-0.12161415630011015,0.37516262445382653,53550.0
-0.4055756013057161,-0.1532104349981748,1.7088380255546678,1.3810171355266774,-1.052362135079183,1.6689429301439396,-1.2349818567339161,0.15321043499817827,-1.0500994255839482,0.8344378688865043,1.3201071828794826,1.337168447721493,0.2337897666176811,71710.27
0.09119451390306038,-1.2114823008939613,1.5674373619108672,-1.315874817813155,-1.052362135079183,1.599476920487321,-0.020213536197862498,1.2114823008939646,-1.0500994255839482,0.15938181034087906,2.3618448664281697,2.490990033229959,-0.7470670257026498,34662.28
0.09119451390306038,0.30033465038573365,-0.6949732563899399,0.48205315108006663,-1.052362135079183,1.7123577420996312,-1.2349818567339161,-0.30033465038573015,-1.0500994255839482,1.3413967946098966,0.8678505777266752,-0.6089230003159473,0.07785883467789716,32076.7
-0.9023457165144926,-0.1532104349981748,0.931134375513765,1.3810171355266774,-1.052362135079183,-0.4693347560931404,1.1945547843381912,0.15321043499817827,0.9522907789840104,-0.5852081937928193,-0.3280869591252186,0.7838371151615743,-0.23600717548390576,31294.11
1.58150485952939,-0.3043921301261443,0.7190333800480644,1.3810171355266774,0.9502432353523981,-1.3699899330164156,1.1945547843381912,0.30439213012614774,-1.0500994255839482,-1.1934416627564064,-1.0089020493741039,0.7744053310838486,-1.2207387173533923,72894.3
0.09119451390306038,1.0562431260255811,1.6381376937327672,1.3810171355266774,-1.052362135079183,-1.599182709596768,1.1945547843381912,-1.0562431260255776,-1.0500994255839482,-1.3062729340985715,-1.2179595232926117,-0.1719170047146482,-0.7470670257026498,41476.21
0.5879646291118369,0.9050614308976117,-0.34147159728043885,-0.4169108333665442,0.9502432353523981,-0.8693448316561578,-0.020213536197862498,-0.905061430897608,0.9522907789840104,-0.48870693007135313,-0.8991456233258087,-0.7818390417409218,2.062366028251568,78235.35
0.5879646291118369,-0.9091189106380223,-1.2605759109651418,-0.4169108333665442,0.9502432353523981,-0.5352310007432907,-1.2349818567339161,0.9091189106380256,0.9522907789840104,-0.7969299900398755,-0.11073630995750361,-0.5083173034868714,-0.9671453726489531,18566.94
-0.4055756013057161,0.4515163455137032,0.6483330482261644,0.48205315108006663,-1.052362135079183,-0.14368900851276972,-1.2349818567339161,-0.4515163455136996,-1.0500994255839482,-0.06161174839094,-0.36704334424994206,0.029294388943504085,-2.1422224185336938,24473.09
-0.9023457165144926,-0.3043921301261443,0.294831389116663,1.3810171355266774,-1.052362135079183,-1.3285390694461598,-0.020213536197862498,0.30439213012614774,0.9522907789840104,-1.1674504839187274,-0.9749546285633771,0.4537246724411685,-0.23600717548390576,58221.96
1.58150485952939,-1.0603006057659918,-1.048474915499441,1.3810171355266774,0.9502432353523981,-1.6138430066621678,-0.020213536197862498,1.0603006057659952,-1.0500994255839482,-1.3510611360494096,-1.2002812185737461,-0.24737127733645523,0.3674671920348336,24368.44
-1.3991158317232693,-1.0603006057659918,0.01203006182906223,1.3810171355266774,-1.052362135079183,-0.45235237887790186,-1.2349818567339161,1.0603006057659952,0.9522907789840104,-0.7810901176195552,0.030731869162704425,0.7901249712133916,0.47660365932963433,90768.57
1.0847347443206135,-1.0603006057659918,-0.2707712654585386,-0.4169108333665442,0.9502432353523981,-1.3426679451837358,-1.2349818567339161,1.0603006057659952,0.9522907789840104,-1.2179890971828606,-0.9128746379588832,0.5134593049334326,-0.4721873181544019,45001.78
-0.4055756013057161,-1.3626639960219307,0.5069323845823639,-1.315874817813155,-1.052362135079183,1.2003332927414074,1.1945547843381912,1.362663996021934,-1.0500994255839482,-0.08191455680484379,2.0568212017693903,1.5383798413796452,0.2337897666176811,24217.35
0.09119451390306038,1.660969906537459,0.8604340436918649,-1.315874817813155,0.9502432353523981,-0.1336497664719246,-0.020213536197862498,-1.6609699065374555,-1.0500994255839482,2.0513266585260745,-0.9450399805770082,-1.039641139865429,1.1379736053352763,41862.62
0.09119451390306038,-0.9091189106380223,-0.9070742518556405,0.48205315108006663,0.9502432353523981,0.29298913867008936,-0.020213536197862498,0.9091189106380256,-1.0500994255839482,-0.3720287429924347,0.7271582315235462,-0.17820486076646533,1.1379736053352763,51706.44
-0.4055756013057161,-1.2114823008939613,-0.34147159728043885,-0.4169108333665442,0.9502432353523981,-0.8003062695893104,-0.020213536197862498,1.2114823008939646,-1.0500994255839482,-0.9691808182619014,-0.2971905541333062,0.5386107291407015,-2.1422224185336938,33048.47
0.5879646291118369,0.9050614308976117,-0.8363739200337406,1.3810171355266774,0.9502432353523981,0.4344396329717091,-1.2349818567339161,-0.905061430897608,0.9522907789840104,0.9828284272388969,-0.33385394670540014,-0.9799065073731653,2.062366028251568,78063.9
0.09119451390306038,-0.4555738252541138,-1.048474915499441,-1.315874817813155,0.9502432353523981,-1.0925764472548347,-0.020213536197862498,0.4555738252541172,-1.0500994255839482,-1.037837722702138,-0.7549275227972165,-0.4988855194091454,1.1379736053352763,42423.63
-0.9023457165144926,0.7538797357696422,1.0018347073356655,-1.315874817813155,-1.052362135079183,-1.1788515445632712,-0.020213536197862498,-0.7538797357696385,0.9522907789840104,-0.8862178683895943,-1.0107186337653133,-0.09017487604102387,2.122442554249507,74303.45
1.58150485952939,0.14915295525776417,1.4260366982670667,-0.4169108333665442,0.9502432353523981,-1.0175767242063116,1.1945547843381912,-0.14915295525776068,-1.0500994255839482,-0.8933522059556193,-0.8114575809418021,0.7901249712133916,0.3674671920348336,24671.86
0.09119451390306038,0.14915295525776417,1.213935702801366,0.48205315108006663,-1.052362135079183,1.1148437747871451,-1.2349818567339161,-0.14915295525776068,-1.0500994255839482,0.7111727985244132,0.6267618901233396,0.6580799941252292,-1.6196282426233282,64459.23
1.58150485952939,-1.2114823008939613,-0.41217192910233913,1.3810171355266774,0.9502432353523981,0.9096920369720387,-1.2349818567339161,1.2114823008939646,-1.0500994255839482,-0.16500809476784487,1.5975414720967689,0.46630038454480316,-1.2207387173533923,80975.36
1.58150485952939,-1.0603006057659918,-0.5535725927461393,-1.315874817813155,0.9502432353523981,1.5802648842227347,-1.2349818567339161,1.0603006057659952,-1.0500994255839482,0.2163634164977755,2.1850139558027357,0.2367936386534735,-1.2207387173533923,66520.34
-0.4055756013057161,-0.4555738252541138,-0.05867026999283805,0.48205315108006663,-1.052362135079183,1.014301170090396,-0.020213536197862498,0.4555738252541172,-1.0500994255839482,0.2137192039793941,1.0720621569471864,0.2933843431198285,0.2337897666176811,29100.96
1.0847347443206135,0.7538797357696422,-1.401976574608942,-0.4169108333665442,0.9502432353523981,-0.15021624873495326,1.1945547843381912,-0.7538797357696385,0.9522907789840104,0.16922234407381312,-0.5151706631498134,-1.159110404849957,1.1512285520161478,51919.68
-0.4055756013057161,0.14915295525776417,-0.9070742518556405,1.3810171355266774,0.9502432353523981,0.22560260377452024,-0.020213536197862498,-0.14915295525776068,-1.0500994255839482,0.04206945114225159,0.027009652125814586,-0.6623697767563939,-0.48592130799853095,63775.3
-1.3991158317232693,0.14915295525776417,1.0725350391575654,-0.4169108333665442,0.9502432353523981,1.2331889939659915,1.1945547843381912,-0.14915295525776068,0.9522907789840104,0.8002208373248091,0.706580293018467,0.5700500093997878,-0.38744411323898026,71982.59
0.5879646291118369,1.5097882114094896,1.3553363664451665,-1.315874817813155,-1.052362135079183,0.4417408999105056,-1.2349818567339161,-1.5097882114094858,0.9522907789840104,2.563804902129875,-0.733466893469693,-0.7818390417409218,2.062366028251568,56635.93
1.58150485952939,1.3586065162815202,-0.6949732563899399,-0.4169108333665442,-1.052362135079183,-0.8667339355672844,-1.2349818567339161,-1.3586065162815164,-1.0500994255839482,-0.10764247095482159,-1.010989117838269,-1.159110404849957,-1.2207387173533923,54949.03
1.0847347443206135,1.660969906537459,1.284636034623266,-0.4169108333665442,0.9502432353523981,-0.6531372196948042,-0.020213536197862498,-1.6609699065374555,0.9522907789840104,0.8786724724452277,-1.0451458020470028,-0.9641868672436221,1.1512285520161478,32744.33
-1.3991158317232693,1.0562431260255811,1.284636034623266,0.48205315108006663,-1.052362135079183,-0.5669198855741746,1.1945547843381912,-1.0562431260255776,0.9522907789840104,-0.01174127151042814,-0.8201230892050163,-0.2976741257509933,-0.32573604007393053,61508.19
-0.4055756013057161,-1.3626639960219307,0.931134375513765,0.48205315108006663,0.9502432353523981,1.7876578337247502,-1.2349818567339161,1.362663996021934,-1.0500994255839482,0.1832424079300246,2.7358898331274615,1.9911054771104868,-0.48592130799853095,7611.82
-0.4055756013057161,-0.3043921301261443,-1.2605759109651418,0.48205315108006663,0.9502432353523981,1.3130754827029811,-1.2349818567339161,0.30439213012614774,-1.0500994255839482,0.48893662919298814,1.1884743834656022,-0.7221044092486579,-0.48592130799853095,11146.53
1.58150485952939,-1.5138456911499003,0.7190333800480644,-0.4169108333665442,-1.052362135079183,-1.1055038486860265,-1.2349818567339161,1.5138456911499036,-1.0500994255839482,-1.1323486847655515,-0.5830476951203728,1.9062194204109542,0.3674671920348336,74717.66
-0.9023457165144926,0.14915295525776417,1.5674373619108672,-1.315874817813155,0.9502432353523981,-0.16571988834233434,-1.2349818567339161,-0.14915295525776068,0.9522907789840104,-0.25237844209142735,-0.2369193561977555,0.8781549559388331,1.1026041036699394,35579.68
0.09119451390306038,0.7538797357696422,-0.5535725927461393,-0.4169108333665442,0.9502432353523981,-0.16947449554978503,-0.020213536197862498,-0.7538797357696385,-1.0500994255839482,0.14946225204474164,-0.5244483781625162,-0.7818390417409218,-1.6196282426233282,24796.59
-0.4055756013057161,1.3586065162815202,0.01203006182906223,0.48205315108006663,-1.052362135079183,-0.08854826943227061,-1.2349818567339161,-1.3586065162815164,-1.0500994255839482,1.1470869651460307,-0.7860532270443918,-0.9704747232954394,-0.48592130799853095,47333.97
0.5879646291118369,0.30033465038573365,0.5069323845823639,1.3810171355266774,0.9502432353523981,0.46885494026708036,-1.2349818567339161,-0.30033465038573015,0.9522907789840104,0.33889852380360586,0.0890712765278237,0.08588509340985928,-0.4991774591537944,9939.38
0.5879646291118369,-0.002028739870205314,0.0827303936509625,-1.315874817813155,-1.052362135079183,-0.25687019870167604,-1.2349818567339161,0.002028739870208805,0.9522907789840104,-0.386405780556778,-0.2313571796028574,0.06702152525440748,2.062366028251568,33534.51
-0.4055756013057161,1.3586065162815202,-1.331276242787042,1.3810171355266774,0.9502432353523981,-0.2107751748317428,-1.2349818567339161,-1.3586065162815164,-1.0500994255839482,0.9500109937394537,-0.8213831220057818,-1.328882518249023,-0.48592130799853095,55076.77
-0.9023457165144926,-0.002028739870205314,-0.6242729245680396,0.48205315108006663,0.9502432353523981,0.12914963277450198,-1.2349818567339161,0.002028739870208805,0.9522907789840104,-0.11410145895909662,0.0475920430436174,-0.4045676786318866,2.122442554249507,49235.03
-0.9023457165144926,-0.1532104349981748,1.0725350391575654,-0.4169108333665442,-1.052362135079183,0.2325457389489137,1.1945547843381912,0.15321043499817827,0.9522907789840104,-0.1192154522180054,0.21292571091365775,0.8844428119906504,2.122442554249507,99968.62
-1.3991158317232693,-0.7579372155100528,1.284636034623266,-0.4169108333665442,0.9502432353523981,-1.648258313957539,1.1945547843381912,0.7579372155100562,0.9522907789840104,-1.3679414453780332,-1.2367731932559833,1.7018640987268934,0.47660365932963433,41932.64
0.5879646291118369,-1.2114823008939613,-1.2605759109651418,0.48205315108006663,-1.052362135079183,0.1656675201060456,1.1945547843381912,1.2114823008939646,0.9522907789840104,-0.5149056471681457,0.7731388542712643,-0.4014237506059779,0.37516262445382653,41764.91
-1.3991158317232693,1.0562431260255811,1.6381376937327672,-0.4169108333665442,-1.052362135079183,-0.70641798412792,1.1945547843381912,-1.0562431260255776,0.9522907789840104,-0.18668189830249804,-0.8738859728419139,-0.1719170047146482,-0.32573604007393053,52840.27
0.5879646291118369,-1.6650273862778697,-0.6242729245680396,0.48205315108006663,0.9502432353523981,-1.4024528445639124,-1.2349818567339161,1.665027386277873,0.9522907789840104,-1.2652095759312014,-0.9288376506760001,0.494595736777981,-0.9671453726489531,23078.8
1.0847347443206135,-1.3626639960219307,0.931134375513765,-0.4169108333665442,0.9502432353523981,0.5673527281154641,1.1945547843381912,1.362663996021934,0.9522907789840104,-0.36768365640924555,1.3249647651608785,1.9911054771104868,-0.4721873181544019,59365.44
0.09119451390306038,0.14915295525776417,1.1432353709794654,-0.4169108333665442,0.9502432353523981,-1.1049262168079572,-0.020213536197862498,-0.14915295525776068,-1.0500994255839482,-0.9590777254177233,-0.8703707929966692,0.6140650017625083,0.07785883467789716,23250.23
0.09119451390306038,-1.5138456911499003,-0.6242729245680396,-1.315874817813155,0.9502432353523981,-1.5356894135593862,1.1945547843381912,1.5138456911499036,-1.0500994255839482,-1.3190929978049104,-1.1011554844545233,0.41285360810435645,-0.7470670257026498,8261.56
1.58150485952939,-1.2114823008939613,-1.2605759109651418,-1.315874817813155,0.9502432353523981,1.4540985294148296,1.1945547843381912,1.2114823008939646,-1.0500994255839482,0.0910137094852454,2.20076102650276,-0.4014237506059779,0.69675831515521,87189.19
-1.3991158317232693,0.7538797357696422,0.8604340436918649,1.3810171355266774,0.9502432353523981,1.4783013051059348,-1.2349818567339161,-0.7538797357696385,0.9522907789840104,1.840176976874094,0.2693722863196768,-0.1530534365591964,-0.32573604007393053,15573.09
-0.4055756013057161,-1.3626639960219307,0.6483330482261644,1.3810171355266774,-1.052362135079183,-1.405248582853768,1.1945547843381912,1.362663996021934,-1.0500994255839482,-1.2582457558115558,-0.9557702952407698,1.6892883866232593,0.2337897666176811,25450.91
-1.3991158317232693,0.9050614308976117,-0.8363739200337406,-1.315874817813155,0.9502432353523981,-0.4914002938353892,-1.2349818567339161,-0.905061430897608,0.9522907789840104,-0.062134313512155474,-0.7352773557934076,-0.9799065073731653,-0.38744411323898026,31546.34
-0.4055756013057161,-0.6067555203820832,1.3553363664451665,1.3810171355266774,-1.052362135079183,1.5369887039177796,1.1945547843381912,0.6067555203820867,-1.0500994255839482,0.42960097005772824,1.678771846376853,1.5949705458460004,-0.48592130799853095,27898.02
0.09119451390306038,-1.0603006057659918,-0.05867026999283805,0.48205315108006663,0.9502432353523981,-0.28829337286864815,-0.020213536197862498,1.0603006057659952,-1.0500994255839482,-0.7005824695156119,0.20461083015242326,0.7209585546434018,1.1379736053352763,67848.63
0.09119451390306038,-0.7579372155100528,1.213935702801366,1.3810171355266774,0.9502432353523981,-0.055184252154985576,-1.2349818567339161,0.7579372155100562,-1.0500994255839482,-0.5117289302850048,0.2981627000933487,1.6389855382087208,1.1379736053352763,70415.4
1.58150485952939,1.3586065162815202,-0.41217192910233913,0.48205315108006663,0.9502432353523981,-1.2852166785909593,1.1945547843381912,-1.3586065162815164,-1.0500994255839482,-0.7823948327914791,-1.131952266711746,-1.08365613222815,0.3674671920348336,87800.17
-1.3991158317232693,-1.0603006057659918,1.213935702801366,1.3810171355266774,0.9502432353523981,-0.10660504194071815,-0.020213536197862498,1.0603006057659952,0.9522907789840104,-0.6114236932512137,0.3971743411365305,1.9659540529032182,-0.32573604007393053,43411.36
-0.9023457165144926,0.7538797357696422,0.1534307254728628,-1.315874817813155,-1.052362135079183,-0.3254813131787522,-1.2349818567339161,-0.7538797357696385,0.9522907789840104,-0.0106099031805625,-0.5996051049360841,-0.4674462391500591,2.122442554249507,79549.84
-0.4055756013057161,-1.0603006057659918,-1.1191752473213412,1.3810171355266774,-1.052362135079183,0.899306215804352,-0.020213536197862498,1.0603006057659952,-1.0500994255839482,-0.1177991642950446,1.4632956629657534,-0.3165376939064451,-2.1422224185336938,82412.37
0.09119451390306038,-1.2114823008939613,0.7897337118699643,-0.4169108333665442,-1.052362135079183,-0.31406730726810206,-0.020213536197862498,1.2114823008939646,-1.0500994255839482,-0.7405138604652729,0.2415775433413092,1.6955762426750762,-1.6196282426233282,93096.6
0.09119451390306038,1.0562431260255811,0.36553172093856334,-1.315874817813155,-1.052362135079183,0.4437626114837483,-1.2349818567339161,-1.0562431260255776,-1.0500994255839482,1.2557271123325733,-0.43060376208501716,-0.6246426404454904,-1.6196282426233282,28289.62
-0.4055756013057161,1.3586065162815202,-0.12937060181473833,0.48205315108006663,-1.052362135079183,0.8704015166257623,-0.020213536197862498,-1.3586065162815164,-1.0500994255839482,2.6932764886380647,-0.5088671598364438,-1.0082018596063431,0.2337897666176811,53038.25
1.0847347443206135,-0.1532104349981748,1.1432353709794654,-0.4169108333665442,-1.052362135079183,-0.935148655205817,-0.020213536197862498,0.15321043499817827,0.9522907789840104,-0.8944715191658432,-0.6871384259779473,0.9347456604051884,0.685101601507867,66458.19
-0.9023457165144926,1.5097882114094896,0.7190333800480644,-0.4169108333665442,-1.052362135079183,-1.1260790961828564,1.1945547843381912,-1.5097882114094858,0.9522907789840104,-0.3854332845258532,-1.1111177579234721,-0.92331580290681,-0.23600717548390576,57658.05
-1.3991158317232693,0.4515163455137032,1.213935702801366,0.48205315108006663,0.9502432353523981,1.1408718672129496,1.1945547843381912,-0.4515163455136996,0.9522907789840104,1.0536485387144885,0.3755656690859489,0.3311114794307323,0.3338715005351011,93363.35
-1.3991158317232693,-0.002028739870205314,0.6483330482261644,-0.4169108333665442,-1.052362135079183,-0.45168232589934143,1.1945547843381912,0.002028739870208805,0.9522907789840104,-0.5238292490161574,-0.37213412164773396,0.4442928883634427,0.47660365932963433,70291.28
0.5879646291118369,1.3586065162815202,-0.4828722609242394,0.48205315108006663,0.9502432353523981,-1.11436472169561,1.1945547843381912,-1.3586065162815164,0.9522907789840104,-0.5069168988470686,-1.0825672178852817,-1.1025197003836018,0.37516262445382653,23879.98
1.58150485952939,1.5097882114094896,1.3553363664451665,-1.315874817813155,0.9502432353523981,-0.9254328870166907,-0.020213536197862498,-1.5097882114094858,-1.0500994255839482,-0.007996165752601992,-1.0627868178093087,-0.7818390417409218,0.69675831515521,86190.44
0.09119451390306038,-0.1532104349981748,0.7897337118699643,0.48205315108006663,-1.052362135079183,1.3082464802023215,1.1945547843381912,0.15321043499817827,-1.0500994255839482,0.5949641568060361,1.0420807227699642,0.6832314183324982,1.1379736053352763,23461.55
-1.3991158317232693,-0.7579372155100528,-1.331276242787042,1.3810171355266774,-1.052362135079183,0.19994419575068018,-0.020213536197862498,0.7579372155100562,0.9522907789840104,-0.3746077660587023,0.5439804065606877,-0.6246426404454904,0.3338715005351011,20352.91
0.5879646291118369,-0.4555738252541138,0.6483330482261644,0.48205315108006663,0.9502432353523981,1.4223518813961387,-1.2349818567339161,0.4555738252541172,0.9522907789840104,0.4561151979220958,1.4259054140165397,0.8592913877833815,0.37516262445382653,96794.1
-0.9023457165144926,0.30033465038573365,0.5069323845823639,-1.315874817813155,0.9502432353523981,1.5016491856174976,-0.020213536197862498,-0.30033465038573015,0.9522907789840104,1.1715258757779234,0.735888299771252,0.08588509340985928,-0.23600717548390576,97511.18
1.58150485952939,-0.002028739870205314,-0.7656735882118402,-0.4169108333665442,0.9502432353523981,0.1914645597806223,1.1945547843381912,0.002028739870208805,-1.0500994255839482,-0.07014355177354885,0.09262263222644736,-0.4988855194091454,0.3674671920348336,8716.86
0.09119451390306038,-0.9091189106380223,-0.9070742518556405,1.3810171355266774,-1.052362135079183,0.6286510230161824,-1.2349818567339161,0.9091189106380256,-1.0500994255839482,-0.199824341701291,1.0667409671909505,-0.17820486076646533,-0.7470670257026498,94888.77
-0.4055756013057161,1.0562431260255811,-0.6949732563899399,-0.4169108333665442,-1.052362135079183,-0.16502673008865112,1.1945547843381912,-1.0562431260255776,-1.0500994255839482,0.4922615876897815,-0.6652325553780685,-1.0019140035545258,0.2337897666176811,94530.77
0.5879646291118369,1.0562431260255811,1.0018347073356655,1.3810171355266774,-1.052362135079183,0.6813194976585447,-1.2349818567339161,-1.0562431260255776,0.9522907789840104,1.5536404960779426,-0.339048799250605,-0.3982798225800692,-0.9671453726489531,68739.2
1.58150485952939,-0.002028739870205314,-1.2605759109651418,-0.4169108333665442,0.9502432353523981,-1.4492525793250903,-1.2349818567339161,0.002028739870208805,-1.0500994255839482,-1.227530636756619,-1.093007569170422,-0.8289979621295512,0.3674671920348336,16614.03
0.09119451390306038,-0.002028739870205314,-1.684777901896543,1.3810171355266774,-1.052362135079183,-0.9151625922246178,-1.2349818567339161,0.002028739870208805,-1.0500994255839482,-0.8507753517927593,-0.7070585205031217,-1.1119514844613276,-1.6196282426233282,88058.22
-0.4055756013057161,1.2074248211535505,0.1534307254728628,0.48205315108006663,-1.052362135079183,0.7235559405829748,-0.020213536197862498,-1.207424821153547,-1.0500994255839482,1.978438352655192,-0.4370419508832742,-0.8164222500259166,-2.1422224185336938,10665.76
1.58150485952939,-0.9091189106380223,1.7088380255546678,-1.315874817813155,0.9502432353523981,-1.2863026265217297,-1.2349818567339161,0.9091189106380256,-1.0500994255839482,-1.1822517846067702,-0.870581169497857,2.264627215364538,-1.021296133371345,35184.4
0.5879646291118369,1.660969906537459,-0.4828722609242394,-0.4169108333665442,0.9502432353523981,-0.7104036440865985,-0.020213536197862498,-1.6609699065374555,0.9522907789840104,0.7494033017110728,-1.0561811069823281,-1.278579669834485,-0.4991774591537944,99159.41
1.58150485952939,-1.2114823008939613,-0.4828722609242394,-1.315874817813155,0.9502432353523981,0.7567813262095232,1.1945547843381912,1.2114823008939646,-1.0500994255839482,-0.2369184716690821,1.42811158452106,0.3939900399489044,0.3674671920348336,45121.15
0.09119451390306038,-0.9091189106380223,-0.5535725927461393,1.3810171355266774,-1.052362135079183,0.07307313005153052,-0.020213536197862498,0.9091189106380256,-1.0500994255839482,-0.48485211187827937,0.5046733939339846,0.1519075819539405,1.1379736053352763,17459.84
-1.3991158317232693,-0.1532104349981748,0.0827303936509625,1.3810171355266774,0.9502432353523981,1.800227103391539,1.1945547843381912,0.15321043499817827,0.9522907789840104,0.921600102698638,1.4213016192603862,0.18020293418711808,0.3338715005351011,97082.99
1.58150485952939,-1.6650273862778697,-0.2000709336366383,0.48205315108006663,0.9502432353523981,-0.2549178029538017,-1.2349818567339161,1.665027386277873,-1.0500994255839482,-0.7855124772456776,0.5085158261144104,0.9850485088197266,-1.021296133371345,98493.27
1.0847347443206135,1.8121516016654287,1.3553363664451665,-0.4169108333665442,-1.052362135079183,-1.625141486197204,-0.020213536197862498,-1.8121516016654249,0.9522907789840104,-1.302317754710229,-1.233574134714111,-1.1213832685390535,-0.3906307080330218,22769.06
1.58150485952939,1.660969906537459,0.01203006182906223,1.3810171355266774,-1.052362135079183,-1.5643977178994324,-0.020213536197862498,-1.6609699065374555,-1.0500994255839482,-1.178342439465086,-1.2207467336575557,-1.1905496851090434,0.69675831515521,87156.36
0.5879646291118369,0.4515163455137032,0.01203006182906223,-0.4169108333665442,-1.052362135079183,-1.4665006672042407,-0.020213536197862498,-0.4515163455136996,0.9522907789840104,-1.210081500301445,-1.131765265377357,-0.31024983785462773,2.062366028251568,42090.22
0.5879646291118369,-0.1532104349981748,-1.2605759109651418,-0.4169108333665442,0.9502432353523981,-1.5118101117199998,-0.020213536197862498,0.15321043499817827,0.9522907789840104,-1.2773287932741209,-1.1316316929956505,-0.7755511856891045,0.37516262445382653,41230.0
-0.4055756013057161,1.0562431260255811,1.7088380255546678,-0.4169108333665442,0.9502432353523981,-0.1548141984843852,1.1945547843381912,-1.0562431260255776,-1.0500994255839482,0.5050688352329857,-0.661296622530448,-0.14676558050737906,-2.1422224185336938,29956.28
0.5879646291118369,0.9050614308976117,-0.9070742518556405,-0.4169108333665442,-1.052362135079183,0.6745843099602562,1.1945547843381912,-0.905061430897608,0.9522907789840104,1.2538712204657356,-0.22973260551035116,-1.008201859606343,-0.4991774591537944,9247.48
-0.9023457165144926,0.7538797357696422,-1.4726769064308425,-0.4169108333665442,0.9502432353523981,1.251904266815438,-1.2349818567339161,-0.7538797357696385,0.9522907789840104,1.607880322108818,0.16030487114035136,-1.1905496851090434,1.1026041036699394,30460.85
0.09119451390306038,1.0562431260255811,0.5776327164042638,-1.315874817813155,0.9502432353523981,0.34447924428119026,-1.2349818567339161,-1.0562431260255776,-1.0500994255839482,1.1312186447010166,-0.46886779703122816,-0.5491883678236834,1.1379736053352763,10108.81
0.09119451390306038,1.3586065162815202,0.36553172093856334,0.48205315108006663,0.9502432353523981,0.7324399188676812,-1.2349818567339161,-1.3586065162815164,-1.0500994255839482,2.4708302456761233,-0.5487451943949427,-0.8761568825181806,1.1379736053352763,92815.34
-1.3991158317232693,0.30033465038573365,-0.2707712654585386,-0.4169108333665442,-1.052362135079183,0.928072283332205,-1.2349818567339161,-0.30033465038573015,0.9522907789840104,0.7091144908835412,0.37666931088979944,-0.36369661429507427,-0.38744411323898026,67863.46
-1.3991158317232693,0.9050614308976117,-0.2707712654585386,-1.315874817813155,-1.052362135079183,0.5806382613110589,-0.020213536197862498,-0.905061430897608,0.9522907789840104,1.1478376420503487,-0.2704655033117721,-0.7535436895077441,-0.38744411323898026,89229.15
0.09119451390306038,1.0562431260255811,1.0018347073356655,1.3810171355266774,0.9502432353523981,-0.8504678218808518,1.1945547843381912,-1.0562431260255776,-1.0500994255839482,-0.367330732709978,-0.9294031070918914,-0.3982798225800692,0.07785883467789716,73142.61
1.0847347443206135,0.4515163455137032,-1.048474915499441,-0.4169108333665442,0.9502432353523981,-0.8708351219015767,1.1945547843381912,-0.4515163455136996,0.9522907789840104,-0.6929225710309668,-0.7874089867187136,-0.8761568825181806,-0.3906307080330218,17472.25
-1.3991158317232693,0.4515163455137032,1.1432353709794654,1.3810171355266774,0.9502432353523981,0.21115025418522537,1.1945547843381912,-0.4515163455136996,0.9522907789840104,0.24646095214905608,-0.161909559044065,0.2933843431198285,-0.38744411323898026,94355.25
-0.4055756013057161,-1.2114823008939613,0.5069323845823639,-0.4169108333665442,0.9502432353523981,0.4961884807373215,1.1945547843381912,1.2114823008939646,-1.0500994255839482,-0.35946927038177545,1.139366497331179,1.4063348642914828,-0.48592130799853095,90489.84
0.5879646291118369,-0.7579372155100528,-0.2707712654585386,-1.315874817813155,-1.052362135079183,-1.2403231290274104,-1.2349818567339161,0.7579372155100562,0.9522907789840104,-1.148692874920011,-0.8437253290525686,0.31853576732709765,-0.9671453726489531,38067.23
0.09119451390306038,0.14915295525776417,-0.12937060181473833,-1.315874817813155,-1.052362135079183,0.5018723784175239,-0.020213536197862498,-0.14915295525776068,-1.0500994255839482,0.2499467256319689,0.21334089840012913,-0.17820486076646555,-1.6196282426233282,15595.67
-1.3991158317232693,-1.3626639960219307,-0.8363739200337406,-1.315874817813155,0.9502432353523981,1.438698863545501,1.1945547843381912,1.362663996021934,0.9522907789840104,0.025699354825489986,2.3324210969445724,0.10474866156531086,0.47660365932963433,71894.7
0.09119451390306038,0.6026980406416726,0.931134375513765,0.48205315108006663,0.9502432353523981,-0.639424238909438,-0.020213536197862498,-0.6026980406416691,-1.0500994255839482,-0.419008845817002,-0.7022387837298759,0.029294388943503863,-1.6196282426233282,74194.32
-0.9023457165144926,-0.4555738252541138,0.0827303936509625,1.3810171355266774,-1.052362135079183,0.28506402930297803,-0.020213536197862498,0.4555738252541172,0.9522907789840104,-0.2194724476059279,0.4397004481623624,0.4065657520525391,2.122442554249507,90198.76
1.58150485952939,-0.6067555203820832,-0.6242729245680396,0.48205315108006663,0.9502432353523981,-0.283002264865533,-0.020213536197862498,0.6067555203820867,-1.0500994255839482,-0.5974787096017468,0.012878807244439437,-0.07759916393738941,-1.021296133371345,10002.3
0.5879646291118369,1.2074248211535505,0.36553172093856334,-0.4169108333665442,-1.052362135079183,1.2599333499206018,-0.020213536197862498,-1.207424821153547,0.9522907789840104,2.73517608818274,-0.2561610143341785,-0.7503997614818355,2.062366028251568,18461.86
0.09119451390306038,0.14915295525776417,1.7795383573765677,1.3810171355266774,0.9502432353523981,-1.0497970303650195,1.1945547843381912,-0.14915295525776068,-1.0500994255839482,-0.9175961517008658,-0.8331886943422815,1.0101999330269955,-0.7470670257026498,61833.64
1.58150485952939,0.7538797357696422,-0.2000709336366383,-1.315874817813155,-1.052362135079183,-1.4932912337090967,1.1945547843381912,-0.7538797357696385,-1.0500994255839482,-1.2088514525811174,-1.1622008456523816,-0.6246426404454904,-1.021296133371345,63817.5
-1.3991158317232693,0.7538797357696422,1.4967370300889666,1.3810171355266774,0.9502432353523981,-0.9812898896259958,1.1945547843381912,-0.7538797357696385,0.9522907789840104,-0.6835080100877633,-0.9155427462834721,0.12990008577258003,0.47660365932963433,8192.92
1.58150485952939,0.7538797357696422,-0.5535725927461393,-1.315874817813155,0.9502432353523981,-1.084582022062355,-1.2349818567339161,-0.7538797357696385,-1.0500994255839482,-0.7894918030283323,-0.9653040239850768,-0.7818390417409218,-1.021296133371345,42708.54
0.5879646291118369,-1.6650273862778697,-1.5433772382527424,0.48205315108006663,-1.052362135079183,1.462508849559519,1.1945547843381912,1.665027386277873,0.9522907789840104,-0.067587052275742,2.659691241776583,-0.5680519359791351,-0.9671453726489531,60495.36
0.09119451390306038,-0.6067555203820832,-1.048474915499441,0.48205315108006663,-1.052362135079183,1.1029561107364783,-1.2349818567339161,0.6067555203820867,-1.0500994255839482,0.18466236079394924,1.2814886245701589,-0.43600695889097285,1.1379736053352763,75101.58
-1.3991158317232693,-1.3626639960219307,-1.7554782337184431,-0.4169108333665442,-1.052362135079183,0.6608020133495218,1.1945547843381912,1.362663996021934,0.9522907789840104,-0.3254944967534625,1.4330114647233296,-0.8761568825181806,-0.32573604007393053,82335.21
0.09119451390306038,-1.0603006057659918,1.4967370300889666,0.48205315108006663,-1.052362135079183,0.26990696882243853,1.1945547843381912,1.0603006057659952,-1.0500994255839482,-0.42666031325293063,0.7962229445881134,2.2426197191831774,-0.7470670257026498,95620.03
0.5879646291118369,0.14915295525776417,1.213935702801366,0.48205315108006663,0.9502432353523981,0.9693614099766015,1.1945547843381912,-0.14915295525776068,0.9522907789840104,0.6017056028378276,0.528640731624868,0.6580799941252292,0.37516262445382653,26879.89
-1.3991158317232693,0.4515163455137032,0.8604340436918649,-0.4169108333665442,0.9502432353523981,-1.5551093973000774,-1.2349818567339161,-0.4515163455136996,0.9522907789840104,-1.2870119125801935,-1.1829902737618296,0.1424757978762147,-0.32573604007393053,29039.01
-0.4055756013057161,0.30033465038573365,-1.1898755791432414,0.48205315108006663,-1.052362135079183,-0.5895861604696154,-1.2349818567339161,-0.30033465038573015,-1.0500994255839482,-0.5144050406717797,-0.5738078256158203,-0.8950204506736323,-2.1422224185336938,94282.73
1.58150485952939,1.660969906537459,-1.331276242787042,-1.315874817813155,-1.052362135079183,-0.15697454170836453,-0.020213536197862498,-1.6609699065374555,-1.0500994255839482,1.9986749628003817,-0.9495346912214344,-1.429488215078099,-1.021296133371345,42611.56
0.5879646291118369,0.9050614308976117,0.7897337118699643,1.3810171355266774,-1.052362135079183,-0.12417660367158745,-1.2349818567339161,-0.905061430897608,0.9522907789840104,0.3523380619293002,-0.5760574071443954,-0.32911340601007955,0.37516262445382653,63165.2
-0.9023457165144926,-0.1532104349981748,-1.331276242787042,-1.315874817813155,0.9502432353523981,0.1033294878248025,-0.020213536197862498,0.15321043499817827,0.9522907789840104,-0.20500475045706887,0.1133252382877861,-0.8258540341036426,-0.26764155666356654,67278.76
-1.3991158317232693,-1.3626639960219307,0.0827303936509625,1.3810171355266774,-1.052362135079183,-1.249726976002379,-0.020213536197862498,1.362663996021934,0.9522907789840104,-1.1880330636016225,-0.7759551549873746,1.0856542056488028,-0.32573604007393053,61282.1
-1.3991158317232693,-0.3043921301261443,-0.41217192910233913,0.48205315108006663,0.9502432353523981,0.7599120909886591,-0.020213536197862498,0.30439213012614774,0.9522907789840104,0.14208333345560115,0.7354447281536681,-0.08074309196329808,0.3338715005351011,99541.32
0.09119451390306038,1.3586065162815202,0.7897337118699643,1.3810171355266774,0.9502432353523981,0.35660951372064636,1.1945547843381912,-1.3586065162815164,-1.0500994255839482,1.8648495744286033,-0.6573796124369026,-0.7629754735854701,-1.6196282426233282,65633.84
1.58150485952939,-0.002028739870205314,-1.614077570074643,-0.4169108333665442,0.9502432353523981,0.6792400228974951,-1.2349818567339161,0.002028739870208805,-1.0500994255839482,0.2739407561960837,0.4451034510023934,-1.0647925640726983,-1.2207387173533923,45212.41
-1.3991158317232693,-0.4555738252541138,-0.9070742518556405,0.48205315108006663,-1.052362135079183,0.108840095941584,-1.2349818567339161,0.4555738252541172,0.9522907789840104,-0.3241554546442895,0.2868869648709518,-0.38570411047643477,0.3338715005351011,97323.32
-0.9023457165144926,1.8121516016654287,-1.5433772382527424,0.48205315108006663,0.9502432353523981,-0.5677747807537172,-1.2349818567339161,-1.8121516016654249,0.9522907789840104,1.6812131411477211,-1.0807573121131575,-1.5080864157258147,1.1026041036699394,39098.8
0.5879646291118369,-1.3626639960219307,-1.1191752473213412,-1.315874817813155,0.9502432353523981,1.5455145504380832,-1.2349818567339161,1.362663996021934,0.9522907789840104,0.07392298817662976,2.4559221210704743,-0.19706842892191737,0.37516262445382653,43500.61
0.5879646291118369,0.4515163455137032,-0.34147159728043885,1.3810171355266774,0.9502432353523981,0.0736969724798454,-1.2349818567339161,-0.4515163455136996,0.9522907789840104,0.1271235277302095,-0.2413717689213082,-0.4988855194091454,-0.9671453726489531,20166.07
0.09119451390306038,-1.3626639960219307,1.0725350391575654,1.3810171355266774,0.9502432353523981,0.7239602828976234,-1.2349818567339161,1.362663996021934,-1.0500994255839482,-0.2969806958091967,1.506035485802316,2.1420140223541013,-0.7470670257026498,7716.51
-0.9023457165144926,1.0562431260255811,-0.5535725927461393,1.3810171355266774,0.9502432353523981,-0.29981135251735075,-1.2349818567339161,-1.0562431260255776,0.9522907789840104,0.32323199822534415,-0.7171788546237566,-0.9516111551399876,2.122442554249507,91344.46
0.5879646291118369,0.9050614308976117,-0.2000709336366383,0.48205315108006663,-1.052362135079183,1.3895423907218003,1.1945547843381912,-0.905061430897608,0.9522907789840104,2.060819089058096,0.080257168989961,-0.7252483372745665,2.062366028251568,83051.2
-0.4055756013057161,-0.6067555203820832,0.6483330482261644,-1.315874817813155,0.9502432353523981,1.1290188610749667,1.1945547843381912,0.6067555203820867,-1.0500994255839482,0.19937041249741186,1.3053446519429535,0.9976242209233613,0.2337897666176811,97395.39
1.58150485952939,0.7538797357696422,0.01203006182906223,-0.4169108333665442,0.9502432353523981,-0.2884782150696303,-1.2349818567339161,-0.7538797357696385,-1.0500994255839482,0.02735744821062891,-0.5817787574941603,-0.5303247996682317,-1.021296133371345,10532.59
-0.4055756013057161,-0.6067555203820832,1.284636034623266,0.48205315108006663,-1.052362135079183,1.513074744165709,1.1945547843381912,0.6067555203820867,-1.0500994255839482,0.41610555027662566,1.6568826723246872,1.5352359133537363,-2.1422224185336938,19836.85
-1.3991158317232693,-0.7579372155100528,1.284636034623266,0.48205315108006663,0.9502432353523981,0.11629154716867847,1.1945547843381912,0.7579372155100562,0.9522907789840104,-0.41956766237108484,0.46338060523257674,1.7018640987268934,-0.32573604007393053,15004.69
-0.9023457165144926,-0.7579372155100528,-1.7554782337184431,0.48205315108006663,0.9502432353523981,0.7521025079971616,-1.2349818567339161,0.7579372155100562,0.9522907789840104,-0.07784513047655565,1.075988071866179,-1.0019140035545258,-0.23600717548390576,69924.53
-0.4055756013057161,-1.3626639960219307,1.0018347073356655,-0.4169108333665442,0.9502432353523981,1.229561465771716,-1.2349818567339161,1.362663996021934,-1.0500994255839482,-0.06871903524109922,2.090615014341154,2.0665597497322943,-2.1422224185336938,62570.96
0.09119451390306038,-1.6650273862778697,-0.12937060181473833,1.3810171355266774,0.9502432353523981,1.28965828636605,1.1945547843381912,1.665027386277873,-1.0500994255839482,-0.13984272261564398,2.4431859944747525,1.0667906374933507,-0.7470670257026498,39136.84
-1.3991158317232693,-1.2114823008939613,1.7088380255546678,-0.4169108333665442,-1.052362135079183,0.7716726760261508,-1.2349818567339161,1.2114823008939646,0.9522907789840104,-0.22991541365867918,1.4446116695229554,2.6356107224217564,0.3338715005351011,10455.23
-0.4055756013057161,0.4515163455137032,0.931134375513765,-1.315874817813155,0.9502432353523981,-0.8373209203359937,-1.2349818567339161,-0.4515163455136996,-1.0500994255839482,-0.6638254229187569,-0.7680343127521745,0.18020293418711786,0.5993057439214935,15725.81
-0.9023457165144926,-1.0603006057659918,-0.9070742518556405,0.48205315108006663,0.9502432353523981,-0.8414567645829701,1.1945547843381912,1.0603006057659952,0.9522907789840104,-0.9720328748753059,-0.381662841427727,-0.10903844419647546,-0.26764155666356654,91346.42
1.58150485952939,0.14915295525776417,0.1534307254728628,0.48205315108006663,-1.052362135079183,1.299096791253703,-0.020213536197862498,-0.14915295525776068,-1.0500994255839482,0.8498127019632566,0.751032068547235,-0.002144891315582183,0.3674671920348336,23900.22
-0.4055756013057161,-0.6067555203820832,1.7795383573765677,0.48205315108006663,0.9502432353523981,-1.536428782363315,1.1945547843381912,0.6067555203820867,-1.0500994255839482,-1.3048277723989847,-1.1344205730153656,1.9533783407995837,-2.1422224185336938,75633.37
-0.4055756013057161,-1.0603006057659918,-1.401976574608942,-0.4169108333665442,-1.052362135079183,1.7392407297049781,-0.020213536197862498,1.0603006057659952,-1.0500994255839482,0.29437663708494305,2.353505497396956,-0.5932033601864042,-2.1422224185336938,60050.12
0.5879646291118369,-0.4555738252541138,0.7190333800480644,-1.315874817813155,-1.052362135079183,0.5662898854598165,-0.020213536197862498,0.4555738252541172,0.9522907789840104,-0.05241472895279832,0.6835668847536045,0.9158820922497367,-0.4991774591537944,28450.65
0.09119451390306038,-1.6650273862778697,-0.5535725927461393,-0.4169108333665442,0.9502432353523981,1.6363413869457062,1.1945547843381912,1.665027386277873,-1.0500994255839482,0.005079106767467782,2.877426468093295,0.5763378654516051,-0.7470670257026498,34378.61
0.5879646291118369,-1.5138456911499003,-0.9070742518556405,-1.315874817813155,0.9502432353523981,1.3940479193707411,1.1945547843381912,1.5138456911499036,0.9522907789840104,-0.04728885025090692,2.4273676851711508,0.09846080551349397,-0.9671453726489531,75888.1
0.5879646291118369,-0.6067555203820832,1.1432353709794654,0.48205315108006663,-1.052362135079183,1.656593160590817,1.1945547843381912,0.6067555203820867,0.9522907789840104,0.49709762754263404,1.7882494400783355,1.4157666483692082,2.062366028251568,99065.7
-1.3991158317232693,1.660969906537459,-0.5535725927461393,-0.4169108333665442,0.9502432353523981,-1.1354251799700184,-0.020213536197862498,-1.6609699065374555,0.9522907789840104,-0.21001021277542478,-1.138083239032078,-1.2911553819381192,0.3338715005351011,99982.59
1.58150485952939,-0.4555738252541138,1.1432353709794654,0.48205315108006663,0.9502432353523981,0.05037219724340548,1.1945547843381912,0.4555738252541172,-1.0500994255839482,-0.3588873740504222,0.23618622808467749,1.2554263190478683,0.3674671920348336,55680.58
0.09119451390306038,-1.5138456911499003,-1.7554782337184431,-0.4169108333665442,-1.052362135079183,1.077921545140953,-0.020213536197862498,1.5138456911499036,-1.0500994255839482,-0.1845198673040803,2.046630742148359,-0.8447176022590943,1.1379736053352763,83522.8
-0.9023457165144926,0.30033465038573365,-0.6949732563899399,-1.315874817813155,-1.052362135079183,0.515527596015083,1.1945547843381912,-0.30033465038573015,0.9522907789840104,0.37652550511185595,0.11830136605794661,-0.6089230003159473,1.1026041036699394,99073.74
-0.9023457165144926,-1.2114823008939613,-0.9070742518556405,0.48205315108006663,-1.052362135079183,0.7337800248248021,-1.2349818567339161,1.2114823008939646,0.9522907789840104,-0.24773545266110114,1.4026254175398543,-0.0398720276264858,-0.26764155666356654,28978.91
-0.4055756013057161,-0.9091189106380223,-1.5433772382527424,-1.315874817813155,-1.052362135079183,-0.9497165311707257,-0.020213536197862498,0.9091189106380256,-1.0500994255839482,-1.0095732359364047,-0.5300634271585065,-0.7724072576631958,0.2337897666176811,15852.17
-0.4055756013057161,-0.1532104349981748,-1.1191752473213412,1.3810171355266774,-1.052362135079183,1.1020665576442514,1.1945547843381912,0.15321043499817827,-1.0500994255839482,0.4580771111491237,0.8831563030154778,-0.6749454888600285,-2.1422224185336938,18385.47
-0.9023457165144926,-1.3626639960219307,0.22413105729476276,-1.315874817813155,-1.052362135079183,1.7004931833240868,1.1945547843381912,1.362663996021934,0.9522907789840104,0.1438905461915054,2.6351094711298484,1.2365627508924164,-0.23600717548390576,86087.85
-0.4055756013057161,-0.6067555203820832,-0.6949732563899399,1.3810171355266774,-1.052362135079183,1.5172799042380538,1.1945547843381912,0.6067555203820867,-1.0500994255839482,0.41847865790963124,1.6607317831241983,-0.13733379642965327,0.2337897666176811,60928.69
1.58150485952939,-1.3626639960219307,-0.2707712654585386,-1.315874817813155,0.9502432353523981,1.807424396592283,-1.2349818567339161,1.362663996021934,-1.0500994255839482,0.19216633575435954,2.758744067637457,0.7083828425397676,0.69675831515521,88002.37
0.5879646291118369,0.30033465038573365,-0.41217192910233913,0.48205315108006663,0.9502432353523981,0.2375249257378714,-0.020213536197862498,-0.30033465038573015,0.9522907789840104,0.15240281248766574,-0.05580578108385416,-0.44543874296869884,-0.4991774591537944,79998.23
-0.4055756013057161,0.14915295525776417,1.3553363664451665,0.48205315108006663,0.9502432353523981,-0.2367455040697403,1.1945547843381912,-0.14915295525776068,-1.0500994255839482,-0.3058211736947887,-0.2848228646904579,0.7461099788506712,0.5993057439214935,69005.74
-1.3991158317232693,0.14915295525776417,1.4260366982670667,1.3810171355266774,0.9502432353523981,-1.2189391969012833,1.1945547843381912,-0.14915295525776068,0.9522907789840104,-1.0448660009859687,-0.9472673000419652,0.7901249712133916,-0.32573604007393053,62884.66
-0.4055756013057161,-1.5138456911499003,0.01203006182906223,0.48205315108006663,0.9502432353523981,-0.8845018921366973,1.1945547843381912,1.5138456911499036,-1.0500994255839482,-1.0364113453331874,-0.31687689699049393,1.1202374139337974,-2.1422224185336938,9592.2
0.09119451390306038,0.14915295525776417,-0.5535725927461393,-1.315874817813155,0.9502432353523981,-1.3466882630550985,-1.2349818567339161,-0.14915295525776068,-1.0500994255839482,-1.1409898991756189,-1.0334281648617936,-0.44229481494278994,1.1379736053352763,87866.14
1.58150485952939,1.0562431260255811,-1.401976574608942,-1.315874817813155,0.9502432353523981,-0.28817784649303424,1.1945547843381912,-1.0562431260255776,-1.0500994255839482,0.33782124966879046,-0.7126952750111392,-1.2534282456272159,0.3674671920348336,44695.0
0.09119451390306038,0.6026980406416726,-1.5433772382527424,-1.315874817813155,0.9502432353523981,0.1882875844512409,-0.020213536197862498,-0.6026980406416691,-1.0500994255839482,0.35949867516259043,-0.263611013923863,-1.1811179010313173,0.07785883467789716,7085.58
-1.3991158317232693,-1.5138456911499003,-0.6949732563899399,-0.4169108333665442,0.9502432353523981,-1.1286899922717297,-0.020213536197862498,1.5138456911499036,0.9522907789840104,-1.1424138306223601,-0.6109726711709044,0.3342554074566408,-0.32573604007393053,93926.98
1.58150485952939,-0.6067555203820832,-0.6949732563899399,-0.4169108333665442,0.9502432353523981,1.6354056233032337,-0.020213536197862498,0.6067555203820867,-1.0500994255839482,0.48514081600710635,1.7688558433577213,-0.13733379642965327,-1.021296133371345,90760.34
1.58150485952939,0.7538797357696422,-0.6242729245680396,-1.315874817813155,-1.052362135079183,1.5779312514353345,1.1945547843381912,-0.7538797357696385,-1.0500994255839482,1.9424031518343297,0.31736929547957365,-0.813278322000008,-1.2207387173533923,56611.41
1.58150485952939,1.660969906537459,-1.1898755791432414,0.48205315108006663,0.9502432353523981,-1.5727271695811922,-1.2349818567339161,-1.6609699065374555,-1.0500994255839482,-1.1971447537881292,-1.2223518284443964,-1.4043367908708297,0.3674671920348336,59844.61
1.58150485952939,-1.5138456911499003,1.0018347073356655,1.3810171355266774,0.9502432353523981,-1.4418588912858028,-1.2349818567339161,1.5138456911499036,-1.0500994255839482,-1.2783610024641021,-0.9881476840148539,2.220612223001817,-1.2207387173533923,71976.64
1.58150485952939,-0.3043921301261443,-1.331276242787042,0.48205315108006663,-1.052362135079183,-1.6325005163238075,-1.2349818567339161,0.30439213012614774,-1.0500994255839482,-1.3580452181434128,-1.2238929197983361,-0.7755511856891044,-1.2207387173533923,30146.02
-1.3991158317232693,0.6026980406416726,0.5069323845823639,1.3810171355266774,0.9502432353523981,-0.8477645046914873,1.1945547843381912,-0.6026980406416691,0.9522907789840104,-0.6149640795790013,-0.8126441489326288,-0.17820486076646533,-0.32573604007393053,26081.98
-0.4055756013057161,-0.9091189106380223,-1.331276242787042,0.48205315108006663,0.9502432353523981,1.168390249884173,-1.2349818567339161,0.9091189106380256,-1.0500994255839482,0.07707772776428252,1.6127848636074413,-0.5743397920309524,0.5993057439214935,69032.18
0.09119451390306038,-1.5138456911499003,-1.4726769064308425,-1.315874817813155,-1.052362135079183,-0.4410423467053042,-0.020213536197862498,1.5138456911499036,-1.0500994255839482,-0.8439047739034577,0.21721783677916248,-0.5303247996682317,-0.7470670257026498,14920.13
1.58150485952939,-1.5138456911499003,1.4260366982670667,-0.4169108333665442,0.9502432353523981,1.5689086414998914,1.1945547843381912,1.5138456911499036,-1.0500994255839482,0.028618497874982312,2.637966806995189,2.6922014268881114,-1.021296133371345,48135.89
0.09119451390306038,-1.5138456911499003,-1.4726769064308425,1.3810171355266774,0.9502432353523981,0.41164627906309303,1.1945547843381912,1.5138456911499036,-1.0500994255839482,-0.4737511363622472,1.2441807452563307,-0.5303247996682317,0.07785883467789716,38755.05
-1.3991158317232693,-0.7579372155100528,1.6381376937327672,-1.315874817813155,-1.052362135079183,-0.4748684694850447,1.1945547843381912,0.7579372155100562,0.9522907789840104,-0.7372921278041644,-0.1062054234596983,2.0162569013177563,0.47660365932963433,37067.94
-0.9023457165144926,-1.3626639960219307,-0.9070742518556405,-0.4169108333665442,-1.052362135079183,-0.1020186448288476,-1.2349818567339161,1.362663996021934,0.9522907789840104,-0.6698819627036852,0.5510330283147951,0.029294388943504085,1.1026041036699394,52430.24
-0.9023457165144926,-0.6067555203820832,1.284636034623266,1.3810171355266774,-1.052362135079183,1.027263229434272,-1.2349818567339161,0.6067555203820867,0.9522907789840104,0.14194642339985095,1.2122046301789569,1.5352359133537363,2.122442554249507,69094.68
-0.4055756013057161,1.660969906537459,-1.1898755791432414,0.48205315108006663,0.9502432353523981,-0.1867341360664969,-1.2349818567339161,-1.6609699065374555,-1.0500994255839482,1.9314977621122267,-0.9552693988093701,-1.4043367908708297,-0.48592130799853095,96982.34
0.5879646291118369,0.30033465038573365,1.284636034623266,-1.315874817813155,0.9502432353523981,-1.2290362021299355,1.1945547843381912,-0.30033465038573015,0.9522907789840104,-1.0299226254225091,-0.9742817576905302,0.5354668011147926,-0.4991774591537944,18695.51
0.5879646291118369,1.8121516016654287,-1.684777901896543,-1.315874817813155,-1.052362135079183,-1.422126986330954,-1.2349818567339161,-1.8121516016654249,0.9522907789840104,-0.729479561924444,-1.2042332914174896,-1.5269499838812666,0.37516262445382653,87936.63
-0.9023457165144926,1.5097882114094896,0.931134375513765,0.48205315108006663,0.9502432353523981,0.43559489672784785,-0.020213536197862498,-1.5097882114094858,0.9522907789840104,2.552243608533182,-0.7349473207002742,-0.8761568825181806,-0.26764155666356654,61180.41
-0.4055756013057161,-0.7579372155100528,1.5674373619108672,0.48205315108006663,0.9502432353523981,-0.15541493563757733,-0.020213536197862498,0.7579372155100562,-1.0500994255839482,-0.5655988460985983,0.2015898681194929,1.9533783407995837,-2.1422224185336938,56940.01
-0.9023457165144926,-0.7579372155100528,1.1432353709794654,0.48205315108006663,0.9502432353523981,-1.465195219159804,-1.2349818567339161,0.7579372155100562,0.9522907789840104,-1.2695524774225004,-1.060390863212447,1.5761069776905483,2.122442554249507,73719.07
-0.4055756013057161,-1.6650273862778697,1.3553363664451665,-0.4169108333665442,-1.052362135079183,-0.588973870678862,1.1945547843381912,1.665027386277873,-1.0500994255839482,-0.9251559048321372,0.09009143559310782,2.7833753396394614,-2.1422224185336938,41260.39
-0.4055756013057161,0.7538797357696422,-1.048474915499441,-1.315874817813155,0.9502432353523981,1.29798773804781,-0.020213536197862498,-0.7538797357696385,-1.0500994255839482,1.6551646695017193,0.18250571408316557,-1.0019140035545258,-2.1422224185336938,35314.5
1.58150485952939,-0.4555738252541138,-0.7656735882118402,-0.4169108333665442,0.9502432353523981,-0.10142946031321687,1.1945547843381912,0.4555738252541172,-1.0500994255839482,-0.44906271904085576,0.10455064591284481,-0.2725227015437244,0.69675831515521,86019.28
-1.3991158317232693,1.3586065162815202,-0.7656735882118402,1.3810171355266774,0.9502432353523981,-1.0201991729327464,-1.2349818567339161,-1.3586065162815164,0.9522907789840104,-0.35508644110273896,-1.0553485058030239,-1.1779739730054088,-0.32573604007393053,25909.03
1.58150485952939,0.14915295525776417,-0.41217192910233913,-1.315874817813155,0.9502432353523981,-0.4351158436363128,-1.2349818567339161,-0.14915295525776068,-1.0500994255839482,-0.45508355891946606,-0.4186145277236709,-0.3542648302173485,0.3674671920348336,22123.37
1.58150485952939,1.0562431260255811,0.1534307254728628,-0.4169108333665442,0.9502432353523981,0.8980123203974767,1.1945547843381912,-1.0562431260255776,-1.0500994255839482,1.8253888469465853,-0.25553489379492905,-0.7000969130672975,0.3674671920348336,25004.89
1.58150485952939,1.0562431260255811,0.7190333800480644,0.48205315108006663,-1.052362135079183,0.2068295677372667,-1.2349818567339161,-1.0562431260255776,-1.0500994255839482,0.95859607176292,-0.5219182946323574,-0.4988855194091454,0.69675831515521,56158.34
-0.9023457165144926,0.7538797357696422,-0.6242729245680396,-0.4169108333665442,-1.052362135079183,1.5531739491412826,-0.020213536197862498,-0.7538797357696385,0.9522907789840104,1.9170007059925176,0.30544239489635727,-0.813278322000008,1.1026041036699394,11866.05
0.5879646291118369,1.660969906537459,0.01203006182906223,-0.4169108333665442,0.9502432353523981,0.18606947803945464,-1.2349818567339161,-1.6609699065374555,0.9522907789840104,2.7730382381241667,-0.8834297195148489,-1.1905496851090434,2.062366028251568,75740.88
-0.4055756013057161,1.660969906537459,1.0725350391575654,-1.315874817813155,-1.052362135079183,-1.2579524539460865,-0.020213536197862498,-1.6609699065374555,-1.0500994255839482,-0.4865946034969197,-1.1616943837050775,-1.0019140035545258,-0.48592130799853095,77007.66
-1.3991158317232693,-0.3043921301261443,0.5069323845823639,-1.315874817813155,0.9502432353523981,0.6568741165786502,1.1945547843381912,0.30439213012614774,0.9522907789840104,0.07747482619438077,0.6510587063557661,0.6140650017625088,-0.38744411323898026,90502.81
1.58150485952939,-1.2114823008939613,-1.1898755791432414,-1.315874817813155,0.9502432353523981,1.3281401220830293,1.1945547843381912,1.2114823008939646,-1.0500994255839482,0.031778378618352726,2.06119514071869,-0.32911340601007955,0.69675831515521,92975.9
1.0847347443206135,-0.6067555203820832,0.1534307254728628,-0.4169108333665442,0.9502432353523981,-1.044413501261413,1.1945547843381912,0.6067555203820867,0.9522907789840104,-1.0271676598108803,-0.6840640349923341,0.5794817934775136,0.685101601507867,80829.36
-1.3991158317232693,1.5097882114094896,-1.4726769064308425,-1.315874817813155,-1.052362135079183,-0.9988036881690582,1.1945547843381912,-1.5097882114094858,0.9522907789840104,-0.14601454100184877,-1.0804601135638605,-1.410624646922647,-0.32573604007393053,63472.77
0.5879646291118369,1.2074248211535505,-0.41217192910233913,1.3810171355266774,0.9502432353523981,-1.1352634430441588,-0.020213536197862498,-1.207424821153547,0.9522907789840104,-0.6440411676097827,-1.0638860072004357,-0.9924822194767998,-0.4991774591537944,17211.87
1.58150485952939,0.9050614308976117,-1.614077570074643,-1.315874817813155,-1.052362135079183,-0.5851846055587271,-0.020213536197862498,-0.905061430897608,-1.0500994255839482,-0.16798534518654226,-0.7759401280944326,-1.2911553819381194,0.69675831515521,10315.81
0.09119451390306038,0.30033465038573365,-0.7656735882118402,-0.4169108333665442,-1.052362135079183,1.7414241782040802,-0.020213536197862498,-0.30033465038573015,-1.0500994255839482,1.3648298354444404,0.88605426714692,-0.6497940646527595,-1.6196282426233282,89103.42
1.58150485952939,0.9050614308976117,1.6381376937327672,-1.315874817813155,-1.052362135079183,0.630222181724531,-1.2349818567339161,-0.905061430897608,-1.0500994255839482,1.203801257219906,-0.24896702847609845,0.010430820788052056,0.3674671920348336,50773.03
-0.9023457165144926,0.30033465038573365,1.6381376937327672,0.48205315108006663,0.9502432353523981,0.5873387910966632,-1.2349818567339161,-0.30033465038573015,0.9522907789840104,0.4344189001148466,0.16327518697855145,0.7398221227988534,2.122442554249507,71259.92
1.0847347443206135,1.2074248211535505,-0.4828722609242394,-0.4169108333665442,-1.052362135079183,1.2381450754798264,-0.020213536197862498,-1.207424821153547,0.9522907789840104,2.704436520903562,-0.2635086084312212,-1.01448971565816,-0.4721873181544019,9963.15
-0.4055756013057161,1.3586065162815202,-1.614077570074643,-1.315874817813155,0.9502432353523981,-1.348432711326868,-1.2349818567339161,-1.3586065162815164,-1.0500994255839482,-0.8843229722562039,-1.150224968529206,-1.40433679087083,0.2337897666176811,55753.6
0.09119451390306038,1.8121516016654287,-1.1191752473213412,1.3810171355266774,0.9502432353523981,-0.9262993348337947,-1.2349818567339161,-1.8121516016654249,-1.0500994255839482,0.6695782196821745,-1.1325733782866816,-1.4514957112594595,1.1379736053352763,33620.02
1.58150485952939,0.4515163455137032,-0.34147159728043885,1.3810171355266774,-1.052362135079183,1.0764081496204114,1.1945547843381912,-0.4515163455136996,-1.0500994255839482,0.997680911528645,0.33829897458981373,-0.4988855194091454,0.69675831515521,32071.99
-1.3991158317232693,1.5097882114094896,1.5674373619108672,-0.4169108333665442,-1.052362135079183,0.5961534535560014,-0.020213536197862498,-1.5097882114094858,0.9522907789840104,2.8542715378693537,-0.6962725506803155,-0.7346801213522924,-0.38744411323898026,42017.31
0.09119451390306038,-1.2114823008939613,-1.2605759109651418,-0.4169108333665442,-1.052362135079183,-0.6622291454556156,-1.2349818567339161,1.2114823008939646,-1.0500994255839482,-0.904246334677466,-0.14419674812659175,-0.4014237506059779,0.07785883467789716,5060.75
0.09119451390306038,1.660969906537459,-1.401976574608942,0.48205315108006663,0.9502432353523981,-1.6126415323557837,-0.020213536197862498,-1.6609699065374555,-1.0500994255839482,-1.2872446095247656,-1.2300433714243335,-1.4420639271817335,-0.7470670257026498,51223.83
1.58150485952939,0.9050614308976117,-0.41217192910233913,1.3810171355266774,0.9502432353523981,0.716451068482722,-0.020213536197862498,-0.905061430897608,-1.0500994255839482,1.3011247482789876,-0.21158011883642733,-0.8101343939740995,-1.2207387173533923,47609.93
0.09119451390306038,1.660969906537459,-0.5535725927461393,0.48205315108006663,0.9502432353523981,-0.03886037528074605,-1.2349818567339161,-1.6609699065374555,-1.0500994255839482,2.2652975170844245,-0.9267739573786336,-1.2911553819381192,-0.7470670257026498,99500.97
-1.3991158317232693,0.30033465038573365,0.4362320527604633,0.48205315108006663,-1.052362135079183,-0.20032003783868776,1.1945547843381912,-0.30033465038573015,0.9522907789840104,-0.200582977508046,-0.33001874969565004,0.045014029073046996,-0.38744411323898026,59265.27
0.5879646291118369,-1.5138456911499003,-1.048474915499441,-1.315874817813155,0.9502432353523981,-1.0596052196546368,1.1945547843381912,1.5138456911499036,0.9522907789840104,-1.1124240088865767,-0.5277682083995151,-0.0587355957819376,-0.9671453726489531,49898.25
0.5879646291118369,-1.5138456911499003,1.4967370300889666,-1.315874817813155,-1.052362135079183,-0.2934689544961494,-0.020213536197862498,1.5138456911499036,0.9522907789840104,-0.7798429038611672,0.39495258718747783,2.7707996275358266,0.37516262445382653,37364.26
1.0847347443206135,-0.1532104349981748,1.3553363664451665,-0.4169108333665442,-1.052362135079183,-0.7816603125652322,-0.020213536197862498,0.15321043499817827,0.9522907789840104,-0.7925674855132554,-0.5688289150877077,1.0856542056488028,0.685101601507867,41970.24
-1.3991158317232693,-0.4555738252541138,0.4362320527604633,0.48205315108006663,-1.052362135079183,1.7892289924330989,-1.2349818567339161,0.4555738252541172,0.9522907789840104,0.6740526736345157,1.7440447734557245,0.6895192743843155,0.3338715005351011,76807.97
1.58150485952939,0.7538797357696422,-1.5433772382527424,-1.315874817813155,0.9502432353523981,-1.6115555844250131,-0.020213536197862498,-0.7538797357696385,-1.0500994255839482,-1.3301976206084751,-1.2191750319661416,-1.2219889653681295,-1.021296133371345,87191.07
-0.4055756013057161,0.4515163455137032,-0.5535725927461393,1.3810171355266774,0.9502432353523981,-0.36474872824990584,1.1945547843381912,-0.4515163455136996,-1.0500994255839482,-0.2535365774592395,-0.4948387204477105,-0.6120669283418557,-0.48592130799853095,45869.26
0.09119451390306038,0.7538797357696422,-0.6242729245680396,0.48205315108006663,0.9502432353523981,-0.709075090767039,-0.020213536197862498,-0.7538797357696385,-1.0500994255839482,-0.4041996426726388,-0.7844024950271348,-0.813278322000008,1.1379736053352763,60222.83
1.0847347443206135,1.5097882114094896,-0.4828722609242394,-0.4169108333665442,-1.052362135079183,-1.2264484113161847,-0.020213536197862498,-1.5097882114094858,0.9522907789840104,-0.5742387709320027,-1.1352943590123628,-1.1905496851090434,1.1512285520161478,30274.93
-1.3991158317232693,-0.9091189106380223,-1.2605759109651418,-1.315874817813155,-1.052362135079183,-1.045603422930236,1.1945547843381912,0.9091189106380256,0.9522907789840104,-1.058766026530674,-0.6270703693729087,-0.5083173034868714,-0.32573604007393053,89579.85
0.09119451390306038,0.7538797357696422,0.36553172093856334,-0.4169108333665442,0.9502432353523981,-0.5916887405057879,-0.020213536197862498,-0.7538797357696385,-1.0500994255839482,-0.2837543546658026,-0.7278512879221123,-0.3731283983728003,0.07785883467789716,98026.37
0.5879646291118369,1.8121516016654287,-0.41217192910233913,0.48205315108006663,0.9502432353523981,-0.2646220185053666,-0.020213536197862498,-1.8121516016654249,0.9522907789840104,2.5366076108963003,-1.0369439012586286,-1.3571778704822006,-0.4991774591537944,94009.05
-0.9023457165144926,0.9050614308976117,-1.2605759109651418,-0.4169108333665442,0.9502432353523981,0.21794320507132078,1.1945547843381912,-0.905061430897608,0.9522907789840104,0.7384765753569047,-0.4277219379496978,-1.1496786207722312,-0.26764155666356654,5107.22
1.0847347443206135,-0.6067555203820832,-1.048474915499441,-0.4169108333665442,-1.052362135079183,0.42295631123569066,-1.2349818567339161,0.6067555203820867,0.9522907789840104,-0.19908348642125684,0.6590641444327136,-0.43600695889097285,1.1512285520161478,89952.59
-0.4055756013057161,-0.4555738252541138,-0.9070742518556405,0.48205315108006663,-1.052362135079183,-0.6865012369720892,-1.2349818567339161,0.4555738252541172,-1.0500994255839482,-0.7966152435230104,-0.4027973315232503,-0.38570411047643477,-0.48592130799853095,34549.31
0.09119451390306038,-0.9091189106380223,-0.6949732563899399,-1.315874817813155,0.9502432353523981,-1.0693440931188858,1.1945547843381912,0.9091189106380256,-1.0500994255839482,-1.0709456873344356,-0.6510883532585228,0.019862604865778073,-0.7470670257026498,34592.07
-0.4055756013057161,-1.0603006057659918,0.5069323845823639,-0.4169108333665442,0.9502432353523981,1.617371956069909,1.1945547843381912,1.0603006057659952,-1.0500994255839482,0.2345727373702399,2.2243421173898756,1.2742898872033204,0.2337897666176811,26668.44
0.09119451390306038,-0.002028739870205314,0.36553172093856334,-1.315874817813155,-1.052362135079183,-1.0117195369626886,-0.020213536197862498,0.002028739870208805,-1.0500994255839482,-0.9188881045285413,-0.7768333933970953,0.25565720680892506,-1.6196282426233282,35116.32
1.58150485952939,-1.6650273862778697,-0.4828722609242394,-0.4169108333665442,-1.052362135079183,0.5335497106108463,1.1945547843381912,1.665027386277873,-1.0500994255839482,-0.4559141948838066,1.4961166233574215,0.6580799941252292,0.3674671920348336,91057.57
0.5879646291118369,-0.1532104349981748,1.1432353709794654,1.3810171355266774,-1.052362135079183,1.54048915309888,-1.2349818567339161,0.15321043499817827,0.9522907789840104,0.749154792702316,1.2210944287331198,0.9347456604051884,2.062366028251568,90407.25
-0.4055756013057161,-0.4555738252541138,-0.12937060181473833,-0.4169108333665442,-1.052362135079183,0.5981982704043668,1.1945547843381912,0.4555738252541172,-1.0500994255839482,-0.033460063590273405,0.7112364036241222,0.23679363865347328,-0.48592130799853095,18571.55
-0.9023457165144926,-1.5138456911499003,1.0725350391575654,-1.315874817813155,-1.052362135079183,-0.0046068049112342295,-1.2349818567339161,1.5138456911499036,0.9522907789840104,-0.6544473348508781,0.7428529863740689,2.2992104236495328,1.1026041036699394,86891.77
-0.9023457165144926,-0.002028739870205314,-1.1191752473213412,0.48205315108006663,-1.052362135079183,-0.6290153124666286,-1.2349818567339161,0.002028739870208805,0.9522907789840104,-0.6489226630499279,-0.5002801253474822,-0.7346801213522924,-0.23600717548390576,42899.09
-1.3991158317232693,-1.2114823008939613,-1.401976574608942,1.3810171355266774,-1.052362135079183,1.7811536987776895,-0.020213536197862498,1.2114823008939646,0.9522907789840104,0.24482020465554033,2.5631484635886106,-0.5460444397977747,-0.38744411323898026,21080.81
0.09119451390306038,-1.2114823008939613,1.3553363664451665,1.3810171355266774,0.9502432353523981,0.46125330475168785,1.1945547843381912,1.2114823008939646,-1.0500994255839482,-0.37589847707181334,1.1006572211126124,2.2740589994422633,-1.6196282426233282,53513.59
-0.4055756013057161,0.9050614308976117,-0.5535725927461393,0.48205315108006663,0.9502432353523981,-1.291212497485319,-1.2349818567339161,-0.905061430897608,-1.0500994255839482,-0.9648540258650937,-1.0820579731800253,-0.8667250984404548,-0.48592130799853095,44583.46
-1.3991158317232693,0.4515163455137032,0.6483330482261644,0.48205315108006663,0.9502432353523981,0.21946815322942384,-0.020213536197862498,-0.4515163455136996,0.9522907789840104,0.2536825814633584,-0.15710095330262813,0.029294388943504085,0.3338715005351011,25820.35
-0.4055756013057161,1.0562431260255811,-1.684777901896543,-1.315874817813155,0.9502432353523981,0.5726900466688248,-1.2349818567339161,-1.0562431260255776,-1.0500994255839482,1.4174113686472318,-0.3809148360901702,-1.3540339424562917,0.5993057439214935,73471.46
0.09119451390306038,0.14915295525776417,0.7190333800480644,0.48205315108006663,0.9502432353523981,-1.445093629802991,-0.020213536197862498,-0.14915295525776068,-1.0500994255839482,-1.2150343344061705,-1.0997980551254303,0.3499750475861839,1.1379736053352763,64972.48
-0.9023457165144926,-0.9091189106380223,0.36553172093856334,-0.4169108333665442,-1.052362135079183,1.0730463320900478,-0.020213536197862498,0.9091189106380256,0.9522907789840104,0.02816349875530607,1.5163272378128076,1.0101999330269955,1.1026041036699394,58054.65
1.0847347443206135,0.6026980406416726,-0.9070742518556405,-0.4169108333665442,-1.052362135079183,1.7034968690900474,1.1945547843381912,-0.6026980406416691,0.9522907789840104,1.784634562626412,0.5393409925027459,-0.8698690264663632,-0.4721873181544019,28769.43
1.58150485952939,-0.002028739870205314,-1.4726769064308425,1.3810171355266774,0.9502432353523981,1.1206316462054,1.1945547843381912,0.002028739870208805,-1.0500994255839482,0.5853051907230069,0.7640659502438452,-0.9704747232954394,-1.021296133371345,17915.06
-0.9023457165144926,1.0562431260255811,-1.2605759109651418,-0.4169108333665442,-1.052362135079183,-0.2704676531114283,-1.2349818567339161,-1.0562431260255776,0.9522907789840104,0.36003110315717507,-0.705869726305933,-1.2031253972126779,-0.26764155666356654,45340.55
-1.3991158317232693,-1.0603006057659918,-0.6949732563899399,0.48205315108006663,0.9502432353523981,1.7310268043988322,-1.2349818567339161,1.0603006057659952,0.9522907789840104,0.2903458689839709,2.3447999174192296,0.09846080551349375,0.3338715005351011,17876.4
0.5879646291118369,0.7538797357696422,-1.4726769064308425,-0.4169108333665442,-1.052362135079183,0.001943540586072077,-0.020213536197862498,-0.7538797357696385,0.9522907789840104,0.3253472223670951,-0.44186725317242437,-1.1905496851090434,-0.9671453726489531,44502.56
1.58150485952939,1.660969906537459,1.4967370300889666,-0.4169108333665442,-1.052362135079183,-1.1758132008846265,-0.020213536197862498,-1.6609699065374555,-1.0500994255839482,-0.30117927085220647,-1.145866056472848,-0.9264597309327187,-1.2207387173533923,19133.19
-1.3991158317232693,-1.6650273862778697,-1.7554782337184431,-1.315874817813155,-1.052362135079183,0.31667204567093227,1.1945547843381912,1.665027386277873,0.9522907789840104,-0.5465742469684866,1.2244649051648493,-0.813278322000008,0.47660365932963433,67396.71
-1.3991158317232693,-0.3043921301261443,-0.6949732563899399,0.48205315108006663,0.9502432353523981,-1.5925052850862864,-0.020213536197862498,0.30439213012614774,0.9522907789840104,-1.332966773010736,-1.1911376324943403,-0.2945301977250846,-0.32573604007393053,69605.4
0.09119451390306038,0.4515163455137032,1.4967370300889666,-1.315874817813155,0.9502432353523981,-0.5254690220039188,-1.2349818567339161,-0.4515163455136996,-1.0500994255839482,-0.39307450387670406,-0.5877516691628062,0.48202002467434585,1.1379736053352763,94145.98
1.0847347443206135,-0.1532104349981748,0.8604340436918649,-0.4169108333665442,-1.052362135079183,0.0673083639083985,-0.020213536197862498,0.15321043499817827,0.9522907789840104,-0.22891990753435074,0.08555999254371209,0.7335342667470365,1.1512285520161478,86749.9
-0.4055756013057161,0.14915295525776417,0.1534307254728628,0.48205315108006663,-1.052362135079183,-0.11200012368188578,1.1945547843381912,-0.14915295525776068,-1.0500994255839482,-0.21195737801276274,-0.20068784765984624,-0.002144891315582183,-0.48592130799853095,17418.43
0.09119451390306038,-1.0603006057659918,1.3553363664451665,1.3810171355266774,-1.052362135079183,1.7494301560341212,-1.2349818567339161,1.0603006057659952,-1.0500994255839482,0.2993768304253893,2.3643048244579328,2.1042868860431985,0.07785883467789716,35945.02
0.09119451390306038,-1.6650273862778697,0.22413105729476276,1.3810171355266774,-1.052362135079183,0.004323383923717755,-0.020213536197862498,1.665027386277873,-1.0500994255839482,-0.677143459572412,0.8332302860431013,1.4755012808614723,-1.6196282426233282,59841.61
0.5879646291118369,1.8121516016654287,0.1534307254728628,0.48205315108006663,-1.052362135079183,-0.44227847892437255,-0.020213536197862498,-1.8121516016654249,0.9522907789840104,2.035321221056216,-1.0626198523321757,-1.2817235978603934,2.062366028251568,69257.01
-0.4055756013057161,-0.002028739870205314,-1.048474915499441,1.3810171355266774,-1.052362135079183,-1.0275466504217885,-1.2349818567339161,0.002028739870208805,-1.0500994255839482,-0.9300527935986563,-0.788270528580721,-0.687521200963663,0.5993057439214935,77532.41
-1.3991158317232693,-1.2114823008939613,-0.6242729245680396,-1.315874817813155,-1.052362135079183,-1.3166976159457384,1.1945547843381912,1.2114823008939646,0.9522907789840104,-1.2120277461183837,-0.8693684435822794,0.24936935075710798,0.3338715005351011,95709.72
0.09119451390306038,0.4515163455137032,-0.41217192910233913,-0.4169108333665442,0.9502432353523981,1.1799544400831212,1.1945547843381912,-0.4515163455136996,-1.0500994255839482,1.0875801664509952,0.3981594374516166,-0.536612655720049,-0.7470670257026498,12257.26
-0.4055756013057161,-0.4555738252541138,0.931134375513765,1.3810171355266774,-1.052362135079183,1.2842747572624438,-1.2349818567339161,0.4555738252541172,-1.0500994255839482,0.3740926923417564,1.306171131054763,1.0856542056488023,-2.1422224185336938,14101.51
0.5879646291118369,1.0562431260255811,0.8604340436918649,1.3810171355266774,-1.052362135079183,1.811132793249488,-0.020213536197862498,-1.0562431260255776,0.9522907789840104,2.9705074508095426,0.09638380787466859,-0.4485826709946073,-0.4991774591537944,78577.89
-0.9023457165144926,1.0562431260255811,0.36553172093856334,1.3810171355266774,0.9502432353523981,0.25121480124811474,-0.020213536197862498,-1.0562431260255776,0.9522907789840104,1.0142583399314613,-0.5048121249484684,-0.6246426404454904,-0.26764155666356654,94081.43
0.5879646291118369,-1.0603006057659918,-1.614077570074643,0.48205315108006663,0.9502432353523981,-1.59195075848334,-0.020213536197862498,1.0603006057659952,0.9522907789840104,-1.3403180902669314,-1.1770785827681327,-0.8007026098963737,0.37516262445382653,40694.09
1.58150485952939,-0.3043921301261443,-0.8363739200337406,-0.4169108333665442,-1.052362135079183,0.9004152690102452,1.1945547843381912,0.30439213012614774,-1.0500994255839482,0.23018386774318514,0.850513995684342,-0.4014237506059781,-1.2207387173533923,31803.5
-1.3991158317232693,0.7538797357696422,-0.12937060181473833,1.3810171355266774,-1.052362135079183,1.7493723928463143,-0.020213536197862498,-0.7538797357696385,0.9522907789840104,2.1183118295256445,0.3999615515014745,-0.5932033601864042,-0.38744411323898026,86782.66
0.5879646291118369,-1.0603006057659918,-0.9777745836775408,-0.4169108333665442,0.9502432353523981,-1.0644342221552965,-0.020213536197862498,1.0603006057659952,0.9522907789840104,-1.0814532055600612,-0.617986890865271,-0.17820486076646533,0.37516262445382653,51393.69
-1.3991158317232693,1.5097882114094896,0.8604340436918649,-0.4169108333665442,-1.052362135079183,-0.09722430024087209,-1.2349818567339161,-1.5097882114094858,0.9522907789840104,1.549953341666466,-0.8632909002146301,-0.8918765226477238,-0.38744411323898026,7550.55
-0.9023457165144926,0.6026980406416726,1.4967370300889666,-1.315874817813155,-1.052362135079183,1.0922006051668272,1.1945547843381912,-0.6026980406416691,0.9522907789840104,1.2096775237397293,0.21539791307841044,0.3059600552234629,2.122442554249507,72256.62
-0.9023457165144926,-0.4555738252541138,-0.5535725927461393,1.3810171355266774,-1.052362135079183,-0.3896908727449399,-0.020213536197862498,0.4555738252541172,0.9522907789840104,-0.6202997972905738,-0.14541670921284525,-0.10275058814465833,1.1026041036699394,55458.94
1.58150485952939,0.4515163455137032,-0.2000709336366383,-0.4169108333665442,-1.052362135079183,0.7813537863025929,-1.2349818567339161,-0.4515163455136996,-1.0500994255839482,0.7415136716851976,0.1677270431505135,-0.4234312467873381,-1.021296133371345,29390.09
0.09119451390306038,0.6026980406416726,-0.05867026999283805,1.3810171355266774,0.9502432353523981,1.4456535513574558,1.1945547843381912,-0.6026980406416691,-1.0500994255839482,1.5421190440318646,0.4027025680844116,-0.45487052704642467,0.07785883467789716,27825.14
1.58150485952939,0.30033465038573365,1.4260366982670667,-1.315874817813155,0.9502432353523981,-1.1069594810187613,-1.2349818567339161,-0.30033465038573015,-1.0500994255839482,-0.931505716639272,-0.8978277091596372,0.6172089297884172,-1.2207387173533923,37120.26
1.0847347443206135,-0.002028739870205314,0.931134375513765,-0.4169108333665442,-1.052362135079183,0.1910255595532896,-1.2349818567339161,0.002028739870208805,0.9522907789840104,-0.07045322928060313,0.09230539781989437,0.6329285699179603,1.1512285520161478,71235.87
-0.9023457165144926,-0.4555738252541138,1.1432353709794654,1.3810171355266774,-1.052362135079183,-1.070095014560376,1.1945547843381912,0.4555738252541172,0.9522907789840104,-1.0244829874394756,-0.7354326336871415,1.2554263190478683,2.122442554249507,24702.88
-1.3991158317232693,-0.7579372155100528,-0.5535725927461393,0.48205315108006663,0.9502432353523981,0.531447130574674,-1.2349818567339161,0.7579372155100562,0.9522907789840104,-0.19643842139859774,0.8633853643165423,0.06702152525440748,-0.32573604007393053,92983.85
1.58150485952939,0.9050614308976117,-0.4828722609242394,0.48205315108006663,-1.052362135079183,-1.5188456679948843,-0.020213536197862498,-0.905061430897608,-1.0500994255839482,-1.2217755247702573,-1.1807546060230156,-0.8384297462072771,-1.021296133371345,33216.92
-0.4055756013057161,-1.0603006057659918,1.0725350391575654,0.48205315108006663,-1.052362135079183,1.769820561329969,-0.020213536197862498,1.0603006057659952,-1.0500994255839482,0.30938288625972904,2.385915722714876,1.8276212197632387,-2.1422224185336938,78011.12
-1.3991158317232693,0.14915295525776417,1.5674373619108672,0.48205315108006663,0.9502432353523981,0.5741341263639982,1.1945547843381912,-0.14915295525776068,0.9522907789840104,0.3043195763442371,0.26207812117531665,0.8781549559388331,0.47660365932963433,45622.62
0.5879646291118369,-1.5138456911499003,0.8604340436918649,1.3810171355266774,-1.052362135079183,-1.1527887942247825,-0.020213536197862498,1.5138456911499036,0.9522907789840104,-1.1528751630873844,-0.6399968366125628,2.0634158217063856,-0.9671453726489531,79561.1
0.09119451390306038,0.6026980406416726,1.0725350391575654,-0.4169108333665442,-1.052362135079183,0.8386202106943872,-1.2349818567339161,-0.6026980406416691,-1.0500994255839482,0.9711715139207269,0.08101853156568854,0.09846080551349375,0.07785883467789716,93301.59
-0.9023457165144926,-0.4555738252541138,1.213935702801366,-0.4169108333665442,-1.052362135079183,-0.4118141736749956,-0.020213536197862498,0.4555738252541172,0.9522907789840104,-0.6334417901107169,-0.1646010425354525,1.3120170235142241,2.122442554249507,76877.39
0.09119451390306038,-0.4555738252541138,-0.34147159728043885,-1.315874817813155,-1.052362135079183,1.1672349861280342,1.1945547843381912,0.4555738252541172,-1.0500994255839482,0.30456708959456597,1.2046794961245624,0.06702152525440748,-1.6196282426233282,9931.56
-1.3991158317232693,-0.1532104349981748,-0.34147159728043885,-0.4169108333665442,0.9502432353523981,0.4500356936795813,-1.2349818567339161,0.15321043499817827,0.9522907789840104,0.025180553919554215,0.3805679547808603,-0.12161415630011015,0.47660365932963433,94116.9
1.58150485952939,1.5097882114094896,0.6483330482261644,0.48205315108006663,-1.052362135079183,-0.38609800246334863,1.1945547843381912,-1.5097882114094858,-1.0500994255839482,1.0065508108669987,-0.9328737628099006,-0.9390354430363531,0.69675831515521,99400.47
1.58150485952939,1.8121516016654287,-0.12937060181473833,0.48205315108006663,-1.052362135079183,-1.3006394497354108,-0.020213536197862498,-1.8121516016654249,-1.0500994255839482,-0.3866828604315108,-1.1866752018421598,-1.319450734171297,0.3674671920348336,16900.42
-1.3991158317232693,1.5097882114094896,0.8604340436918649,1.3810171355266774,0.9502432353523981,-0.8439752395713525,1.1945547843381912,-1.5097882114094858,0.9522907789840104,0.14523443791334645,-1.043165591488203,-0.8918765226477238,-0.32573604007393053,63260.96
0.5879646291118369,-1.6650273862778697,-0.4828722609242394,0.48205315108006663,0.9502432353523981,-0.046184747494665265,-0.020213536197862498,1.665027386277873,0.9522907789840104,-0.6982570667590214,0.7699659536541427,0.6580799941252292,-0.4991774591537944,23948.57
1.58150485952939,0.14915295525776417,-1.1191752473213412,-0.4169108333665442,-1.052362135079183,-1.3558957151915236,-0.020213536197862498,-0.14915295525776068,-1.0500994255839482,-1.1479179826316825,-1.0396381675079684,-0.7944147538445564,0.3674671920348336,75830.51
1.0847347443206135,1.660969906537459,0.8604340436918649,-0.4169108333665442,0.9502432353523981,0.28413981829806706,1.1945547843381912,-1.6609699065374555,0.9522907789840104,2.9944152787459632,-0.86453145370973,-1.039641139865429,1.1512285520161478,97878.43
1.58150485952939,0.14915295525776417,0.1534307254728628,-0.4169108333665442,0.9502432353523981,-0.5528372203868441,1.1945547843381912,-0.14915295525776068,-1.0500994255839482,-0.5436621918144322,-0.4980121776164227,-0.002144891315582183,-1.021296133371345,61511.27
1.58150485952939,0.14915295525776417,-1.048474915499441,1.3810171355266774,0.9502432353523981,1.2978028958468277,1.1945547843381912,-0.14915295525776068,-1.0500994255839482,0.8488391193445877,0.7501593956534189,-0.7503997614818355,-1.021296133371345,85805.52
-0.9023457165144926,-1.5138456911499003,-0.6949732563899399,0.48205315108006663,0.9502432353523981,-0.804176403172375,-0.020213536197862498,1.5138456911499036,0.9522907789840104,-1.0015419087898925,-0.2201343167815528,0.3342554074566408,-0.26764155666356654,5843.96
-0.9023457165144926,-0.4555738252541138,0.8604340436918649,-1.315874817813155,-1.052362135079183,-1.371792144475992,-0.020213536197862498,0.4555738252541172,0.9522907789840104,-1.2037013386133848,-0.9970508398071878,1.0290635011824476,-0.26764155666356654,8480.01
0.09119451390306038,-0.6067555203820832,-0.9777745836775408,-0.4169108333665442,-1.052362135079183,-1.5646403232882216,-1.2349818567339161,0.6067555203820867,-1.0500994255839482,-1.320748456024807,-1.1602434537087898,-0.37627232639870895,-0.7470670257026498,41953.39
-1.3991158317232693,-0.7579372155100528,1.6381376937327672,-1.315874817813155,0.9502432353523981,-0.7321803658898125,-1.2349818567339161,0.7579372155100562,0.9522907789840104,-0.8755868067940409,-0.35412689493891597,2.0162569013177563,-0.38744411323898026,89526.99
-1.3991158317232693,-1.2114823008939613,0.7897337118699643,-0.4169108333665442,0.9502432353523981,1.759099713673002,-1.2349818567339161,1.2114823008939646,0.9522907789840104,0.23444872463858196,2.5387119529069824,1.6955762426750762,0.47660365932963433,33688.28
-1.3991158317232693,0.9050614308976117,1.6381376937327672,-0.4169108333665442,0.9502432353523981,-0.8675541728341429,1.1945547843381912,-0.905061430897608,0.9522907789840104,-0.4866858768674199,-0.8983692338571392,0.010430820788052056,0.47660365932963433,46044.85
-0.9023457165144926,-0.9091189106380223,-0.05867026999283805,-0.4169108333665442,0.9502432353523981,0.9720878324410888,1.1945547843381912,0.9091189106380256,0.9522907789840104,-0.023631175582443126,1.4141894464861011,0.6140650017625083,-0.23600717548390576,30938.69
0.5879646291118369,-0.002028739870205314,1.4260366982670667,-1.315874817813155,0.9502432353523981,-1.2038283469709894,1.1945547843381912,0.002028739870208805,0.9522907789840104,-1.0544046114971126,-0.915656839359513,0.9630410126383662,-0.4991774591537944,91307.01
1.0847347443206135,-0.002028739870205314,0.0827303936509625,-0.4169108333665442,-1.052362135079183,0.654055273013672,1.1945547843381912,0.002028739870208805,0.9522907789840104,0.2561750465808642,0.4269042139948723,0.06702152525440748,-0.4721873181544019,49130.69
0.5879646291118369,-0.6067555203820832,-0.8363739200337406,-0.4169108333665442,0.9502432353523981,-1.546410261216353,1.1945547843381912,0.6067555203820867,0.9522907789840104,-1.3104606432641406,-1.1435569239240955,-0.25680306141418124,2.062366028251568,85726.54
-0.4055756013057161,1.5097882114094896,-0.2000709336366383,1.3810171355266774,-1.052362135079183,-1.5906222051637804,-0.020213536197862498,-1.5097882114094858,-1.0500994255839482,-1.259288880045844,-1.2230152379402057,-1.1276711245908708,0.2337897666176811,34637.95
0.5879646291118369,1.5097882114094896,-1.331276242787042,-1.315874817813155,0.9502432353523981,-1.2190200653642131,-1.2349818567339161,-1.5097882114094858,0.9522907789840104,-0.5602652525435181,-1.1335050456490852,-1.379185366663561,-0.9671453726489531,82659.21
-1.3991158317232693,-1.6650273862778697,-1.048474915499441,1.3810171355266774,0.9502432353523981,-1.1452564745347584,-1.2349818567339161,1.665027386277873,0.9522907789840104,-1.1576953406165886,-0.6066844411665328,0.004142964736234937,0.3338715005351011,16615.92
1.58150485952939,1.3586065162815202,-1.614077570074643,-0.4169108333665442,0.9502432353523981,0.4134253852475466,-1.2349818567339161,-1.3586065162815164,-1.0500994255839482,1.956458234861264,-0.6409568881060788,-1.40433679087083,0.3674671920348336,95329.96
-0.9023457165144926,-1.3626639960219307,-0.9070742518556405,1.3810171355266774,0.9502432353523981,0.7444893198442076,1.1945547843381912,1.362663996021934,0.9522907789840104,-0.2877125369875468,1.5297712980315747,0.029294388943504085,1.1026041036699394,41850.4
-0.9023457165144926,0.14915295525776417,0.5776327164042638,1.3810171355266774,0.9502432353523981,-0.9151741448621792,1.1945547843381912,-0.14915295525776068,0.9522907789840104,-0.816300095849537,-0.7423917547740542,0.2619450628607422,2.122442554249507,65653.36
-0.4055756013057161,0.7538797357696422,1.213935702801366,1.3810171355266774,-1.052362135079183,-0.9866156555417951,1.1945547843381912,-0.7538797357696385,-1.0500994255839482,-0.6889725586332953,-0.9181084491154193,0.004142964736234937,0.5993057439214935,94582.17
-0.9023457165144926,1.5097882114094896,0.22413105729476276,0.48205315108006663,0.9502432353523981,-0.3028381435584341,-1.2349818567339161,-1.5097882114094858,0.9522907789840104,1.163171568294384,-0.9128184262482484,-1.033353283813612,-0.23600717548390576,25126.6
-1.3991158317232693,1.5097882114094896,-1.1898755791432414,0.48205315108006663,0.9502432353523981,-1.0690552771798512,-1.2349818567339161,-1.5097882114094858,0.9522907789840104,-0.2781653424332249,-1.0973820646713124,-1.3477460864044746,-0.32573604007393053,10605.99
1.0847347443206135,-0.3043921301261443,0.7897337118699643,-0.4169108333665442,0.9502432353523981,-0.8699686740844728,-0.020213536197862498,0.30439213012614774,0.9522907789840104,-0.87991039116989,-0.5993947284348962,0.8278521075242948,-0.4721873181544019,56059.47
0.5879646291118369,1.3586065162815202,0.36553172093856334,-0.4169108333665442,-1.052362135079183,-1.2609445870744858,1.1945547843381912,-1.3586065162815164,0.9522907789840104,-0.7432590467872053,-1.1249363773626082,-0.8761568825181806,-0.4991774591537944,18546.7
-0.4055756013057161,0.4515163455137032,0.931134375513765,0.48205315108006663,0.9502432353523981,0.8720188858843564,-1.2349818567339161,-0.4515163455136996,-1.0500994255839482,0.8202294312110934,0.22014084573217485,0.18020293418711786,0.5993057439214935,89696.22
-1.3991158317232693,1.3586065162815202,1.7088380255546678,1.3810171355266774,0.9502432353523981,0.7985441109939364,-1.2349818567339161,-1.3586065162815164,0.9522907789840104,2.577415189758206,-0.5296376651918168,-0.5177490875645969,0.47660365932963433,5703.33
0.5879646291118369,-0.3043921301261443,0.294831389116663,1.3810171355266774,-1.052362135079183,0.8208175962122901,-0.020213536197862498,0.30439213012614774,0.9522907789840104,0.18027327069981616,0.7853251078956278,0.4537246724411685,0.37516262445382653,82597.9
-0.4055756013057161,0.14915295525776417,0.5069323845823639,1.3810171355266774,-1.052362135079183,-0.4941036110247537,-0.020213536197862498,-0.14915295525776068,-1.0500994255839482,-0.4994684950884256,-0.4583990616149752,0.2179300704980217,-0.48592130799853095,58132.97
1.58150485952939,-0.9091189106380223,1.4260366982670667,-0.4169108333665442,-1.052362135079183,0.5930111361393041,1.1945547843381912,0.9091189106380256,-1.0500994255839482,-0.21810865001253435,1.0306847724040313,2.000537261188213,0.3674671920348336,45987.27
0.09119451390306038,1.8121516016654287,-1.331276242787042,0.48205315108006663,0.9502432353523981,-0.9348482866292209,-1.2349818567339161,-1.8121516016654249,-1.0500994255839482,0.6454559717642617,-1.1338089228174677,-1.4797910634926368,1.1379736053352763,15983.13
1.58150485952939,-1.5138456911499003,-0.6242729245680396,-1.315874817813155,-1.052362135079183,-1.1486413973402447,-0.020213536197862498,1.5138456911499036,-1.0500994255839482,-1.151074770779166,-0.6350017860883272,0.41285360810435645,-1.021296133371345,14767.92
1.58150485952939,1.5097882114094896,1.1432353709794654,1.3810171355266774,-1.052362135079183,-1.4103895065685852,-1.2349818567339161,-1.5097882114094858,-1.0500994255839482,-0.9202517721473243,-1.1796014311276157,-0.8289979621295512,0.3674671920348336,76664.41
0.09119451390306038,0.7538797357696422,0.36553172093856334,-1.315874817813155,0.9502432353523981,-0.7405098175715724,1.1945547843381912,-0.7538797357696385,-1.0500994255839482,-0.43645351814420663,-0.799546263803118,-0.3731283983728003,-1.6196282426233282,25998.34
-0.4055756013057161,-1.2114823008939613,-0.34147159728043885,-0.4169108333665442,-1.052362135079183,1.7061655283667279,1.1945547843381912,1.2114823008939646,-1.0500994255839482,0.2095549994223937,2.4800592069964433,0.5386107291407015,-0.48592130799853095,7669.66
0.5879646291118369,0.30033465038573365,-0.05867026999283805,1.3810171355266774,0.9502432353523981,-0.7311868390595333,-0.020213536197862498,-0.30033465038573015,0.9522907789840104,-0.6285619490616858,-0.6624893125887696,-0.2410834212846381,2.062366028251568,98063.32
-1.3991158317232693,-0.3043921301261443,1.284636034623266,-0.4169108333665442,-1.052362135079183,-0.7574575368741269,1.1945547843381912,0.30439213012614774,0.9522907789840104,-0.8093618709078622,-0.5072503774662038,1.2019795426074216,-0.38744411323898026,98137.19
1.0847347443206135,0.4515163455137032,-1.4726769064308425,-0.4169108333665442,-1.052362135079183,0.188021873787329,-1.2349818567339161,-0.4515163455136996,0.9522907789840104,0.22638081063900978,-0.17528015445289347,-1.1025197003836018,-0.3906307080330218,74090.14
1.58150485952939,0.7538797357696422,1.213935702801366,-0.4169108333665442,0.9502432353523981,-0.0830376613154891,-0.020213536197862498,-0.7538797357696385,-1.0500994255839482,0.23815151932819287,-0.4828071881654905,0.004142964736234937,0.69675831515521,16876.3
1.58150485952939,-0.002028739870205314,-1.1191752473213412,-0.4169108333665442,0.9502432353523981,-0.08099284446712365,-0.020213536197862498,0.002028739870208805,-1.0500994255839482,-0.2623391919411348,-0.10426305840904847,-0.7346801213522924,0.3674671920348336,17868.57
-0.4055756013057161,1.5097882114094896,-0.2000709336366383,-1.315874817813155,0.9502432353523981,-0.3270409192495394,1.1945547843381912,-1.5097882114094858,-1.0500994255839482,1.1176435418186834,-0.91864830415815,-1.1276711245908708,-2.1422224185336938,83111.28
-0.9023457165144926,1.2074248211535505,-1.1898755791432414,-0.4169108333665442,0.9502432353523981,0.329449262813826,1.1945547843381912,-1.207424821153547,0.9522907789840104,1.422420538147303,-0.5699453575781385,-1.234564677471764,1.1026041036699394,92581.2
-0.4055756013057161,-0.9091189106380223,-1.048474915499441,1.3810171355266774,-1.052362135079183,0.09697553716603977,-1.2349818567339161,0.9091189106380256,-1.0500994255839482,-0.4725894752831536,0.528855003987189,-0.31024983785462773,-0.48592130799853095,62080.03
0.09119451390306038,-1.6650273862778697,-0.9777745836775408,1.3810171355266774,0.9502432353523981,-1.0044182700238922,1.1945547843381912,1.665027386277873,-1.0500994255839482,-1.0988216020045218,-0.4302765097498361,0.08588509340985928,1.1379736053352763,20227.88
-0.4055756013057161,1.2074248211535505,-1.614077570074643,1.3810171355266774,-1.052362135079183,0.3608608843432367,1.1945547843381912,-1.207424821153547,-1.0500994255839482,1.4667370192883873,-0.5593525111572164,-1.3666096545599264,0.2337897666176811,25007.24
0.09119451390306038,0.6026980406416726,0.22413105729476276,0.48205315108006663,0.9502432353523981,0.296951693353645,-1.2349818567339161,-0.6026980406416691,-1.0500994255839482,0.4617031183679452,-0.2060268470669762,-0.3165376939064451,-1.6196282426233282,53403.76
0.5879646291118369,0.4515163455137032,1.284636034623266,-1.315874817813155,0.9502432353523981,1.6261981711668085,-1.2349818567339161,-0.4515163455136996,0.9522907789840104,1.4750105491226027,0.6561344568606161,0.36883861574163546,-0.9671453726489531,53526.46
-0.4055756013057161,-0.6067555203820832,-0.2000709336366383,1.3810171355266774,0.9502432353523981,-0.8526974809301995,-0.020213536197862498,0.6067555203820867,-1.0500994255839482,-0.9189761181358094,-0.5085805357673652,0.28080863101619424,-2.1422224185336938,76535.97
-0.4055756013057161,-0.002028739870205314,1.6381376937327672,1.3810171355266774,0.9502432353523981,-0.8675657254717043,-1.2349818567339161,0.002028739870208805,-1.0500994255839482,-0.8171997905016105,-0.6726636322136779,1.1045177738042544,0.5993057439214935,91804.89
-1.3991158317232693,1.3586065162815202,1.5674373619108672,-0.4169108333665442,-1.052362135079183,0.6331449990275618,1.1945547843381912,-1.3586065162815164,0.9522907789840104,2.310729302931366,-0.5774465599141436,-0.5554762238755006,0.3338715005351011,29118.37
-1.3991158317232693,-0.3043921301261443,0.0827303936509625,1.3810171355266774,-1.052362135079183,1.4791908581981617,-1.2349818567339161,0.30439213012614774,0.9522907789840104,0.5930969303376331,1.3245195238885235,0.2933843431198287,0.47660365932963433,36473.19
1.0847347443206135,0.4515163455137032,-0.8363739200337406,-0.4169108333665442,0.9502432353523981,-0.20949283206242886,-0.020213536197862498,-0.4515163455136996,0.9522907789840104,-0.1187428602996431,-0.40508475855997544,-0.7629754735854701,0.685101601507867,52540.21
1.58150485952939,-0.4555738252541138,-1.5433772382527424,-1.315874817813155,0.9502432353523981,-1.4308954382400467,1.1945547843381912,0.4555738252541172,-1.0500994255839482,-1.2388107042885037,-1.0483025626680016,-0.8950204506736323,-1.021296133371345,6355.76
1.58150485952939,-1.5138456911499003,0.7897337118699643,-1.315874817813155,-1.052362135079183,0.8573008256311496,-0.020213536197862498,1.5138456911499036,-1.0500994255839482,-0.2802917110646582,1.7809190990805963,1.9848176210586694,0.3674671920348336,90870.69
-0.9023457165144926,-1.0603006057659918,-1.331276242787042,-1.315874817813155,0.9502432353523981,1.2655363791378744,-0.020213536197862498,1.0603006057659952,0.9522907789840104,0.061918669135214585,1.851446986276441,-0.5240369436164143,1.1026041036699394,9212.7
0.5879646291118369,-0.9091189106380223,-0.6949732563899399,0.48205315108006663,-1.052362135079183,1.4215085388541575,-1.2349818567339161,0.9091189106380256,0.9522907789840104,0.2069348412486727,1.8688598158866647,0.019862604865778073,-0.9671453726489531,35631.92
-1.3991158317232693,-0.7579372155100528,0.1534307254728628,-0.4169108333665442,0.9502432353523981,-0.5638930945330912,1.1945547843381912,0.7579372155100562,0.9522907789840104,-0.7851392429793087,-0.19198115457893913,0.6958071304361328,0.3338715005351011,59071.61
-0.4055756013057161,-1.6650273862778697,0.36553172093856334,1.3810171355266774,0.9502432353523981,-0.2982864043592477,-0.020213536197862498,1.665027386277873,-1.0500994255839482,-0.8036415900952961,0.454194164680707,1.6389855382087208,-0.48592130799853095,67173.69
-0.9023457165144926,-0.002028739870205314,1.6381376937327672,1.3810171355266774,-1.052362135079183,-0.10380930365086255,-0.020213536197862498,0.002028739870208805,0.9522907789840104,-0.27843427289987727,-0.12075089927595421,1.1045177738042544,-0.23600717548390576,91188.47
-1.3991158317232693,0.6026980406416726,0.7897337118699643,0.48205315108006663,0.9502432353523981,0.0726456824617592,-0.020213536197862498,-0.6026980406416691,0.9522907789840104,0.2507312419831731,-0.32489290954766004,-0.03987202762648602,-0.38744411323898026,30076.84
1.58150485952939,0.6026980406416726,1.4967370300889666,-0.4169108333665442,0.9502432353523981,-1.4282845421511732,1.1945547843381912,-0.6026980406416691,-1.0500994255839482,-1.1609744209641888,-1.1202780405505912,0.3059600552234629,0.3674671920348336,31692.84
-0.4055756013057161,-0.1532104349981748,0.931134375513765,-1.315874817813155,-1.052362135079183,1.132819678832663,-1.2349818567339161,0.15321043499817827,-1.0500994255839482,0.4784947340290869,0.9068609483556717,0.7838371151615743,0.5993057439214935,44230.53
1.58150485952939,1.3586065162815202,0.36553172093856334,1.3810171355266774,0.9502432353523981,-0.31622765049208135,-0.020213536197862498,-1.3586065162815164,-1.0500994255839482,0.7799817435504902,-0.8518643395112228,-0.8761568825181806,-1.2207387173533923,18246.64
0.09119451390306038,-1.2114823008939613,-1.048474915499441,-1.315874817813155,0.9502432353523981,0.2753020505636062,-1.2349818567339161,1.2114823008939646,-1.0500994255839482,-0.4633470587129672,0.8946173699174927,-0.1844927168182827,1.1379736053352763,53190.92
-0.9023457165144926,0.14915295525776417,0.5776327164042638,-0.4169108333665442,0.9502432353523981,-1.0197601727054137,-0.020213536197862498,-0.14915295525776068,0.9522907789840104,-0.8949951266246231,-0.8129302164501171,0.2619450628607422,-0.23600717548390576,68178.02
0.09119451390306038,-0.7579372155100528,0.4362320527604633,-0.4169108333665442,-1.052362135079183,1.809665608279192,1.1945547843381912,0.7579372155100562,-1.0500994255839482,0.49055202297247597,2.094956116746618,0.947321372508823,-1.6196282426233282,79670.05
1.0847347443206135,0.4515163455137032,-0.05867026999283805,-0.4169108333665442,-1.052362135079183,0.7091266962688028,-0.020213536197862498,-0.4515163455136996,0.9522907789840104,0.6788058571393385,0.12597231662903735,-0.34797697416553136,-0.3906307080330218,19025.42
1.58150485952939,1.0562431260255811,0.0827303936509625,-1.315874817813155,-1.052362135079183,1.1125216946373064,-1.2349818567339161,-1.0562431260255776,-1.0500994255839482,2.094398996700221,-0.17286249434400439,-0.7252483372745665,-1.021296133371345,48326.38
-1.3991158317232693,-0.4555738252541138,-0.5535725927461393,1.3810171355266774,-1.052362135079183,0.4466392182365336,-0.020213536197862498,0.4555738252541172,0.9522907789840104,-0.12349129273254869,0.5798111979534774,-0.10275058814465833,0.3338715005351011,8665.69
-0.4055756013057161,-0.1532104349981748,0.0827303936509625,0.48205315108006663,0.9502432353523981,1.400586712230486,-0.020213536197862498,0.15321043499817827,-1.0500994255839482,0.6562707156638663,1.113256992568676,0.18020293418711808,-0.48592130799853095,6690.81
-0.4055756013057161,-0.6067555203820832,-1.048474915499441,1.3810171355266774,0.9502432353523981,0.5503819035377869,-0.020213536197862498,0.6067555203820867,-1.0500994255839482,-0.12717310952001962,0.7757006612420784,-0.43600695889097285,-2.1422224185336938,46812.39
0.09119451390306038,-1.6650273862778697,1.0725350391575654,-1.315874817813155,-1.052362135079183,-1.1610027195309287,-1.2349818567339161,1.665027386277873,-1.0500994255839482,-1.1642776477061012,-0.6264075164286899,2.456406824944964,0.07785883467789716,29031.25
-0.9023457165144926,1.660969906537459,-1.1191752473213412,1.3810171355266774,0.9502432353523981,-1.141005103912168,-0.020213536197862498,-1.6609699065374555,0.9522907789840104,-0.22260593790445388,-1.139158496704816,-1.3917610787671955,2.122442554249507,69919.28
0.5879646291118369,-0.6067555203820832,-0.2000709336366383,-1.315874817813155,0.9502432353523981,-1.6207630365614385,-1.2349818567339161,0.6067555203820867,0.9522907789840104,-1.35242031558838,-1.2116142786099589,0.28080863101619424,2.062366028251568,90063.35
-0.4055756013057161,0.14915295525776417,0.5776327164042638,1.3810171355266774,0.9502432353523981,0.9908377632032195,1.1945547843381912,-0.14915295525776068,-1.0500994255839482,0.6178653357673409,0.5431255433177657,0.2619450628607422,-0.48592130799853095,77264.84
-1.3991158317232693,1.5097882114094896,-0.2000709336366383,1.3810171355266774,-1.052362135079183,-0.8278708628107793,1.1945547843381912,-1.5097882114094858,0.9522907789840104,0.175528504217464,-1.0392864269028077,-1.1276711245908708,-0.32573604007393053,9583.19
0.09119451390306038,-1.2114823008939613,-0.7656735882118402,-1.315874817813155,-1.052362135079183,1.1526555575255641,-1.2349818567339161,1.2114823008939646,-1.0500994255839482,-0.050747960542254125,1.8667527115652434,0.10474866156531086,-1.6196282426233282,40304.19
0.09119451390306038,-0.6067555203820832,0.22413105729476276,-0.4169108333665442,0.9502432353523981,-0.01886275966198552,-0.020213536197862498,0.6067555203820867,-1.0500994255839482,-0.4484162565219745,0.2546537229587928,0.6392164259697777,0.07785883467789716,30937.22
0.5879646291118369,-1.3626639960219307,-0.5535725927461393,-1.315874817813155,0.9502432353523981,0.7013748764651122,1.1945547843381912,1.362663996021934,0.9522907789840104,-0.3071772351993632,1.4799220851786798,0.40656575205253953,-0.4991774591537944,41682.58
-0.9023457165144926,-1.5138456911499003,1.4967370300889666,0.48205315108006663,0.9502432353523981,1.6910662310739952,-0.020213536197862498,1.5138456911499036,0.9522907789840104,0.08164732313153325,2.7850912199290794,2.7707996275358266,2.122442554249507,14281.89
-1.3991158317232693,-1.5138456911499003,0.01203006182906223,0.48205315108006663,0.9502432353523981,1.7563732912085148,-1.2349818567339161,1.5138456911499036,0.9522907789840104,0.1099972332105271,2.8637458734485888,1.1202374139337974,-0.38744411323898026,54493.53
-0.9023457165144926,0.14915295525776417,-0.6242729245680396,-1.315874817813155,0.9502432353523981,-0.045121904839017686,-1.2349818567339161,-0.14915295525776068,0.9522907789840104,-0.16163532641031325,-0.15558156746071578,-0.48630980730551093,-0.23600717548390576,73436.22
-1.3991158317232693,0.4515163455137032,0.8604340436918649,0.48205315108006663,-1.052362135079183,-0.6601265654194431,-1.2349818567339161,-0.4515163455136996,0.9522907789840104,-0.5099846584426879,-0.6655976532213999,0.1424757978762147,-0.32573604007393053,71681.54
1.58150485952939,-0.002028739870205314,-0.05867026999283805,1.3810171355266774,0.9502432353523981,-0.20327751305440278,1.1945547843381912,0.002028739870208805,-1.0500994255839482,-0.34860067647191406,-0.19262953718180645,-0.027296315522851333,-1.2207387173533923,54616.5
0.09119451390306038,-1.2114823008939613,-0.5535725927461393,-1.315874817813155,0.9502432353523981,1.0760846757686926,1.1945547843381912,1.2114823008939646,-1.0500994255839482,-0.08675747838007516,1.7819097609115868,0.3216796953530063,0.07785883467789716,54051.23
-1.3991158317232693,-0.6067555203820832,1.4967370300889666,1.3810171355266774,0.9502432353523981,0.7323821556798743,-1.2349818567339161,0.6067555203820867,0.9522907789840104,-0.02446448960142558,0.9422910226033415,1.7144398108305277,0.47660365932963433,70699.19
0.5879646291118369,-0.4555738252541138,-1.684777901896543,-0.4169108333665442,0.9502432353523981,1.475378487802904,-1.2349818567339161,0.4555738252541172,0.9522907789840104,0.4876148047338226,1.4718877064190288,-1.008201859606343,-0.9671453726489531,9552.89
-0.4055756013057161,-1.0603006057659918,0.8604340436918649,-1.315874817813155,0.9502432353523981,0.7553487991519112,-1.2349818567339161,1.0603006057659952,-1.0500994255839482,-0.18844248540082856,1.310721496858234,1.6201219700532694,-2.1422224185336938,60309.09
-0.4055756013057161,1.2074248211535505,-1.4726769064308425,-0.4169108333665442,-1.052362135079183,0.7666126207742634,-1.2349818567339161,-1.207424821153547,-1.0500994255839482,2.0391840404863144,-0.42252207644017875,-1.3225946621972058,-2.1422224185336938,9660.59
0.09119451390306038,0.9050614308976117,1.7088380255546678,0.48205315108006663,0.9502432353523981,-0.14070842802193195,1.1945547843381912,-0.905061430897608,-1.0500994255839482,0.3336791771884714,-0.5832252350777245,0.038726173021229875,-1.6196282426233282,15310.14
-0.4055756013057161,-0.1532104349981748,0.0827303936509625,1.3810171355266774,-1.052362135079183,1.0986007663758355,-1.2349818567339161,0.15321043499817827,-1.0500994255839482,0.4557761018087824,0.880484855381346,0.18020293418711808,-0.48592130799853095,54845.68
-1.3991158317232693,0.4515163455137032,0.4362320527604633,-1.315874817813155,0.9502432353523981,1.76083260930721,1.1945547843381912,-0.4515163455136996,0.9522907789840104,1.5919006436071579,0.7339670836810391,-0.08388701998920675,-0.32573604007393053,77048.81
-1.3991158317232693,1.5097882114094896,-0.9070742518556405,0.48205315108006663,0.9502432353523981,-1.6106198207825408,-0.020213536197862498,-1.5097882114094858,0.9522907789840104,-1.2969065477448594,-1.227832191955499,-1.284867525886302,0.3338715005351011,36792.44
1.58150485952939,-0.4555738252541138,-0.05867026999283805,0.48205315108006663,-1.052362135079183,-1.4713296697049005,-0.020213536197862498,0.4555738252541172,-1.0500994255839482,-1.2628300123148746,-1.0833653128659786,0.2933843431198285,-1.2207387173533923,41016.77
-0.4055756013057161,-0.002028739870205314,-1.4726769064308425,1.3810171355266774,0.9502432353523981,-0.765555935804659,1.1945547843381912,0.002028739870208805,-1.0500994255839482,-0.745240517151891,-0.5989483740593601,-0.9704747232954394,0.5993057439214935,25236.24
-0.9023457165144926,-0.7579372155100528,-1.401976574608942,-1.315874817813155,0.9502432353523981,-1.6113245316737854,1.1945547843381912,0.7579372155100562,0.9522907789840104,-1.3480910395624432,-1.2011872845629892,-0.687521200963663,1.1026041036699394,14856.2
1.58150485952939,-0.3043921301261443,1.213935702801366,0.48205315108006663,-1.052362135079183,1.033293706241316,1.1945547843381912,0.30439213012614774,-1.0500994255839482,0.3135034159569487,0.9593387543702337,1.1485327661669753,-1.021296133371345,37623.96
-0.4055756013057161,-0.3043921301261443,-0.9070742518556405,-1.315874817813155,-1.052362135079183,-0.6364898689688459,-1.2349818567339161,0.30439213012614774,-1.0500994255839482,-0.73351080245487,-0.4081802985060254,-0.4548705270464244,-2.1422224185336938,75862.6
-0.4055756013057161,0.14915295525776417,-1.048474915499441,0.48205315108006663,0.9502432353523981,-0.12172744450857345,1.1945547843381912,-0.14915295525776068,-1.0500994255839482,-0.21927663305668435,-0.20724847780800096,-0.7503997614818355,-2.1422224185336938,64477.34
1.58150485952939,1.0562431260255811,0.01203006182906223,0.48205315108006663,0.9502432353523981,1.7575054496895306,1.1945547843381912,-1.0562431260255776,-1.0500994255839482,2.9032549133711343,0.07571570801193726,-0.7503997614818355,-1.2207387173533923,44500.57
-1.3991158317232693,-0.1532104349981748,0.931134375513765,0.48205315108006663,0.9502432353523981,-1.3941927087075208,1.1945547843381912,0.15321043499817827,0.9522907789840104,-1.1992402062940668,-1.0409716651186725,0.7838371151615743,0.47660365932963433,96651.49
-0.4055756013057161,0.14915295525776417,-1.5433772382527424,1.3810171355266774,-1.052362135079183,-0.3336836858473368,-1.2349818567339161,-0.14915295525776068,-1.0500994255839482,-0.37876163577738536,-0.3502032062262852,-1.0585047080208811,0.2337897666176811,74824.66
-1.3991158317232693,1.3586065162815202,0.294831389116663,0.48205315108006663,0.9502432353523981,-0.541515635576685,-1.2349818567339161,-1.3586065162815164,0.9522907789840104,0.41673235617812215,-0.9169842149027223,-0.8950204506736325,-0.32573604007393053,10876.84
1.58150485952939,-0.6067555203820832,-1.331276242787042,0.48205315108006663,-1.052362135079183,1.3874051527729436,-1.2349818567339161,0.6067555203820867,-1.0500994255839482,0.3451861413979622,1.541853476508525,-0.6749454888600284,0.69675831515521,75739.99
-1.3991158317232693,-0.6067555203820832,-1.614077570074643,0.48205315108006663,0.9502432353523981,-0.7468868735054579,-0.020213536197862498,0.6067555203820867,0.9522907789840104,-0.8592637752492789,-0.4117288714466968,-0.9138840188290841,-0.32573604007393053,7283.66
0.09119451390306038,-1.2114823008939613,-1.5433772382527424,-0.4169108333665442,-1.052362135079183,1.4231836713005586,-1.2349818567339161,1.2114823008939646,-1.0500994255839482,0.07647516546985474,2.166506389214108,-0.6906651289895716,0.07785883467789716,66780.72
-0.9023457165144926,0.4515163455137032,1.213935702801366,1.3810171355266774,-1.052362135079183,1.2802313341159584,1.1945547843381912,-0.4515163455136996,0.9522907789840104,1.174640919851196,0.4561298511122714,0.3311114794307323,1.1026041036699394,24995.87
-0.4055756013057161,-0.1532104349981748,-1.614077570074643,1.3810171355266774,-1.052362135079183,-0.16078691210362217,-1.2349818567339161,0.15321043499817827,-1.0500994255839482,-0.3803570022533554,-0.09025688108393301,-1.0270654277617948,0.5993057439214935,34429.06
0.5879646291118369,-1.6650273862778697,-0.2000709336366383,-1.315874817813155,0.9502432353523981,-0.19509824566094092,1.1945547843381912,1.665027386277873,0.9522907789840104,-0.7605064712959374,0.5834432536327155,0.9850485088197266,2.062366028251568,87935.6
-0.9023457165144926,0.7538797357696422,1.213935702801366,-0.4169108333665442,-1.052362135079183,-0.6477074800409524,-1.2349818567339161,-0.7538797357696385,0.9522907789840104,-0.34123287071197417,-0.7548384745427454,0.004142964736234937,-0.23600717548390576,37006.81
-0.4055756013057161,-0.9091189106380223,-1.614077570074643,-1.315874817813155,0.9502432353523981,0.8461640830219728,-0.020213536197862498,0.9091189106380256,-1.0500994255839482,-0.0882337560014233,1.2867947874334527,-0.8384297462072771,-0.48592130799853095,92136.05
1.58150485952939,0.4515163455137032,0.294831389116663,-1.315874817813155,0.9502432353523981,-1.3686267217841719,1.1945547843381912,-0.4515163455136996,-1.0500994255839482,-1.1251069953698203,-1.0751840044864505,-0.15934129261101376,-1.021296133371345,95135.69
-0.4055756013057161,-0.4555738252541138,-0.5535725927461393,1.3810171355266774,0.9502432353523981,-0.9491388992926564,-1.2349818567339161,0.4555738252541172,-1.0500994255839482,-0.9526309431434452,-0.6305449209520511,-0.10275058814465833,0.5993057439214935,38929.97
1.0847347443206135,0.30033465038573365,-0.6242729245680396,-0.4169108333665442,0.9502432353523981,0.35591635546696315,-0.020213536197862498,-0.30033465038573015,0.9522907789840104,0.24784867992502863,0.01834024800146721,-0.5680519359791351,-0.4721873181544019,66927.17
0.09119451390306038,0.7538797357696422,-0.4828722609242394,1.3810171355266774,-1.052362135079183,1.1906521824649654,-1.2349818567339161,-0.7538797357696385,-1.0500994255839482,1.5450320869929588,0.13079650581500646,-0.7503997614818355,1.1379736053352763,7175.71
0.09119451390306038,0.9050614308976117,-1.401976574608942,1.3810171355266774,-1.052362135079183,-0.761015749243034,1.1945547843381912,-0.905061430897608,-1.0500994255839482,-0.366439730759857,-0.8521765649534618,-1.2062693252385863,1.1379736053352763,96101.9
-0.4055756013057161,-1.0603006057659918,0.931134375513765,-1.315874817813155,0.9502432353523981,-1.3297636490276667,1.1945547843381912,1.0603006057659952,-1.0500994255839482,-1.211656652782318,-0.8991979391753104,1.6892883866232589,0.2337897666176811,37721.92
-1.3991158317232693,1.2074248211535505,1.6381376937327672,1.3810171355266774,-1.052362135079183,-1.1310698356093754,-0.020213536197862498,-1.207424821153547,0.9522907789840104,-0.6381246973434298,-1.0624718096091172,-0.3542648302173485,-0.38744411323898026,23028.99
0.5879646291118369,1.2074248211535505,1.7088380255546678,-0.4169108333665442,-1.052362135079183,0.32569465560637534,1.1945547843381912,-1.207424821153547,0.9522907789840104,1.4171234228950587,-0.5712115124463987,-0.332257334035988,-0.4991774591537944,85817.24
0.09119451390306038,-1.6650273862778697,0.5069323845823639,-0.4169108333665442,0.9502432353523981,-0.00877730707089486,-1.2349818567339161,1.665027386277873,-1.0500994255839482,-0.6826198618024245,0.8168209189504482,1.8024697955559696,-1.6196282426233282,12104.41
0.5879646291118369,0.9050614308976117,-0.12937060181473833,-0.4169108333665442,0.9502432353523981,0.3540217229068957,-0.020213536197862498,-0.905061430897608,0.9522907789840104,0.8920635798029015,-0.3687213472951309,-0.6969529850413889,-0.4991774591537944,92131.67
-1.3991158317232693,-0.9091189106380223,-0.05867026999283805,-0.4169108333665442,0.9502432353523981,1.1993975290989352,-1.2349818567339161,0.9091189106380256,0.9522907789840104,0.09298537233717634,1.644154337451231,0.6140650017625083,0.47660365932963433,75446.31
-1.3991158317232693,-1.5138456911499003,0.931134375513765,-0.4169108333665442,-1.052362135079183,-1.4915467854373272,-1.2349818567339161,1.5138456911499036,0.9522907789840104,-1.2999306050202235,-1.047990893777353,2.1420140223541013,0.3338715005351011,36871.76
-0.9023457165144926,0.4515163455137032,-0.7656735882118402,1.3810171355266774,-1.052362135079183,-1.437711494401265,1.1945547843381912,-0.4515163455136996,0.9522907789840104,-1.1850866388413872,-1.1151221466167174,-0.7252483372745666,-0.23600717548390576,39479.18
0.09119451390306038,0.30033465038573365,1.4967370300889666,-0.4169108333665442,0.9502432353523981,1.2890691018504192,-0.020213536197862498,-0.30033465038573015,-1.0500994255839482,1.0001461522499264,0.6027539241663535,0.6580799941252292,-0.7470670257026498,39292.09
0.5879646291118369,-0.9091189106380223,-0.05867026999283805,-0.4169108333665442,-1.052362135079183,-0.8004564538776084,-0.020213536197862498,0.9091189106380256,0.9522907789840104,-0.9329984341920722,-0.37905984963922,0.6140650017625083,0.37516262445382653,97600.01
-0.4055756013057161,-0.9091189106380223,1.4967370300889666,-1.315874817813155,0.9502432353523981,0.8141863822520542,-0.020213536197862498,0.9091189106380256,-1.0500994255839482,-0.10463925532250011,1.2544435565841197,2.0665597497322943,0.2337897666176811,60529.54
1.58150485952939,1.5097882114094896,0.4362320527604633,0.48205315108006663,-1.052362135079183,0.25012885331734436,-1.2349818567339161,-1.5097882114094858,-1.0500994255839482,2.2033620156735676,-0.7796217168652201,-0.9861943634249826,-1.021296133371345,47373.55
1.58150485952939,0.9050614308976117,0.1534307254728628,0.48205315108006663,-1.052362135079183,1.4221439339200337,1.1945547843381912,-0.905061430897608,-1.0500994255839482,2.09761529642261,0.09439246628405953,-0.5837715761086781,-1.2207387173533923,26163.54
1.58150485952939,0.30033465038573365,-0.9070742518556405,0.48205315108006663,-1.052362135079183,0.5054768013366765,-1.2349818567339161,-0.30033465038573015,-1.0500994255839482,0.36842266507765364,0.11200676757002416,-0.7315361933263838,-1.021296133371345,67076.17
0.09119451390306038,0.30033465038573365,1.284636034623266,-0.4169108333665442,0.9502432353523981,-0.6149326472792981,1.1945547843381912,-0.30033465038573015,-1.0500994255839482,-0.5348390993327452,-0.5896817900784662,0.5354668011147926,1.1379736053352763,70093.11
-0.9023457165144926,0.14915295525776417,0.22413105729476276,1.3810171355266774,-1.052362135079183,-1.0586925612872873,-0.020213536197862498,-0.14915295525776068,0.9522907789840104,-0.9242895322042145,-0.8391883204872685,0.04187010104713833,1.1026041036699394,7563.58
-1.3991158317232693,-1.3626639960219307,0.0827303936509625,0.48205315108006663,0.9502432353523981,0.7373960003815162,-1.2349818567339161,1.362663996021934,0.9522907789840104,-0.2909149283868115,1.5215699537947909,1.0856542056488028,0.3338715005351011,90416.6
-0.4055756013057161,-0.9091189106380223,-1.401976574608942,1.3810171355266774,-1.052362135079183,-0.11366370349072548,1.1945547843381912,0.9091189106380256,-1.0500994255839482,-0.5806535898500585,0.31575529586728585,-0.6403622805750336,0.5993057439214935,37120.12
0.5879646291118369,-0.6067555203820832,-1.684777901896543,1.3810171355266774,-1.052362135079183,0.7997109273876365,1.1945547843381912,0.6067555203820867,0.9522907789840104,0.013531310632519115,1.0039190933163948,-0.973618651321348,-0.9671453726489531,75695.75
-0.4055756013057161,-0.002028739870205314,1.6381376937327672,1.3810171355266774,0.9502432353523981,1.4348633878751205,-0.020213536197862498,0.002028739870208805,-1.0500994255839482,0.8069690905092323,0.9911389991450276,1.1045177738042544,0.5993057439214935,77181.66
0.5879646291118369,0.14915295525776417,-0.41217192910233913,-0.4169108333665442,0.9502432353523981,-1.6479117348306975,1.1945547843381912,-0.14915295525776068,0.9522907789840104,-1.3676434098825223,-1.2365895312311368,-0.3542648302173485,-0.4991774591537944,66802.72
0.09119451390306038,-0.002028739870205314,-1.4726769064308425,0.48205315108006663,-1.052362135079183,1.3020773717445409,-1.2349818567339161,0.002028739870208805,-1.0500994255839482,0.7132997940333913,0.8951839394365647,-0.9704747232954394,1.1379736053352763,62796.5
1.58150485952939,-1.6650273862778697,0.6483330482261644,-0.4169108333665442,-1.052362135079183,0.1365548734513509,1.1945547843381912,1.665027386277873,-1.0500994255839482,-0.6218675337128665,0.9988578131528963,1.9659540529032182,0.3674671920348336,8818.88
0.09119451390306038,0.7538797357696422,1.5674373619108672,1.3810171355266774,0.9502432353523981,0.092054113564889,-1.2349818567339161,-0.7538797357696385,-1.0500994255839482,0.4178059613153603,-0.39845622911778655,0.1613393660316663,1.1379736053352763,77380.1
-0.9023457165144926,-0.1532104349981748,-1.331276242787042,-1.315874817813155,0.9502432353523981,0.467410860571907,1.1945547843381912,0.15321043499817827,0.9522907789840104,0.03671628074579948,0.3939608122533065,-0.8258540341036426,1.1026041036699394,42691.34
-0.9023457165144926,0.14915295525776417,0.294831389116663,-1.315874817813155,-1.052362135079183,0.06622241597762815,-1.2349818567339161,-0.14915295525776068,0.9522907789840104,-0.07785506499307254,-0.08048494825891593,0.08588509340985928,2.122442554249507,14843.78
0.5879646291118369,-0.1532104349981748,-0.34147159728043885,-0.4169108333665442,-1.052362135079183,0.1124214135856139,-1.2349818567339161,0.15321043499817827,0.9522907789840104,-0.19896843595423974,0.12033333591465792,-0.12161415630011015,-0.4991774591537944,57278.73
-1.3991158317232693,-0.002028739870205314,1.3553363664451665,0.48205315108006663,0.9502432353523981,0.26200496473045,-1.2349818567339161,0.002028739870208805,0.9522907789840104,-0.020383266034773407,0.1435971923952202,0.9158820922497367,-0.32573604007393053,70640.74
-1.3991158317232693,-0.9091189106380223,0.5069323845823639,-1.315874817813155,0.9502432353523981,-1.42367503976418,-0.020213536197862498,0.9091189106380256,0.9522907789840104,-1.2527278656858614,-1.0095582236992375,1.142244910115158,0.47660365932963433,69845.31
0.5879646291118369,-0.4555738252541138,1.4260366982670667,0.48205315108006663,-1.052362135079183,0.7764208100638808,-1.2349818567339161,0.4555738252541172,0.9522907789840104,0.07241018353053445,0.8657829885681756,1.4817891369132896,0.37516262445382653,84952.59
-0.9023457165144926,0.6026980406416726,0.4362320527604633,0.48205315108006663,0.9502432353523981,1.0305903890519514,-0.020213536197862498,-0.6026980406416691,0.9522907789840104,1.1517297993495361,0.18274892712818952,-0.2127880690514605,2.122442554249507,17594.09
-0.9023457165144926,-1.2114823008939613,-1.2605759109651418,0.48205315108006663,0.9502432353523981,-0.6254224421850373,-1.2349818567339161,1.2114823008939646,0.9522907789840104,-0.8869369919147475,-0.10341376068203093,-0.4014237506059779,-0.26764155666356654,67674.17
-0.9023457165144926,-1.3626639960219307,-0.6949732563899399,-0.4169108333665442,0.9502432353523981,-1.1807346244857773,1.1945547843381912,1.362663996021934,0.9522907789840104,-1.1568853739657792,-0.6961857286322062,0.25565720680892506,1.1026041036699394,59637.74
0.09119451390306038,0.6026980406416726,-1.048474915499441,-0.4169108333665442,0.9502432353523981,-0.09487911481591056,-1.2349818567339161,-0.6026980406416691,-1.0500994255839482,0.09316515321846465,-0.41366901029098485,-0.9390354430363531,0.07785883467789716,7935.23
-0.4055756013057161,-0.002028739870205314,0.931134375513765,-0.4169108333665442,0.9502432353523981,-0.48569329088006413,-0.020213536197862498,0.002028739870208805,-1.0500994255839482,-0.5478211064047841,-0.3967114398817444,0.6329285699179603,0.2337897666176811,30419.3
1.58150485952939,-0.1532104349981748,0.6483330482261644,-1.315874817813155,-1.052362135079183,-0.8900933687164085,1.1945547843381912,0.15321043499817827,-1.0500994255839482,-0.8645583977414044,-0.652409606734237,0.5826257215034225,-1.021296133371345,11892.86
-0.9023457165144926,-1.0603006057659918,-0.6949732563899399,1.3810171355266774,-1.052362135079183,0.7984516898934454,-1.2349818567339161,1.0603006057659952,0.9522907789840104,-0.16729087388925803,1.3564043645050643,0.09846080551349375,-0.26764155666356654,38698.38
0.5879646291118369,0.9050614308976117,-1.1191752473213412,1.3810171355266774,0.9502432353523981,-0.16017462231286866,1.1945547843381912,-0.905061430897608,0.9522907789840104,0.3117083730037779,-0.5916653399468089,-1.0930879163058758,-0.9671453726489531,7584.24
1.58150485952939,1.0562431260255811,0.931134375513765,1.3810171355266774,-1.052362135079183,1.2271816224340704,-0.020213536197862498,-1.0562431260255776,-1.0500994255839482,2.2381907748295204,-0.1286722980627448,-0.42343124678733834,0.69675831515521,57552.43
0.5879646291118369,1.660969906537459,-0.9777745836775408,1.3810171355266774,0.9502432353523981,-0.36748670335195455,1.1945547843381912,-1.6609699065374555,0.9522907789840104,1.5234797178704287,-0.9901006235457221,-1.3666096545599264,-0.4991774591537944,32265.3
1.58150485952939,-0.9091189106380223,0.4362320527604633,-1.315874817813155,-1.052362135079183,-0.2525610648912788,-1.2349818567339161,0.9091189106380256,-1.0500994255839482,-0.6519120141048658,0.1752354806571946,1.0762224215710765,0.69675831515521,91494.8
0.09119451390306038,0.9050614308976117,-0.6242729245680396,-1.315874817813155,-1.052362135079183,1.442407260202706,1.1945547843381912,-0.905061430897608,-1.0500994255839482,2.120485795259377,0.10317818969080968,-0.8950204506736323,-1.6196282426233282,30556.32
0.09119451390306038,-0.002028739870205314,1.7088380255546678,1.3810171355266774,-1.052362135079183,-0.1775613418427558,-0.020213536197862498,0.002028739870208805,-1.0500994255839482,-0.3304600940849972,-0.1740462795768788,1.1516766941928838,-0.7470670257026498,12067.59
0.5879646291118369,1.0562431260255811,-1.048474915499441,1.3810171355266774,-1.052362135079183,-0.4127614899550293,-0.020213536197862498,-1.0562431260255776,0.9522907789840104,0.1815844199109701,-0.7607100938219304,-1.1276711245908708,-0.9671453726489531,6986.1
1.0847347443206135,-1.5138456911499003,-1.2605759109651418,-0.4169108333665442,-1.052362135079183,-1.1977054490634544,-0.020213536197862498,1.5138456911499036,0.9522907789840104,-1.1723735622360008,-0.6940936512037269,-0.2945301977250846,0.685101601507867,95395.26
-1.3991158317232693,0.7538797357696422,-1.048474915499441,-1.315874817813155,0.9502432353523981,0.7068854845818937,1.1945547843381912,-0.7538797357696385,0.9522907789840104,1.0486590493700614,-0.10225947268344991,-1.0019140035545258,0.47660365932963433,73838.03
-0.9023457165144926,-0.1532104349981748,0.931134375513765,0.48205315108006663,0.9502432353523981,0.027960080374315115,-0.020213536197862498,0.15321043499817827,0.9522907789840104,-0.25504403357836075,0.0552301570708718,0.7838371151615743,-0.26764155666356654,80995.07
-0.9023457165144926,-0.1532104349981748,-0.2707712654585386,-0.4169108333665442,0.9502432353523981,1.379087253728745,1.1945547843381912,0.15321043499817827,0.9522907789840104,0.641996787722615,1.096685112411613,-0.07131130788557206,-0.23600717548390576,98187.18
-0.4055756013057161,1.3586065162815202,0.22413105729476276,0.48205315108006663,-1.052362135079183,-0.6230888093976371,-0.020213536197862498,-1.3586065162815164,-1.0500994255839482,0.2852055665654719,-0.9405630795834758,-0.9138840188290842,0.2337897666176811,93504.73
-0.4055756013057161,0.6026980406416726,-1.684777901896543,0.48205315108006663,-1.052362135079183,0.9136545916555944,-0.020213536197862498,-0.6026980406416691,-1.0500994255839482,1.0417453878967824,0.12078135994496544,-1.2502843176013072,0.2337897666176811,75006.75
-0.9023457165144926,-1.5138456911499003,-1.614077570074643,-1.315874817813155,-1.052362135079183,0.6993531648918695,1.1945547843381912,1.5138456911499036,0.9522907789840104,-0.3488570693876735,1.5906897654668115,-0.687521200963663,1.1026041036699394,70928.77
-1.3991158317232693,-1.5138456911499003,-0.2000709336366383,1.3810171355266774,0.9502432353523981,0.11457020417203184,-1.2349818567339161,1.5138456911499036,0.9522907789840104,-0.6027123848464732,0.8863876415495959,0.8844428119906504,-0.38744411323898026,37000.75
-1.3991158317232693,0.14915295525776417,-1.4726769064308425,-0.4169108333665442,-1.052362135079183,-0.26333967573605266,1.1945547843381912,-0.14915295525776068,0.9522907789840104,-0.3258317735892157,-0.30275940934728957,-1.01448971565816,0.47660365932963433,59744.06
-0.4055756013057161,-0.3043921301261443,0.1534307254728628,-1.315874817813155,0.9502432353523981,-0.8878174991168153,-1.2349818567339161,0.30439213012614774,-1.0500994255839482,-0.8911022449336062,-0.6140125559579099,0.34683111956027546,0.2337897666176811,95462.54
1.58150485952939,-0.6067555203820832,1.4967370300889666,1.3810171355266774,0.9502432353523981,-1.3046713202443347,-1.2349818567339161,0.6067555203820867,-1.0500994255839482,-1.1740395519986475,-0.9222859253532926,1.7144398108305277,-1.2207387173533923,47044.23
0.5879646291118369,-1.2114823008939613,-0.41217192910233913,0.48205315108006663,-1.052362135079183,0.01231780911619741,-1.2349818567339161,1.2114823008939646,0.9522907789840104,-0.5870224757407524,0.6032225406055075,0.46630038454480316,0.37516262445382653,70626.72
-0.4055756013057161,-0.1532104349981748,1.5674373619108672,-1.315874817813155,0.9502432353523981,0.08200331888648249,1.1945547843381912,0.15321043499817827,-1.0500994255839482,-0.21916362793130312,0.09688693051242996,1.2365627508924169,0.2337897666176811,61246.11
-0.4055756013057161,-0.7579372155100528,0.931134375513765,0.48205315108006663,-1.052362135079183,-0.5746948106529879,-1.2349818567339161,0.7579372155100562,-1.0500994255839482,-0.7909447260689478,-0.20238866932024338,1.3874712961360307,0.5993057439214935,56311.09
0.09119451390306038,0.7538797357696422,1.5674373619108672,-1.315874817813155,-1.052362135079183,0.8722152807229,-0.020213536197862498,-0.7538797357696385,-1.0500994255839482,1.218297127971167,-0.02261137457499831,0.1613393660316663,-1.6196282426233282,51921.07
1.0847347443206135,1.2074248211535505,0.6483330482261644,-0.4169108333665442,-1.052362135079183,0.06353065142582502,1.1945547843381912,-1.207424821153547,0.9522907789840104,1.0472543877591165,-0.6596202891400305,-0.6623697767563939,-0.4721873181544019,53775.18
0.09119451390306038,1.8121516016654287,-0.4828722609242394,0.48205315108006663,-1.052362135079183,-1.223941488965364,-1.2349818567339161,-1.8121516016654249,-1.0500994255839482,-0.17026717944904754,-1.1755903638152854,-1.3666096545599264,0.07785883467789716,20578.86
0.09119451390306038,0.9050614308976117,1.5674373619108672,-1.315874817813155,-1.052362135079183,-0.20785235752871192,1.1945547843381912,-0.905061430897608,-1.0500994255839482,0.2578962015674397,-0.6123373356706732,-0.017864531445125318,-0.7470670257026498,49030.38
0.5879646291118369,1.5097882114094896,-0.7656735882118402,-1.315874817813155,0.9502432353523981,-0.30749385649567296,-0.020213536197862498,-1.5097882114094858,0.9522907789840104,1.1544136710773396,-0.9139398777029932,-1.2534282456272159,0.37516262445382653,62537.06
-1.3991158317232693,-0.002028739870205314,0.7190333800480644,-0.4169108333665442,-1.052362135079183,0.30538511877345736,1.1945547843381912,0.002028739870208805,0.9522907789840104,0.010217761307038213,0.17494496072698273,0.4914518087520721,0.47660365932963433,51425.19
-0.9023457165144926,-0.4555738252541138,0.931134375513765,-0.4169108333665442,-1.052362135079183,-1.5655298763804484,-0.020213536197862498,0.4555738252541172,0.9522907789840104,-1.3187881373568835,-1.1650515028986363,1.0856542056488023,-0.23600717548390576,12364.18
1.58150485952939,-1.0603006057659918,1.4967370300889666,0.48205315108006663,-1.052362135079183,1.2670497746584162,-0.020213536197862498,1.0603006057659952,-1.0500994255839482,0.06266132823680003,1.8530509679601008,2.2426197191831774,-1.021296133371345,23123.54
-0.4055756013057161,-0.3043921301261443,-1.048474915499441,0.48205315108006663,0.9502432353523981,0.08155276602158841,1.1945547843381912,0.30439213012614774,-1.0500994255839482,-0.2832723048302604,0.17988212988581206,-0.5617640799273179,-0.48592130799853095,35492.41
-1.3991158317232693,-1.2114823008939613,1.0725350391575654,-0.4169108333665442,-1.052362135079183,-1.126518096410189,-0.020213536197862498,1.2114823008939646,0.9522907789840104,-1.1225907089056182,-0.6586435410988011,1.9848176210586699,-0.32573604007393053,44837.96
1.58150485952939,-1.0603006057659918,0.8604340436918649,1.3810171355266774,0.9502432353523981,-0.37044417856766954,-1.2349818567339161,1.0603006057659952,-1.0500994255839482,-0.7408958196787793,0.11754278624017138,1.6201219700532694,0.3674671920348336,61424.06
-1.3991158317232693,1.8121516016654287,-0.6949732563899399,-1.315874817813155,0.9502432353523981,-0.25745938321730677,-0.020213536197862498,-1.8121516016654249,0.9522907789840104,2.5568181429356325,-1.0359087153004027,-1.3949050067931041,-0.32573604007393053,47677.53
-1.3991158317232693,-0.3043921301261443,1.7088380255546678,0.48205315108006663,0.9502432353523981,-0.5476154282090973,-0.020213536197862498,0.30439213012614774,0.9522907789840104,-0.6777833390216859,-0.3353939249561589,1.522660201250102,-0.32573604007393053,46049.78
-0.4055756013057161,-0.6067555203820832,0.5069323845823639,0.48205315108006663,-1.052362135079183,-0.2670365197556964,-1.2349818567339161,0.6067555203820867,-1.0500994255839482,-0.5884687240280831,0.027492738906319945,0.8781549559388331,-0.48592130799853095,57430.62
-0.9023457165144926,-1.5138456911499003,0.7897337118699643,1.3810171355266774,0.9502432353523981,1.3143924833849792,-1.2349818567339161,1.5138456911499036,0.9522907789840104,-0.08186741561348651,2.3314321047683535,1.9848176210586694,-0.26764155666356654,84156.07
0.09119451390306038,1.660969906537459,1.7088380255546678,0.48205315108006663,-1.052362135079183,-0.244682166074413,-0.020213536197862498,-1.6609699065374555,-1.0500994255839482,1.8006899831324965,-0.9664360499200401,-0.8887325946218151,-1.6196282426233282,81224.25
1.0847347443206135,-0.6067555203820832,-0.41217192910233913,-0.4169108333665442,0.9502432353523981,1.222456593671463,-1.2349818567339161,0.6067555203820867,0.9522907789840104,0.2521003425406762,1.3908710479496755,0.10160473353940241,1.1512285520161478,14504.11
0.5879646291118369,0.6026980406416726,1.0725350391575654,-0.4169108333665442,0.9502432353523981,0.5764793117889596,1.1945547843381912,-0.6026980406416691,0.9522907789840104,0.7246138889183134,-0.0578973019607431,0.09846080551349375,-0.4991774591537944,93729.56
0.5879646291118369,-1.0603006057659918,1.284636034623266,1.3810171355266774,0.9502432353523981,-1.601181315894888,1.1945547843381912,1.0603006057659952,0.9522907789840104,-1.3448477438712585,-1.1868616466249586,2.035120469473208,-0.9671453726489531,65284.2
-0.4055756013057161,-1.3626639960219307,-1.1191752473213412,-1.315874817813155,0.9502432353523981,-1.6051900811286892,-0.020213536197862498,1.362663996021934,-1.0500994255839482,-1.3485125114256784,-1.1869440162603444,-0.19706842892191737,-2.1422224185336938,68878.6
-0.4055756013057161,-0.002028739870205314,1.5674373619108672,0.48205315108006663,-1.052362135079183,-1.291177839572635,1.1945547843381912,0.002028739870208805,-1.0500994255839482,-1.116022285992835,-0.9787781379897279,1.0573588534156249,-0.48592130799853095,69588.36
-0.4055756013057161,0.14915295525776417,-0.9777745836775408,-1.315874817813155,-1.052362135079183,-0.016413600498971524,1.1945547843381912,-0.14915295525776068,-1.0500994255839482,-0.14003396205859686,-0.13621913762916646,-0.7063847691191146,-0.48592130799853095,30208.36
1.58150485952939,0.14915295525776417,-0.6242729245680396,-1.315874817813155,-1.052362135079183,-0.43180023665619477,-1.2349818567339161,-0.14915295525776068,-1.0500994255839482,-0.45258875345912697,-0.41637830343326665,-0.48630980730551093,-1.021296133371345,36382.78
0.5879646291118369,-0.3043921301261443,0.931134375513765,-0.4169108333665442,0.9502432353523981,0.849814716491371,-0.020213536197862498,0.30439213012614774,0.9522907789840104,0.19845550561692168,0.8090731642598763,0.9347456604051884,-0.4991774591537944,57124.3
-0.9023457165144926,-1.2114823008939613,-0.34147159728043885,-0.4169108333665442,0.9502432353523981,0.9403989476102048,-1.2349818567339161,1.2114823008939646,0.9522907789840104,-0.1505673436494187,1.6315656970269767,0.5386107291407015,1.1026041036699394,23960.81
-0.9023457165144926,-0.4555738252541138,0.36553172093856334,-0.4169108333665442,0.9502432353523981,1.0040770858485688,-1.2349818567339161,0.4555738252541172,0.9522907789840104,0.20764575037844038,1.0631962901114125,0.6329285699179603,-0.23600717548390576,6929.49
-1.3991158317232693,1.5097882114094896,-0.2000709336366383,-0.4169108333665442,0.9502432353523981,-0.44723456043820753,-0.020213536197862498,-1.5097882114094858,0.9522907789840104,0.8915463640367336,-0.9476001178930509,-1.1276711245908708,-0.32573604007393053,58403.72
1.0847347443206135,1.660969906537459,-0.9777745836775408,-0.4169108333665442,-1.052362135079183,-0.33644476622450825,-0.020213536197862498,-1.6609699065374555,0.9522907789840104,1.5935515883087332,-0.9841188070516294,-1.3666096545599264,-0.4721873181544019,67389.46
-1.3991158317232693,-1.5138456911499003,-1.5433772382527424,0.48205315108006663,0.9502432353523981,1.3257140681951383,-0.020213536197862498,1.5138456911499036,0.9522907789840104,-0.07695269566347532,2.345067618734233,-0.6089230003159473,0.3338715005351011,18936.55
-0.4055756013057161,1.0562431260255811,-0.6949732563899399,-0.4169108333665442,-1.052362135079183,-0.26248478055651003,-0.020213536197862498,-1.0562431260255776,-1.0500994255839482,0.3700421982390235,-0.7027931091139582,-1.0019140035545258,0.5993057439214935,84887.86
-0.9023457165144926,-1.6650273862778697,-0.05867026999283805,-0.4169108333665442,0.9502432353523981,-0.9367891297395339,-1.2349818567339161,1.665027386277873,0.9522907789840104,-1.0705510035437686,-0.3455671314778862,1.1485327661669749,-0.26764155666356654,18891.04
0.5879646291118369,-0.7579372155100528,-1.1898755791432414,-0.4169108333665442,-1.052362135079183,-1.0705455674252702,-0.020213536197862498,0.7579372155100562,0.9522907789840104,-1.057444340711093,-0.6801436855892461,-0.4988855194091454,-0.9671453726489531,89677.64
-0.4055756013057161,0.7538797357696422,-0.4828722609242394,1.3810171355266774,0.9502432353523981,-0.09724740551599485,-0.020213536197862498,-0.7538797357696385,-1.0500994255839482,0.22357148741712027,-0.48965277272795266,-0.7503997614818355,0.5993057439214935,47704.51
1.58150485952939,-1.3626639960219307,-0.34147159728043885,0.48205315108006663,0.9502432353523981,-0.22372568153805739,-0.020213536197862498,1.362663996021934,-1.0500994255839482,-0.7248285317448118,0.4103145241869151,0.6329285699179603,-1.2207387173533923,57231.5
-1.3991158317232693,1.2074248211535505,-1.5433772382527424,0.48205315108006663,-1.052362135079183,0.5016297730287347,1.1945547843381912,-1.207424821153547,0.9522907789840104,1.6653380942071487,-0.5118814432502891,-1.344602158378566,0.3338715005351011,90175.23
-0.4055756013057161,1.2074248211535505,0.294831389116663,-1.315874817813155,0.9502432353523981,-0.2589034629124801,1.1945547843381912,-1.207424821153547,-1.0500994255839482,0.5923544287125321,-0.7683537733650894,-0.7724072576631958,0.2337897666176811,33491.74
1.58150485952939,-1.3626639960219307,-1.1898755791432414,-0.4169108333665442,0.9502432353523981,-0.9028128226714953,1.1945547843381912,1.362663996021934,-1.0500994255839482,-1.031413175444433,-0.37485064996069156,-0.27252270154372416,0.3674671920348336,47346.4
0.09119451390306038,-1.3626639960219307,0.36553172093856334,1.3810171355266774,0.9502432353523981,-0.41266906885453825,-1.2349818567339161,1.362663996021934,-1.0500994255839482,-0.8101300160037227,0.19185689390580682,1.3874712961360307,-1.6196282426233282,28214.89
-0.9023457165144926,0.7538797357696422,0.5776327164042638,-1.315874817813155,-1.052362135079183,-1.4763897249567879,-1.2349818567339161,-0.7538797357696385,0.9522907789840104,-1.1915095121860773,-1.1540584958841849,-0.27881055759554146,1.1026041036699394,55145.17
0.5879646291118369,-0.7579372155100528,-0.2707712654585386,-1.315874817813155,0.9502432353523981,-1.3617529024351467,-0.020213536197862498,0.7579372155100562,0.9522907789840104,-1.213956439364073,-0.960723604395722,0.31853576732709765,2.062366028251568,31149.5
1.0847347443206135,0.30033465038573365,0.7190333800480644,-0.4169108333665442,-1.052362135079183,1.5679497725822964,-1.2349818567339161,-0.30033465038573015,0.9522907789840104,1.2249766791759549,0.777410944279513,0.2084982864202957,-0.4721873181544019,87126.51
-1.3991158317232693,0.9050614308976117,0.01203006182906223,-1.315874817813155,0.9502432353523981,-0.3260820503319443,-0.020213536197862498,-0.905061430897608,0.9522907789840104,0.12445453389613184,-0.6635990764601152,-0.6403622805750336,0.3338715005351011,5022.86
-0.4055756013057161,0.14915295525776417,-1.7554782337184431,-1.315874817813155,0.9502432353523981,0.5550260638374644,-0.020213536197862498,-0.14915295525776068,-1.0500994255839482,0.2899418473149659,0.24919061254699376,-1.1905496851090434,-0.48592130799853095,81520.0
1.58150485952939,1.2074248211535505,0.7190333800480644,0.48205315108006663,0.9502432353523981,0.6228053884101207,1.1945547843381912,-1.207424821153547,-1.0500994255839482,1.836296376917275,-0.4710177558251137,-0.6403622805750336,-1.2207387173533923,36370.17
1.58150485952939,1.2074248211535505,0.5776327164042638,1.3810171355266774,0.9502432353523981,0.5979903229282618,1.1945547843381912,-1.207424821153547,-1.0500994255839482,1.80128651980398,-0.4793860655390308,-0.6843772729377544,0.69675831515521,35419.76
-0.9023457165144926,1.3586065162815202,-1.614077570074643,0.48205315108006663,0.9502432353523981,0.3425846117211228,1.1945547843381912,-1.3586065162815164,0.9522907789840104,1.8422361312067148,-0.6614335342216973,-1.40433679087083,1.1026041036699394,41390.97
0.09119451390306038,0.9050614308976117,-0.4828722609242394,-1.315874817813155,0.9502432353523981,-0.0506209603182378,-1.2349818567339161,-0.905061430897608,-1.0500994255839482,0.435357711925706,-0.5441653313571785,-0.8384297462072771,1.1379736053352763,64874.94
-0.4055756013057161,0.9050614308976117,0.01203006182906223,-1.315874817813155,0.9502432353523981,1.2882488645835608,-0.020213536197862498,-0.905061430897608,-1.0500994255839482,1.9464926729801184,0.03633856988483814,-0.6403622805750336,-0.48592130799853095,18944.17
0.5879646291118369,0.14915295525776417,0.7897337118699643,-1.315874817813155,-1.052362135079183,0.6116108826131369,-1.2349818567339161,-0.14915295525776068,0.9522907789840104,0.3325187014778259,0.2873544682069249,0.3939900399489044,2.062366028251568,74312.6
1.58150485952939,1.2074248211535505,1.0725350391575654,-1.315874817813155,0.9502432353523981,1.4697985638607542,1.1945547843381912,-1.207424821153547,-1.0500994255839482,3.0312603825589584,-0.1853888009901291,-0.5303247996682317,0.69675831515521,73796.14
-1.3991158317232693,1.660969906537459,1.284636034623266,-1.315874817813155,0.9502432353523981,0.10133088152668258,1.1945547843381912,-1.6609699065374555,0.9522907789840104,2.581755331661583,-0.8997589431784782,-0.9641868672436221,0.47660365932963433,59627.42
-0.4055756013057161,-0.4555738252541138,-0.41217192910233913,-0.4169108333665442,0.9502432353523981,0.6268026010063605,-1.2349818567339161,0.4555738252541172,-1.0500994255839482,-0.016468118826474958,0.7360407949070336,0.010430820788052056,-0.48592130799853095,8924.27
0.5879646291118369,-0.4555738252541138,1.6381376937327672,1.3810171355266774,-1.052362135079183,-1.1051803748343076,1.1945547843381912,0.4555738252541172,0.9522907789840104,-1.0453248841469296,-0.7658570829303573,1.6515612503123551,2.062366028251568,81877.62
-0.9023457165144926,-1.6650273862778697,-1.4726769064308425,0.48205315108006663,-1.052362135079183,-0.9903356048365617,-0.020213536197862498,1.665027386277873,0.9522907789840104,-1.092934711071201,-0.4126371636423015,-0.48630980730551093,-0.23600717548390576,35091.12
-1.3991158317232693,-1.5138456911499003,-1.5433772382527424,-1.315874817813155,0.9502432353523981,1.483800360585155,1.1945547843381912,1.5138456911499036,0.9522907789840104,-0.008327157096174112,2.535463917825151,-0.6089230003159473,-0.32573604007393053,54899.83
-0.9023457165144926,1.8121516016654287,0.1534307254728628,1.3810171355266774,0.9502432353523981,-1.4174366154810312,-0.020213536197862498,-1.8121516016654249,0.9522907789840104,-0.7162449232019135,-1.2035554115803286,-1.2817235978603934,2.122442554249507,71685.11
-1.3991158317232693,0.14915295525776417,-0.2707712654585386,0.48205315108006663,0.9502432353523981,-0.32464952327433233,-1.2349818567339161,-0.14915295525776068,0.9522907789840104,-0.3719639428506078,-0.3441100794141036,-0.266234845491907,0.47660365932963433,97144.03
-0.9023457165144926,-0.4555738252541138,1.3553363664451665,1.3810171355266774,0.9502432353523981,1.0442109487368265,-1.2349818567339161,0.4555738252541172,0.9522907789840104,0.23148662925947264,1.097998574165061,1.4251984324469344,-0.26764155666356654,46319.83
0.09119451390306038,-1.2114823008939613,-1.048474915499441,-0.4169108333665442,0.9502432353523981,0.9243407813998772,-0.020213536197862498,1.2114823008939646,-1.0500994255839482,-0.15811912847056722,1.6137727426804795,-0.1844927168182827,0.07785883467789716,43573.25
-0.4055756013057161,-1.0603006057659918,1.1432353709794654,1.3810171355266774,0.9502432353523981,-1.1991957393088732,-1.2349818567339161,1.0603006057659952,-1.0500994255839482,-1.1475838805218597,-0.760814725520934,1.8967876363332279,0.5993057439214935,40143.35
-0.9023457165144926,-0.1532104349981748,0.22413105729476276,0.48205315108006663,-1.052362135079183,-0.5492096921925687,-1.2349818567339161,0.15321043499817827,0.9522907789840104,-0.6382387890565551,-0.38965492226650394,0.280808631016194,-0.23600717548390576,83557.77
0.5879646291118369,1.8121516016654287,-1.5433772382527424,0.48205315108006663,0.9502432353523981,-0.5622526199993744,-1.2349818567339161,-1.8121516016654249,0.9522907789840104,1.6967948093974,-1.0799592171324608,-1.5080864157258147,0.37516262445382653,19850.14
1.0847347443206135,1.0562431260255811,1.7088380255546678,-0.4169108333665442,0.9502432353523981,-1.617551403319373,-1.2349818567339161,-1.0562431260255776,0.9522907789840104,-1.329308594272434,-1.2250388595230604,-0.14676558050737906,1.1512285520161478,37662.23
1.58150485952939,1.3586065162815202,0.0827303936509625,0.48205315108006663,-1.052362135079183,-1.3773374105054577,-1.2349818567339161,-1.3586065162815164,-1.0500994255839482,-0.9309282728667196,-1.1585799210049526,-0.9516111551399876,0.3674671920348336,73872.23
0.5879646291118369,-1.3626639960219307,-0.6949732563899399,-1.315874817813155,0.9502432353523981,1.0967754496411364,1.1945547843381912,1.362663996021934,0.9522907789840104,-0.12866738498563723,1.9370869188076134,0.25565720680892506,-0.9671453726489531,6491.02
0.5879646291118369,-0.002028739870205314,-0.12937060181473833,0.48205315108006663,0.9502432353523981,-1.0661093546016975,-0.020213536197862498,0.002028739870208805,0.9522907789840104,-0.9572555177709512,-0.8161370667142559,-0.07445523591148073,0.37516262445382653,32491.17
1.58150485952939,1.0562431260255811,-0.6949732563899399,1.3810171355266774,0.9502432353523981,1.0747330171740104,-0.020213536197862498,-1.0562431260255776,-1.0500994255839482,2.0470092832230486,-0.18742633636274483,-1.0019140035545258,0.3674671920348336,22665.45
0.5879646291118369,0.14915295525776417,-1.048474915499441,-1.315874817813155,-1.052362135079183,-1.4905648112446095,-1.2349818567339161,-0.14915295525776068,0.9522907789840104,-1.249248809290821,-1.1304662739652604,-0.7503997614818355,2.062366028251568,33757.5
-0.9023457165144926,-0.7579372155100528,-1.331276242787042,-1.315874817813155,-1.052362135079183,-1.4099736116163752,1.1945547843381912,0.7579372155100562,0.9522907789840104,-1.239873109327874,-1.0071845311659935,-0.6246426404454904,-0.23600717548390576,51174.28
-0.9023457165144926,0.4515163455137032,-0.6949732563899399,1.3810171355266774,0.9502432353523981,-1.234881836735997,1.1945547843381912,-0.4515163455136996,0.9522907789840104,-1.008989214020267,-0.9978656313355979,-0.687521200963663,-0.26764155666356654,45092.24
1.58150485952939,-0.7579372155100528,-0.05867026999283805,-1.315874817813155,-1.052362135079183,-0.46614622812619766,-1.2349818567339161,0.7579372155100562,-1.0500994255839482,-0.7326042778226909,-0.09780149444399279,0.5071714488816152,-1.021296133371345,94132.36
0.5879646291118369,-0.6067555203820832,-0.9777745836775408,0.48205315108006663,0.9502432353523981,-0.33800437229529545,-1.2349818567339161,0.6067555203820867,0.9522907789840104,-0.6285181750982826,-0.03746629307554108,-0.37627232639870895,0.37516262445382653,9207.81
1.58150485952939,-1.0603006057659918,-1.1898755791432414,1.3810171355266774,-1.052362135079183,1.0349572860501557,1.1945547843381912,1.0603006057659952,-1.0500994255839482,-0.05123196451781047,1.6070662960156283,-0.38570411047643477,-1.2207387173533923,76225.56
0.5879646291118369,-1.2114823008939613,-0.5535725927461393,0.48205315108006663,0.9502432353523981,0.4441669537983968,1.1945547843381912,1.2114823008939646,0.9522907789840104,-0.383933793439064,1.0817250056604764,0.3216796953530063,0.37516262445382653,21664.07
0.5879646291118369,1.660969906537459,1.7088380255546678,-0.4169108333665442,0.9502432353523981,0.29335882307205374,-1.2349818567339161,-1.6609699065374555,0.9522907789840104,3.0152256072200108,-0.8627549410330325,-0.8887325946218151,-0.9671453726489531,18404.29
-1.3991158317232693,-0.3043921301261443,-0.05867026999283805,-0.4169108333665442,0.9502432353523981,1.2778630434158742,-0.020213536197862498,0.30439213012614774,0.9522907789840104,0.46685716623388956,1.159636106255152,0.18649079023893522,0.47660365932963433,16960.31
-1.3991158317232693,1.2074248211535505,-1.1191752473213412,1.3810171355266774,-1.052362135079183,-1.439386626847666,1.1945547843381912,-1.207424821153547,0.9522907789840104,-1.0731075030415755,-1.1664445515295179,-1.2125571812904037,0.3338715005351011,48014.73
0.09119451390306038,0.4515163455137032,1.4260366982670667,0.48205315108006663,0.9502432353523981,-0.22105702226137702,1.1945547843381912,-0.4515163455136996,-1.0500994255839482,-0.12878293105466623,-0.41177005626438967,0.4442928883634427,0.07785883467789716,53971.07
-0.4055756013057161,0.9050614308976117,-0.12937060181473833,0.48205315108006663,0.9502432353523981,1.0663111443917594,-1.2349818567339161,-0.905061430897608,-1.0500994255839482,1.6959994271687553,-0.05988864355135195,-0.6969529850413889,0.2337897666176811,17671.53
1.58150485952939,0.14915295525776417,1.7088380255546678,0.48205315108006663,0.9502432353523981,-0.41020835705396286,1.1945547843381912,-0.14915295525776068,-1.0500994255839482,-0.43634209351008957,-0.40181557451770694,0.9661849406642751,0.3674671920348336,29487.76
-1.3991158317232693,-0.6067555203820832,-1.5433772382527424,-1.315874817813155,0.9502432353523981,0.9198352527509362,1.1945547843381912,0.6067555203820867,0.9522907789840104,0.08132134680831822,1.1138725386277073,-0.8541493863368202,0.3338715005351011,48589.93
0.09119451390306038,-0.4555738252541138,-1.401976574608942,-1.315874817813155,0.9502432353523981,1.6180073511357853,-1.2349818567339161,0.4555738252541172,-1.0500994255839482,0.5723411981319878,1.595569053260235,-0.7818390417409218,-1.6196282426233282,25545.61
0.5879646291118369,0.6026980406416726,0.7897337118699643,-1.315874817813155,-1.052362135079183,1.4085118215975974,-0.020213536197862498,-0.6026980406416691,0.9522907789840104,1.507185248060653,0.3830201210883568,-0.03987202762648602,-0.9671453726489531,51922.65
0.09119451390306038,1.0562431260255811,-0.7656735882118402,0.48205315108006663,0.9502432353523981,1.3130754827029811,-0.020213536197862498,-1.0562431260255776,-1.0500994255839482,2.345907839856357,-0.09556860946313125,-1.0270654277617948,-0.7470670257026498,76821.58
0.5879646291118369,0.6026980406416726,-1.1191752473213412,-1.315874817813155,-1.052362135079183,0.38678500303098867,-0.020213536197862498,-0.6026980406416691,0.9522907789840104,0.5461961813452828,-0.15842165022675195,-0.9736186513213481,-0.4991774591537944,54504.69
0.5879646291118369,0.30033465038573365,1.0018347073356655,1.3810171355266774,0.9502432353523981,0.7281654429699681,1.1945547843381912,-0.30033465038573015,0.9522907789840104,0.5479517966860268,0.2514719175162239,0.37198254376754436,0.37516262445382653,77098.77
-0.4055756013057161,-1.2114823008939613,-1.2605759109651418,-0.4169108333665442,0.9502432353523981,0.3381599515351117,1.1945547843381912,1.2114823008939646,-1.0500994255839482,-0.43378643913608367,0.9642659056004355,-0.4014237506059779,0.2337897666176811,16232.63
-1.3991158317232693,0.4515163455137032,-0.12937060181473833,-0.4169108333665442,0.9502432353523981,0.9635850911959081,-0.020213536197862498,-0.4515163455136996,0.9522907789840104,0.8997275339127049,0.27307558060249165,-0.385704110476435,-0.38744411323898026,40146.82
1.58150485952939,-1.3626639960219307,0.36553172093856334,-0.4169108333665442,-1.052362135079183,0.3721709165158344,-0.020213536197862498,1.362663996021934,-1.0500994255839482,-0.4558015761007344,1.0992942262676149,1.3874712961360307,-1.2207387173533923,19390.86
1.58150485952939,-1.0603006057659918,-0.2707712654585386,-0.4169108333665442,-1.052362135079183,-0.30606132943806097,-0.020213536197862498,1.0603006057659952,-1.0500994255839482,-0.7093016275174331,0.18577935053815767,0.5134593049334326,0.69675831515521,29507.7
-0.9023457165144926,-1.6650273862778697,-1.684777901896543,1.3810171355266774,0.9502432353523981,-1.5397905998936785,1.1945547843381912,1.665027386277873,0.9522907789840104,-1.3226200430479478,-1.1008610686631786,-0.7315361933263838,-0.26764155666356654,19504.91
0.5879646291118369,-1.3626639960219307,1.0018347073356655,1.3810171355266774,-1.052362135079183,0.7682646479455417,1.1945547843381912,1.362663996021934,0.9522907789840104,-0.2769787886167221,1.5572604941867882,2.0665597497322943,-0.4991774591537944,89243.39
1.58150485952939,0.4515163455137032,-1.684777901896543,1.3810171355266774,0.9502432353523981,-0.3408232158602738,-0.020213536197862498,-0.4515163455136996,-1.0500994255839482,-0.2327643631399058,-0.4810073003219944,-1.2157011093163121,-1.2207387173533923,74530.9
-0.4055756013057161,1.8121516016654287,0.931134375513765,-1.315874817813155,0.9502432353523981,-1.328608385271528,-1.2349818567339161,-1.8121516016654249,-1.0500994255839482,-0.4656017282818713,-1.1907174360435553,-1.1779739730054088,-0.48592130799853095,58288.09
0.5879646291118369,-0.6067555203820832,1.4260366982670667,-1.315874817813155,0.9502432353523981,-0.8560246405478789,1.1945547843381912,0.6067555203820867,0.9522907789840104,-0.920853741757528,-0.5116259860702752,1.654705178338264,-0.9671453726489531,26320.4
-0.4055756013057161,-1.2114823008939613,-0.2000709336366383,-0.4169108333665442,0.9502432353523981,0.7636898034712325,1.1945547843381912,1.2114823008939646,-1.0500994255839482,-0.23366957431437227,1.4357663950960278,0.6832314183324987,-0.48592130799853095,53471.55
1.58150485952939,-1.5138456911499003,0.1534307254728628,-1.315874817813155,0.9502432353523981,1.4110071913108568,-0.020213536197862498,1.5138456911499036,-1.0500994255839482,-0.03992680036660416,2.4477931285404484,1.2774338152292288,-1.021296133371345,54479.15
1.58150485952939,1.8121516016654287,-0.05867026999283805,0.48205315108006663,0.9502432353523981,-0.3639400436206088,-1.2349818567339161,-1.8121516016654249,-1.0500994255839482,2.2563657658283325,-1.0512979233277717,-1.3100189500935713,0.3674671920348336,61088.35
1.58150485952939,-0.3043921301261443,1.3553363664451665,-0.4169108333665442,-1.052362135079183,-1.3962144202807636,-0.020213536197862498,0.30439213012614774,-1.0500994255839482,-1.2098853572830317,-1.0303793752493409,1.2554263190478687,-1.2207387173533923,97425.69
0.5879646291118369,-1.2114823008939613,1.4260366982670667,-0.4169108333665442,0.9502432353523981,-1.4520714228900686,-1.2349818567339161,1.2114823008939646,0.9522907789840104,-1.2756909220422805,-1.0193668889292238,2.346369344038162,2.062366028251568,49216.7
0.5879646291118369,-1.5138456911499003,0.4362320527604633,-1.315874817813155,-1.052362135079183,-1.1806537560228476,-1.2349818567339161,1.5138456911499036,0.9522907789840104,-1.1649713921888407,-0.6735568975163405,1.591826617820091,-0.4991774591537944,5931.77
0.5879646291118369,0.7538797357696422,1.4967370300889666,-0.4169108333665442,0.9502432353523981,-0.9201186737384528,1.1945547843381912,-0.7538797357696385,0.9522907789840104,-0.6207427507632679,-0.8860733395694583,0.12990008577258003,-0.4991774591537944,28518.05
-0.9023457165144926,1.660969906537459,1.6381376937327672,-1.315874817813155,-1.052362135079183,-0.16313209752858368,-0.020213536197862498,-1.6609699065374555,0.9522907789840104,1.9847753323784922,-0.9507212592122611,-0.9013083067254496,2.122442554249507,14879.58
-0.9023457165144926,1.3586065162815202,0.01203006182906223,-1.315874817813155,-1.052362135079183,-0.8082660368691059,1.1945547843381912,-1.3586065162815164,0.9522907789840104,-0.013370118281032817,-0.9940888722428443,-0.9704747232954394,2.122442554249507,78113.54
1.58150485952939,1.8121516016654287,-0.12937060181473833,0.48205315108006663,-1.052362135079183,-0.16818060014290973,-1.2349818567339161,-1.8121516016654249,-1.0500994255839482,2.808732645516213,-1.0230056232275473,-1.319450734171297,-1.021296133371345,35411.88
0.09119451390306038,1.2074248211535505,-0.7656735882118402,-0.4169108333665442,0.9502432353523981,-1.1225555417266333,1.1945547843381912,-1.207424821153547,-1.0500994255839482,-0.6261124698329557,-1.0596005599540166,-1.1025197003836016,1.1379736053352763,84846.79
-0.9023457165144926,0.14915295525776417,-1.2605759109651418,-1.315874817813155,0.9502432353523981,-0.9039565337900727,-1.2349818567339161,-0.14915295525776068,0.9522907789840104,-0.8078594822537556,-0.7348259924535574,-0.8824447385699978,1.1026041036699394,68440.51
1.58150485952939,-1.0603006057659918,0.294831389116663,0.48205315108006663,0.9502432353523981,1.3670956159400256,-0.020213536197862498,1.0603006057659952,-1.0500994255839482,0.11175619708970816,1.9590851769715059,1.0667906374933507,0.69675831515521,68249.27
0.09119451390306038,1.3586065162815202,-0.7656735882118402,0.48205315108006663,0.9502432353523981,0.11729662663651913,-0.020213536197862498,-1.3586065162815164,-1.0500994255839482,1.4789867438343465,-0.7265534096131967,-1.1779739730054088,-1.6196282426233282,71515.17
1.58150485952939,-0.4555738252541138,-0.7656735882118402,-1.315874817813155,-1.052362135079183,0.4145228858158783,-0.020213536197862498,0.4555738252541172,-1.0500994255839482,-0.1425694859649236,0.5519613563676559,-0.2725227015437244,0.3674671920348336,69007.56
1.58150485952939,1.5097882114094896,-0.34147159728043885,0.48205315108006663,-1.052362135079183,-0.22229315448044543,1.1945547843381912,-1.5097882114094858,-1.0500994255839482,1.314685363324733,-0.8934170378053679,-1.159110404849957,-1.021296133371345,41756.29
1.58150485952939,-0.9091189106380223,1.7795383573765677,-1.315874817813155,0.9502432353523981,-0.9382101041595845,-0.020213536197862498,0.9091189106380256,-1.0500994255839482,-1.0036701010650924,-0.5184225940927781,2.330649703908619,0.3674671920348336,69868.63
0.5879646291118369,-0.3043921301261443,0.294831389116663,1.3810171355266774,-1.052362135079183,0.4028662745164391,-0.020213536197862498,0.30439213012614774,0.9522907789840104,-0.08179720532848643,0.44303140943117003,0.4537246724411685,-0.9671453726489531,36594.48
1.58150485952939,-0.6067555203820832,-1.4726769064308425,0.48205315108006663,-1.052362135079183,1.7080023977389882,1.1945547843381912,0.6067555203820867,-1.0500994255839482,0.5261095203087723,1.8353058770503818,-0.7944147538445564,0.69675831515521,94764.46
-1.3991158317232693,-0.7579372155100528,-1.1898755791432414,1.3810171355266774,-1.052362135079183,-1.5300517264294295,-0.020213536197862498,0.7579372155100562,0.9522907789840104,-1.3044102122516281,-1.122880475787508,-0.4988855194091454,-0.38744411323898026,6290.25
-0.9023457165144926,-0.7579372155100528,-0.2000709336366383,-1.315874817813155,0.9502432353523981,0.6635168831764477,-0.020213536197862498,0.7579372155100562,0.9522907789840104,-0.1254563008844205,0.9906353199556757,0.3814143278452702,2.122442554249507,38162.84
0.09119451390306038,-0.9091189106380223,0.0827303936509625,-1.315874817813155,0.9502432353523981,0.5557076694535862,-0.020213536197862498,0.9091189106380256,-1.0500994255839482,-0.23724642360637727,0.9929455656076092,0.7461099788506712,0.07785883467789716,17549.35
0.5879646291118369,1.3586065162815202,-0.8363739200337406,-1.315874817813155,0.9502432353523981,0.7471002159330811,1.1945547843381912,-1.3586065162815164,0.9522907789840104,2.4944681859138305,-0.5445076105853015,-1.1968375411608607,-0.9671453726489531,17028.88
0.09119451390306038,-1.3626639960219307,-1.4726769064308425,-1.315874817813155,-1.052362135079183,-0.040905192129111506,-1.2349818567339161,1.362663996021934,-1.0500994255839482,-0.6422913267067644,0.6216928182375747,-0.5743397920309526,0.07785883467789716,92244.99
0.5879646291118369,1.0562431260255811,-0.6949732563899399,0.48205315108006663,0.9502432353523981,0.03967445486156131,-1.2349818567339161,-1.0562431260255776,0.9522907789840104,0.7489715641807702,-0.58634025432944,-1.0019140035545258,-0.4991774591537944,78887.03
1.0847347443206135,1.5097882114094896,1.6381376937327672,-0.4169108333665442,0.9502432353523981,-1.3172174846360007,-0.020213536197862498,-1.5097882114094858,0.9522907789840104,-0.7449851690320393,-1.1571584882429584,-0.7189604812227492,1.1512285520161478,97778.49
0.09119451390306038,0.4515163455137032,1.5674373619108672,-0.4169108333665442,-1.052362135079183,-1.5301788054426047,-0.020213536197862498,-0.4515163455136996,-1.0500994255839482,-1.265367084718715,-1.16857781377569,0.51974716098525,-0.7470670257026498,25551.25
0.5879646291118369,-1.2114823008939613,-0.5535725927461393,0.48205315108006663,0.9502432353523981,-1.2375273907375546,1.1945547843381912,1.2114823008939646,0.9522907789840104,-1.1747958170685062,-0.7816453384480747,0.3216796953530063,-0.4991774591537944,18375.99
0.09119451390306038,-0.002028739870205314,0.294831389116663,-0.4169108333665442,0.9502432353523981,-0.4085216719700004,-1.2349818567339161,0.002028739870208805,-1.0500994255839482,-0.49338306042787283,-0.34094497051924816,0.2084982864202957,0.07785883467789716,54466.86
0.09119451390306038,-0.9091189106380223,1.4260366982670667,1.3810171355266774,-1.052362135079183,1.3060976896159036,-0.020213536197862498,0.9091189106380256,-1.0500994255839482,0.14772568726834154,1.7521008577274022,2.000537261188213,1.1379736053352763,83758.57
0.09119451390306038,-1.2114823008939613,1.1432353709794654,-1.315874817813155,0.9502432353523981,-0.19602245666585186,-0.020213536197862498,1.2114823008939646,-1.0500994255839482,-0.6850000926217521,0.37237495881793303,2.057127965654568,-1.6196282426233282,99578.74
0.09119451390306038,0.4515163455137032,1.5674373619108672,-1.315874817813155,-1.052362135079183,1.347063342408581,1.1945547843381912,-0.4515163455136996,-1.0500994255839482,1.2326647053834727,0.49476566252089915,0.51974716098525,-1.6196282426233282,62213.36
-0.9023457165144926,-1.0603006057659918,-1.1898755791432414,1.3810171355266774,-1.052362135079183,-1.002592953289193,1.1945547843381912,1.0603006057659952,0.9522907789840104,-1.0511062271571032,-0.552444036265034,-0.38570411047643477,-0.23600717548390576,39682.76
1.58150485952939,0.14915295525776417,1.6381376937327672,1.3810171355266774,-1.052362135079183,1.5661129032100358,-1.2349818567339161,-0.14915295525776068,-1.0500994255839482,1.050727122189101,0.93112214528631,0.9221699483015541,0.69675831515521,48512.26
-1.3991158317232693,0.9050614308976117,-1.684777901896543,1.3810171355266774,-1.052362135079183,1.4282668318275686,-0.020213536197862498,-0.905061430897608,0.9522907789840104,2.1045259944747685,0.09704721737047792,-1.319450734171297,-0.32573604007393053,80306.54
-0.4055756013057161,-1.0603006057659918,-0.8363739200337406,-0.4169108333665442,0.9502432353523981,-0.48786518674160484,-0.020213536197862498,1.0603006057659952,-1.0500994255839482,-0.7985170953163034,-0.006906601795847386,-0.03987202762648602,0.2337897666176811,27138.14
-0.4055756013057161,0.6026980406416726,-0.2000709336366383,0.48205315108006663,-1.052362135079183,0.499457877167194,-0.020213536197862498,-0.6026980406416691,-1.0500994255839482,0.6521710840224915,-0.09871312594914027,-0.5240369436164143,-2.1422224185336938,93331.1
0.5879646291118369,1.0562431260255811,0.7190333800480644,0.48205315108006663,0.9502432353523981,-0.05531133116816083,-0.020213536197862498,-1.0562431260255776,0.9522907789840104,0.629852571759702,-0.6229479917424895,-0.4988855194091454,-0.4991774591537944,87405.2
1.58150485952939,0.30033465038573365,0.8604340436918649,0.48205315108006663,-1.052362135079183,-0.22485784001907327,-0.020213536197862498,-0.30033465038573015,-1.0500994255839482,-0.22036508352258147,-0.3453862522109918,0.29024041509392,-1.021296133371345,6729.5
0.5879646291118369,0.6026980406416726,1.7795383573765677,1.3810171355266774,-1.052362135079183,1.0762233074194292,-1.2349818567339161,-0.6026980406416691,0.9522907789840104,1.194650015239516,0.20693109373298457,0.4442928883634427,-0.9671453726489531,17213.97
1.58150485952939,0.4515163455137032,-0.7656735882118402,0.48205315108006663,0.9502432353523981,0.9132271440658231,-0.020213536197862498,-0.4515163455136996,-1.0500994255839482,0.8560065864390328,0.243963480009543,-0.7252483372745666,0.3674671920348336,52129.23
0.09119451390306038,0.6026980406416726,-1.1898755791432414,-1.315874817813155,-1.052362135079183,0.4527621161440686,-1.2349818567339161,-0.6026980406416691,-1.0500994255839482,0.6082512074079853,-0.12345852276346475,-1.008201859606343,-0.7470670257026498,66261.25
-0.9023457165144926,1.8121516016654287,1.7088380255546678,-1.315874817813155,0.9502432353523981,-1.5720571166026318,-1.2349818567339161,-1.8121516016654249,0.9522907789840104,-1.1525316341929193,-1.2259020710398392,-1.0742243481504241,2.122442554249507,63555.14
0.5879646291118369,1.5097882114094896,0.36553172093856334,-0.4169108333665442,0.9502432353523981,-0.07331034048880145,-0.020213536197862498,-1.5097882114094858,0.9522907789840104,1.5949380742701411,-0.8575305912535339,-1.0019140035545258,-0.4991774591537944,26109.68
-0.9023457165144926,1.3586065162815202,-0.9777745836775408,-0.4169108333665442,-1.052362135079183,0.5487760869167542,-0.020213536197862498,-1.3586065162815164,0.9522907789840104,2.1746947264491143,-0.6018335375042222,-1.234564677471764,-0.23600717548390576,18957.69
0.5879646291118369,-0.6067555203820832,0.1534307254728628,1.3810171355266774,0.9502432353523981,-0.0005056185769419213,-1.2349818567339161,0.6067555203820867,0.9522907789840104,-0.43805672897020065,0.27145657202588985,0.5794817934775136,-0.9671453726489531,59447.82
-0.4055756013057161,0.6026980406416726,0.0827303936509625,-0.4169108333665442,0.9502432353523981,1.6626467426729838,-1.2349818567339161,-0.6026980406416691,-1.0500994255839482,1.7462128199967994,0.5176933618408331,-0.38570411047643477,-2.1422224185336938,27508.67
-0.4055756013057161,-0.3043921301261443,-0.41217192910233913,-0.4169108333665442,0.9502432353523981,-1.409731006227586,-1.2349818567339161,0.30439213012614774,-1.0500994255839482,-1.2183607416866227,-1.0414491863832733,-0.08074309196329808,0.2337897666176811,30313.68
-0.9023457165144926,-1.5138456911499003,1.0018347073356655,-0.4169108333665442,-1.052362135079183,1.5906044948401759,-1.2349818567339161,1.5138456911499036,0.9522907789840104,0.03803670610571835,2.664096904166538,2.220612223001817,-0.23600717548390576,43398.25
-0.9023457165144926,-0.4555738252541138,-1.1191752473213412,0.48205315108006663,0.9502432353523981,-0.9469438981559929,-0.020213536197862498,0.4555738252541172,0.9522907789840104,-0.951327037850585,-0.6286415145127324,-0.5554762238755008,2.122442554249507,71676.27
0.5879646291118369,0.7538797357696422,-0.41217192910233913,1.3810171355266774,-1.052362135079183,-0.04887651204646839,-1.2349818567339161,-0.7538797357696385,0.9522907789840104,0.2732028643371698,-0.4663499576360592,-0.7189604812227492,2.062366028251568,8686.43
0.09119451390306038,-0.1532104349981748,-0.5535725927461393,0.48205315108006663,0.9502432353523981,1.4592972163174536,-0.020213536197862498,0.15321043499817827,-1.0500994255839482,0.6952498138892504,1.1585113154908646,-0.27252270154372416,1.1379736053352763,95926.8
0.5879646291118369,-0.3043921301261443,-0.2000709336366383,1.3810171355266774,0.9502432353523981,-1.1850784162088588,1.1945547843381912,0.30439213012614774,0.9522907789840104,-1.0774955065479646,-0.8574632485110902,0.07959723735804217,0.37516262445382653,9396.59
-0.4055756013057161,-1.2114823008939613,1.0725350391575654,-0.4169108333665442,0.9502432353523981,1.0896705775408835,-0.020213536197862498,1.2114823008939646,-1.0500994255839482,-0.08036834244506043,1.7969633683299182,1.9848176210586699,0.5993057439214935,54826.47
1.0847347443206135,0.6026980406416726,0.294831389116663,-0.4169108333665442,-1.052362135079183,0.18003900123241076,-1.2349818567339161,-0.6026980406416691,0.9522907789840104,0.35174043867007254,-0.26798217011521075,-0.28195448562145015,-0.3906307080330218,18014.7
1.58150485952939,1.2074248211535505,-0.5535725927461393,-1.315874817813155,0.9502432353523981,-1.0711925151287078,-0.020213536197862498,-1.207424821153547,-1.0500994255839482,-0.5536479331822528,-1.042279561356216,-1.0364972118395206,0.69675831515521,58688.87
0.5879646291118369,-1.0603006057659918,-0.9777745836775408,1.3810171355266774,0.9502432353523981,-0.7562445099301812,1.1945547843381912,1.0603006057659952,0.9522907789840104,-0.9302171990486258,-0.2913501017431861,-0.17820486076646533,0.37516262445382653,57335.06
-0.4055756013057161,-0.9091189106380223,0.01203006182906223,0.48205315108006663,0.9502432353523981,0.041684613797242615,1.1945547843381912,0.9091189106380256,-1.0500994255839482,-0.5009553422451022,0.472918229838017,0.6800874903065898,0.5993057439214935,44017.39
0.09119451390306038,0.7538797357696422,-0.8363739200337406,-1.315874817813155,0.9502432353523981,-1.151425582992539,-1.2349818567339161,-0.7538797357696385,-1.0500994255839482,-0.8580772214327761,-0.997506099008171,-0.9075961627772668,1.1379736053352763,84637.66
0.5879646291118369,-1.6650273862778697,-1.7554782337184431,-1.315874817813155,0.9502432353523981,0.0767584214336129,-1.2349818567339161,1.665027386277873,0.9522907789840104,-0.6468638811048817,0.9239593263172946,-0.813278322000008,-0.4991774591537944,98190.42
-0.9023457165144926,1.0562431260255811,0.5069323845823639,-1.315874817813155,0.9502432353523981,1.270296065813166,1.1945547843381912,-1.0562431260255776,0.9522907789840104,2.2922593809734555,-0.1120558937784464,-0.5743397920309524,-0.26764155666356654,66284.8
-0.9023457165144926,0.7538797357696422,-0.2000709336366383,1.3810171355266774,0.9502432353523981,-0.8821451540741744,-0.020213536197862498,-0.7538797357696385,0.9522907789840104,-0.5817796898757106,-0.8677794887915616,-0.6246426404454904,2.122442554249507,61879.84
-1.3991158317232693,-0.4555738252541138,1.6381376937327672,1.3810171355266774,0.9502432353523981,0.41299793765777526,-0.020213536197862498,0.4555738252541172,0.9522907789840104,-0.14347535701048947,0.5506389897887606,1.6515612503123551,0.3338715005351011,70529.86
1.58150485952939,1.8121516016654287,0.294831389116663,1.3810171355266774,-1.052362135079183,-1.1249469377018404,1.1945547843381912,-1.8121516016654249,-1.0500994255839482,0.10906193191391789,-1.1612830920797392,-1.262860029704942,-1.2207387173533923,70375.88
-0.4055756013057161,-0.6067555203820832,-1.2605759109651418,-1.315874817813155,0.9502432353523981,1.04082602593134,-1.2349818567339161,0.6067555203820867,-1.0500994255839482,0.14960034746893988,1.224619069955402,-0.6152108563677646,0.5993057439214935,35496.28
0.09119451390306038,0.4515163455137032,0.22413105729476276,-0.4169108333665442,-1.052362135079183,1.692313915930625,1.1945547843381912,-0.4515163455136996,-1.0500994255839482,1.532412472130592,0.6943561938859534,-0.19706842892191737,-0.7470670257026498,59687.83
-0.4055756013057161,-0.7579372155100528,1.284636034623266,0.48205315108006663,0.9502432353523981,0.06632638971568063,-0.020213536197862498,0.7579372155100562,-1.0500994255839482,-0.44642190233118073,0.41523889265916436,1.7018640987268934,0.5993057439214935,61442.88
0.5879646291118369,-1.6650273862778697,0.7897337118699643,-1.315874817813155,0.9502432353523981,1.5323907541683477,-0.020213536197862498,1.665027386277873,0.9522907789840104,-0.038374744436812276,2.747222336612084,2.1294383102504666,2.062366028251568,38235.97
-0.9023457165144926,0.4515163455137032,-0.41217192910233913,-0.4169108333665442,0.9502432353523981,-1.5646980864760285,-0.020213536197862498,-0.4515163455136996,0.9522907789840104,-1.2953368463730701,-1.1885335276026527,-0.536612655720049,2.122442554249507,77413.44
-1.3991158317232693,1.660969906537459,-1.401976574608942,1.3810171355266774,0.9502432353523981,-1.597958130015261,-0.020213536197862498,-1.6609699065374555,0.9522907789840104,-1.2540993369802607,-1.2272138631385159,-1.4420639271817335,-0.38744411323898026,60358.76
-1.3991158317232693,-0.7579372155100528,-0.12937060181473833,-1.315874817813155,0.9502432353523981,1.7104862148146864,-0.020213536197862498,0.7579372155100562,0.9522907789840104,0.4372471327857886,1.9993962086673702,0.4442928883634427,0.3338715005351011,19175.06
-1.3991158317232693,-1.5138456911499003,1.284636034623266,0.48205315108006663,-1.052362135079183,-1.2665591689293196,-0.020213536197862498,1.5138456911499036,0.9522907789840104,-1.202263083564641,-0.7770198381798941,2.53500502559268,0.47660365932963433,88895.86
-0.4055756013057161,-0.4555738252541138,1.6381376937327672,1.3810171355266774,-1.052362135079183,1.4660901672035491,-0.020213536197862498,0.4555738252541172,-1.0500994255839482,0.4820972265471933,1.4638332918021222,1.6515612503123551,0.5993057439214935,24846.21
-0.9023457165144926,0.14915295525776417,1.6381376937327672,0.48205315108006663,-1.052362135079183,-0.10041282820781483,-0.020213536197862498,-0.14915295525776068,0.9522907789840104,-0.20323859795450452,-0.1928727502268306,0.9221699483015541,1.1026041036699394,95022.62
0.09119451390306038,-0.9091189106380223,-0.9070742518556405,1.3810171355266774,0.9502432353523981,-1.0676574080349235,1.1945547843381912,0.9091189106380256,-1.0500994255839482,-1.0700803683673556,-0.6493819660822213,-0.17820486076646533,-0.7470670257026498,88815.61
0.5879646291118369,-0.9091189106380223,-0.5535725927461393,1.3810171355266774,0.9502432353523981,-1.587087098069996,-1.2349818567339161,0.9091189106380256,0.9522907789840104,-1.3365630491745286,-1.1748790908826978,0.1519075819539405,-0.9671453726489531,28216.27
0.09119451390306038,1.2074248211535505,1.4260366982670667,1.3810171355266774,0.9502432353523981,-1.2808613342303166,-1.2349818567339161,-1.207424821153547,-1.0500994255839482,-0.8494551476837384,-1.1129855450610024,-0.4202873187614297,1.1379736053352763,14081.4
-0.4055756013057161,1.2074248211535505,1.6381376937327672,-1.315874817813155,0.9502432353523981,0.8456442143317103,-1.2349818567339161,-1.207424821153547,-1.0500994255839482,2.1506842418420176,-0.3958704904285834,-0.3542648302173485,-2.1422224185336938,46862.09
-1.3991158317232693,-1.3626639960219307,-0.6242729245680396,-0.4169108333665442,-1.052362135079183,0.8371761309992138,-0.020213536197862498,1.362663996021934,0.9522907789840104,-0.2458676083290789,1.636936419874762,0.3311114794307323,-0.38744411323898026,21661.92
1.58150485952939,0.7538797357696422,0.0827303936509625,0.48205315108006663,-1.052362135079183,0.7473774792345543,-1.2349818567339161,-0.7538797357696385,-1.0500994255839482,1.0902062134743782,-0.08275233943838507,-0.4988855194091454,0.3674671920348336,53755.2
-0.4055756013057161,0.7538797357696422,0.6483330482261644,-1.315874817813155,0.9502432353523981,-1.4698624847346042,-1.2349818567339161,-0.7538797357696385,-1.0500994255839482,-1.1848121804545684,-1.1509139793981757,-0.24737127733645523,0.2337897666176811,45414.47
-0.4055756013057161,-0.002028739870205314,-0.7656735882118402,0.48205315108006663,0.9502432353523981,-1.1596279556611235,1.1945547843381912,0.002028739870208805,-1.0500994255839482,-1.0232249761815944,-0.8837163435839277,-0.4988855194091454,-2.1422224185336938,89602.36
-0.9023457165144926,0.6026980406416726,0.8604340436918649,1.3810171355266774,0.9502432353523981,0.1070840950322532,1.1945547843381912,-0.6026980406416691,0.9522907789840104,0.28312242263330717,-0.3066430263454084,-0.005288819341490855,-0.26764155666356654,45808.83
0.09119451390306038,0.4515163455137032,-1.5433772382527424,-1.315874817813155,-1.052362135079183,-0.22083752214771069,1.1945547843381912,-0.4515163455136996,-1.0500994255839482,-0.1285923602810943,-0.4116431625017684,-1.1402468366945053,0.07785883467789716,55708.76
-0.4055756013057161,1.660969906537459,-0.41217192910233913,1.3810171355266774,0.9502432353523981,0.25005953749197607,-0.020213536197862498,-1.6609699065374555,-1.0500994255839482,2.9174848664672144,-0.87109876247697,-1.2660039577308504,0.5993057439214935,33470.72
-1.3991158317232693,-1.6650273862778697,-0.4828722609242394,0.48205315108006663,-1.052362135079183,1.3930543925404617,-0.020213536197862498,1.665027386277873,0.9522907789840104,-0.09662067679676123,2.5726955495710886,0.6580799941252292,0.3338715005351011,32454.14
-1.3991158317232693,0.7538797357696422,-0.6242729245680396,-0.4169108333665442,0.9502432353523981,-0.72974275936436,1.1945547843381912,-0.7538797357696385,0.9522907789840104,-0.4254058842083371,-0.7943592029801791,-0.813278322000008,0.3338715005351011,80961.53
0.5879646291118369,-1.3626639960219307,0.01203006182906223,1.3810171355266774,-1.052362135079183,0.23920005818427248,-1.2349818567339161,1.362663996021934,0.9522907789840104,-0.5158333757840157,0.9455524149233437,1.0101999330269955,-0.4991774591537944,31366.2
1.0847347443206135,0.4515163455137032,-0.6242729245680396,-0.4169108333665442,-1.052362135079183,-1.0831726002798658,1.1945547843381912,-0.4515163455136996,0.9522907789840104,-0.8772747193599633,-0.9101620055070588,-0.6497940646527594,0.685101601507867,84027.26
1.58150485952939,-1.2114823008939613,-0.6949732563899399,-1.315874817813155,-1.052362135079183,1.493331286573299,1.1945547843381912,1.2114823008939646,-1.0500994255839482,0.10946396937921651,2.244232158129166,0.17705900616120943,0.3674671920348336,15569.82
-0.9023457165144926,0.7538797357696422,-0.2707712654585386,-1.315874817813155,0.9502432353523981,1.6310040683923455,-0.020213536197862498,-0.7538797357696385,0.9522907789840104,1.9968589783379618,0.3429372755445746,-0.6560819207045767,1.1026041036699394,56377.17
1.58150485952939,1.0562431260255811,-0.2000709336366383,1.3810171355266774,-1.052362135079183,0.8934490285607288,-1.2349818567339161,-1.0562431260255776,-1.0500994255839482,1.8196661514945878,-0.2572935968207322,-0.8258540341036426,0.69675831515521,73287.36
0.5879646291118369,-0.1532104349981748,0.294831389116663,1.3810171355266774,0.9502432353523981,-0.6829083666904979,-1.2349818567339161,0.15321043499817827,0.9522907789840104,-0.7270040593757933,-0.49271046716585243,0.3311114794307321,0.37516262445382653,26402.44
-1.3991158317232693,1.2074248211535505,1.7088380255546678,0.48205315108006663,-1.052362135079183,-1.4109440331715317,-0.020213536197862498,-1.207424821153547,0.9522907789840104,-1.0329798176538043,-1.1568529414198045,-0.332257334035988,-0.32573604007393053,20796.06
0.09119451390306038,-0.6067555203820832,0.6483330482261644,-0.4169108333665442,0.9502432353523981,1.4839736501485759,1.1945547843381912,0.6067555203820867,-1.0500994255839482,0.39968286311305223,1.6302455566544432,0.9976242209233613,1.1379736053352763,39069.22
-1.3991158317232693,0.30033465038573365,0.7897337118699643,-0.4169108333665442,-1.052362135079183,-1.2316124403061246,-1.2349818567339161,-0.30033465038573015,0.9522907789840104,-1.0319995602818506,-0.9758952007512276,0.24936935075710776,0.3338715005351011,48228.1
-0.9023457165144926,-1.6650273862778697,0.36553172093856334,1.3810171355266774,-1.052362135079183,1.341564286929361,-1.2349818567339161,1.665027386277873,0.9522907789840104,-0.11814477268667867,2.508201238167248,1.6389855382087208,-0.26764155666356654,7657.33
-1.3991158317232693,0.30033465038573365,-1.4726769064308425,1.3810171355266774,0.9502432353523981,0.5335035000606009,-1.2349818567339161,-0.30033465038573015,0.9522907789840104,0.391017481081073,0.12955929162944926,-1.0585047080208811,0.47660365932963433,41658.67
-0.9023457165144926,-1.5138456911499003,0.6483330482261644,1.3810171355266774,-1.052362135079183,0.04835048567016279,1.1945547843381912,1.5138456911499036,0.9522907789840104,-0.6314584815336822,0.80663379863896,1.827621219763239,1.1026041036699394,78191.59
-0.9023457165144926,1.660969906537459,-1.5433772382527424,-1.315874817813155,-1.052362135079183,-1.1585189024552305,-1.2349818567339161,-1.6609699065374555,0.9522907789840104,-0.2621403463839737,-1.142533425549269,-1.4672153513890023,2.122442554249507,83021.14
-0.9023457165144926,-1.2114823008939613,0.36553172093856334,-1.315874817813155,-1.052362135079183,-0.2588456997246732,-1.2349818567339161,1.2114823008939646,0.9522907789840104,-0.714544413382475,0.30276482519473075,1.2617141750996856,-0.26764155666356654,71381.7
0.5879646291118369,1.8121516016654287,0.8604340436918649,0.48205315108006663,0.9502432353523981,-1.494342523727183,1.1945547843381912,-1.8121516016654249,0.9522907789840104,-0.9332473615661637,-1.2146703033930872,-1.1874057570831347,2.062366028251568,70757.07
-0.9023457165144926,-0.9091189106380223,1.213935702801366,-0.4169108333665442,0.9502432353523981,0.08408279364753211,-0.020213536197862498,0.9091189106380256,0.9522907789840104,-0.4792038312232988,0.5158116609135418,1.8024697955559696,-0.23600717548390576,56141.29
0.09119451390306038,-1.6650273862778697,-1.614077570074643,-0.4169108333665442,-1.052362135079183,0.4192825724911697,-0.020213536197862498,1.665027386277873,-1.0500994255839482,-0.5036805921122501,1.3529904770492804,-0.6497940646527595,-1.6196282426233282,75550.02
1.58150485952939,0.7538797357696422,1.213935702801366,0.48205315108006663,-1.052362135079183,-0.3849542913447713,-1.2349818567339161,-0.7538797357696385,-1.0500994255839482,-0.07163267088641748,-0.6282563808121451,0.004142964736234937,0.69675831515521,28493.67
-0.4055756013057161,-0.6067555203820832,-0.12937060181473833,-0.4169108333665442,0.9502432353523981,-0.29115842698387207,-0.020213536197862498,0.6067555203820867,-1.0500994255839482,-0.6020814952855431,0.005413224210222693,0.34054326350845787,-0.48592130799853095,26994.12
1.58150485952939,1.0562431260255811,-0.9777745836775408,0.48205315108006663,0.9502432353523981,0.826247335866142,1.1945547843381912,-1.0562431260255776,-1.0500994255839482,1.7353904060660603,-0.2831932816336377,-1.1025197003836016,0.3674671920348336,95242.86
-1.3991158317232693,-1.0603006057659918,-1.4726769064308425,1.3810171355266774,-1.052362135079183,0.12530260446656016,-1.2349818567339161,1.0603006057659952,0.9522907789840104,-0.4976211069517587,0.6429631069211666,-0.6623697767563941,0.47660365932963433,59181.58
0.09119451390306038,0.6026980406416726,-1.048474915499441,-1.315874817813155,-1.052362135079183,-0.7827347078584411,-0.020213536197862498,-0.6026980406416691,-1.0500994255839482,-0.5538000554664199,-0.7781830310039222,-0.9390354430363531,1.1379736053352763,75094.31
-0.9023457165144926,-0.9091189106380223,-0.5535725927461393,-0.4169108333665442,0.9502432353523981,0.5449983744341806,-0.020213536197862498,0.9091189106380256,0.9522907789840104,-0.24274060636311076,0.9821111757964341,0.1519075819539405,-0.23600717548390576,56099.65
0.09119451390306038,-0.6067555203820832,0.4362320527604633,-1.315874817813155,-1.052362135079183,1.5381324150363571,-0.020213536197862498,0.6067555203820867,-1.0500994255839482,0.4302464031776941,1.679818719918478,0.818420323446569,-0.7470670257026498,38731.08
1.0847347443206135,0.14915295525776417,0.1534307254728628,-0.4169108333665442,-1.052362135079183,-0.9145156445211802,-1.2349818567339161,-0.14915295525776068,0.9522907789840104,-0.8158046118382501,-0.7419476266048798,-0.002144891315582183,-0.3906307080330218,97907.73
0.09119451390306038,0.6026980406416726,-1.331276242787042,1.3810171355266774,0.9502432353523981,-0.4953512958813835,1.1945547843381912,-0.6026980406416691,-1.0500994255839482,-0.2835004882565109,-0.6258904800011673,-1.0773682761763326,1.1379736053352763,71866.01
-0.9023457165144926,-1.3626639960219307,-0.7656735882118402,0.48205315108006663,0.9502432353523981,1.643272969482538,-1.2349818567339161,1.362663996021934,0.9522907789840104,0.11805757452936003,2.5689510704705802,0.18020293418711786,2.122442554249507,83982.13
0.5879646291118369,1.0562431260255811,-0.9070742518556405,1.3810171355266774,-1.052362135079183,0.5292290241628878,1.1945547843381912,-1.0562431260255776,0.9522907789840104,1.3629081274056776,-0.3976648127561751,-1.0773682761763326,-0.4991774591537944,8823.45
0.09119451390306038,0.6026980406416726,-0.2707712654585386,1.3810171355266774,-1.052362135079183,-0.4367101076197841,1.1945547843381912,-0.6026980406416691,-1.0500994255839482,-0.2283452943685266,-0.5948148653971319,-0.5586201519014092,0.07785883467789716,40546.25
-0.4055756013057161,-0.1532104349981748,0.7190333800480644,-0.4169108333665442,-1.052362135079183,-0.9427271854460867,-1.2349818567339161,0.15321043499817827,-1.0500994255839482,-0.8995030595900564,-0.6929799914712483,0.6329285699179603,-2.1422224185336938,22347.13
-0.4055756013057161,-0.3043921301261443,-0.9777745836775408,0.48205315108006663,0.9502432353523981,1.3031979775879954,-1.2349818567339161,0.30439213012614774,-1.0500994255839482,0.48274307905190245,1.1803849060984977,-0.5083173034868712,0.5993057439214935,11925.43
0.09119451390306038,1.2074248211535505,-0.4828722609242394,-1.315874817813155,0.9502432353523981,-0.9170572247846853,1.1945547843381912,-1.207424821153547,-1.0500994255839482,-0.3361891279655015,-0.990300982118282,-1.01448971565816,-1.6196282426233282,26383.71
0.5879646291118369,-1.2114823008939613,-0.34147159728043885,1.3810171355266774,-1.052362135079183,1.5625200329284445,1.1945547843381912,1.2114823008939646,0.9522907789840104,0.1420018393747974,2.3208954700580664,0.5386107291407015,-0.4991774591537944,55695.38
-1.3991158317232693,-0.002028739870205314,1.7088380255546678,-0.4169108333665442,0.9502432353523981,1.4412751017216903,1.1945547843381912,0.002028739870208805,0.9522907789840104,0.8114920119938409,0.9957722911354745,1.1516766941928838,-0.38744411323898026,71095.8
-0.9023457165144926,1.660969906537459,1.6381376937327672,-1.315874817813155,-1.052362135079183,-1.2087497705721402,1.1945547843381912,-1.6609699065374555,0.9522907789840104,-0.3755279506510922,-1.1522129708102724,-0.9013083067254496,-0.23600717548390576,78531.99
-0.4055756013057161,-1.5138456911499003,1.0725350391575654,1.3810171355266774,-1.052362135079183,-0.12371449816913198,1.1945547843381912,1.5138456911499036,-1.0500994255839482,-0.7061521947331402,0.5994018139371086,2.2992104236495328,0.2337897666176811,9078.93
-1.3991158317232693,1.0562431260255811,-0.6242729245680396,-1.315874817813155,-1.052362135079183,1.544521023607804,1.1945547843381912,-1.0562431260255776,0.9522907789840104,2.636157158047026,-0.006368972959478397,-0.9767625793472566,-0.38744411323898026,45964.04
1.58150485952939,-0.6067555203820832,0.01203006182906223,0.48205315108006663,-1.052362135079183,-1.162030904273892,1.1945547843381912,0.6067555203820867,-1.0500994255839482,-1.0935429587439263,-0.7917228180962457,0.46001252849298585,-1.021296133371345,52330.11
-0.4055756013057161,-0.7579372155100528,1.0018347073356655,0.48205315108006663,0.9502432353523981,0.4250357859967403,1.1945547843381912,0.7579372155100562,-1.0500994255839482,-0.2536301911725731,0.7608574303249349,1.4503498566542032,0.5993057439214935,89818.91
-0.9023457165144926,1.8121516016654287,1.213935702801366,-0.4169108333665442,-1.052362135079183,-0.19016526942222878,-1.2349818567339161,-1.8121516016654249,0.9522907789840104,2.7466993512083917,-1.0261829762573924,-1.1402468366945053,-0.23600717548390576,65488.48
0.5879646291118369,1.660969906537459,-0.4828722609242394,0.48205315108006663,-1.052362135079183,-0.5894590814564402,-0.020213536197862498,-1.6609699065374555,0.9522907789840104,1.0224149919301309,-1.032874952580892,-1.278579669834485,0.37516262445382653,89113.7
0.09119451390306038,0.9050614308976117,-0.6242729245680396,0.48205315108006663,-1.052362135079183,1.578601304413895,1.1945547843381912,-0.905061430897608,-1.0500994255839482,2.2742031902346596,0.16222886998851666,-0.8950204506736323,-1.6196282426233282,82791.22
0.5879646291118369,1.0562431260255811,-1.7554782337184431,0.48205315108006663,0.9502432353523981,0.8130080132207927,-0.020213536197862498,-1.0562431260255776,0.9522907789840104,1.7187873453369744,-0.288295746614829,-1.379185366663561,2.062366028251568,73789.24
0.09119451390306038,1.0562431260255811,-0.34147159728043885,0.48205315108006663,-1.052362135079183,1.480068858652827,1.1945547843381912,-1.0562431260255776,-1.0500994255839482,2.555329517726284,-0.031208983544178354,-0.8761568825181806,1.1379736053352763,6870.48
-1.3991158317232693,1.2074248211535505,0.7190333800480644,0.48205315108006663,-1.052362135079183,-0.02311413028457586,1.1945547843381912,-1.207424821153547,0.9522907789840104,0.9250132665534776,-0.6888392476383444,-0.6403622805750336,-0.32573604007393053,93779.23
-1.3991158317232693,0.6026980406416726,0.931134375513765,-1.315874817813155,0.9502432353523981,-0.7707084121570374,-1.2349818567339161,-0.6026980406416691,0.9522907789840104,-0.5424886770508581,-0.7718099587417471,0.029294388943503863,-0.32573604007393053,72824.5
0.5879646291118369,-0.6067555203820832,-0.6949732563899399,0.48205315108006663,0.9502432353523981,1.0457358968949295,-1.2349818567339161,0.6067555203820867,0.9522907789840104,0.15237114621626768,1.229113224048238,-0.13733379642965327,0.37516262445382653,8495.4
-1.3991158317232693,-1.6650273862778697,1.1432353709794654,0.48205315108006663,-1.052362135079183,0.4288481563919979,-0.020213536197862498,1.665027386277873,0.9522907789840104,-0.49968194921414566,1.3649719196883603,2.538148953618588,0.3338715005351011,40899.14
1.58150485952939,0.7538797357696422,-0.6949732563899399,-0.4169108333665442,0.9502432353523981,1.5314434378883142,-1.2349818567339161,-0.7538797357696385,-1.0500994255839482,1.8947039254846092,0.2949736594801041,-0.8447176022590943,0.3674671920348336,81910.22
0.5879646291118369,-0.002028739870205314,-0.2000709336366383,0.48205315108006663,-1.052362135079183,0.575173863744523,-1.2349818567339161,0.002028739870208805,0.9522907789840104,0.20053088820805734,0.3699022001015901,-0.12161415630011015,-0.4991774591537944,96067.81
0.5879646291118369,1.3586065162815202,0.7897337118699643,-1.315874817813155,-1.052362135079183,-0.5603810927144297,-1.2349818567339161,-1.3586065162815164,0.9522907789840104,0.3863141084175419,-0.9224373073858934,-0.7629754735854701,0.37516262445382653,40165.52
-0.9023457165144926,-0.1532104349981748,0.7190333800480644,-1.315874817813155,0.9502432353523981,1.1606268774429211,-1.2349818567339161,0.15321043499817827,0.9522907789840104,0.49695649896975963,0.928294863206854,0.6329285699179603,1.1026041036699394,84913.44
-1.3991158317232693,-1.0603006057659918,1.7088380255546678,1.3810171355266774,-1.052362135079183,1.5643337970255822,1.1945547843381912,1.0603006057659952,0.9522907789840104,0.20854565389406185,2.1681292936518433,2.4501189688931473,0.47660365932963433,87061.94
0.5879646291118369,0.7538797357696422,0.5776327164042638,-0.4169108333665442,0.9502432353523981,-1.177950438833483,-0.020213536197862498,-0.7538797357696385,0.9522907789840104,-0.8852932810001115,-1.010284523524767,-0.27881055759554146,0.37516262445382653,85349.9
-0.9023457165144926,-1.0603006057659918,-1.1898755791432414,-1.315874817813155,-1.052362135079183,0.49057389888248754,-1.2349818567339161,1.0603006057659952,0.9522907789840104,-0.31837381325761877,1.0300981670277032,-0.38570411047643477,-0.26764155666356654,56201.4
0.5879646291118369,1.5097882114094896,-0.7656735882118402,1.3810171355266774,-1.052362135079183,-0.33843181988506676,-1.2349818567339161,-1.5097882114094858,0.9522907789840104,1.0962160315060152,-0.9213921034990394,-1.2534282456272159,-0.4991774591537944,46883.7
-0.4055756013057161,-1.6650273862778697,-0.5535725927461393,1.3810171355266774,0.9502432353523981,-1.3917088916318228,-0.020213536197862498,1.665027386277873,-1.0500994255839482,-1.2607183465891278,-0.9153802332190623,0.5763378654516051,0.2337897666176811,81902.35
1.58150485952939,0.9050614308976117,0.294831389116663,1.3810171355266774,-1.052362135079183,-0.7266004419476627,1.1945547843381912,-0.905061430897608,-1.0500994255839482,-0.3275963920855532,-0.8372548602620657,-0.527180871642323,0.3674671920348336,79615.0
1.58150485952939,0.6026980406416726,1.3553363664451665,-0.4169108333665442,0.9502432353523981,-0.9099408000468711,-1.2349818567339161,-0.6026980406416691,-1.0500994255839482,-0.673444231963779,-0.845593116190099,0.2367936386534735,0.3674671920348336,48533.45
-0.9023457165144926,-0.4555738252541138,0.22413105729476276,0.48205315108006663,0.9502432353523981,-0.49485453246624383,1.1945547843381912,0.4555738252541172,0.9522907789840104,-0.6827705861374471,-0.23660991351346863,0.5197471609852495,2.122442554249507,8569.42
0.09119451390306038,1.0562431260255811,0.5069323845823639,0.48205315108006663,0.9502432353523981,1.3556931626669368,1.1945547843381912,-1.0562431260255776,-1.0500994255839482,2.399353469027035,-0.07914365892594567,-0.5743397920309524,-0.7470670257026498,51764.36
-1.3991158317232693,-1.0603006057659918,-1.5433772382527424,0.48205315108006663,0.9502432353523981,1.0448001332524572,-0.020213536197862498,1.0603006057659952,0.9522907789840104,-0.04640184578078065,1.6174982990269122,-0.7315361933263838,0.3338715005351011,23092.76
-1.3991158317232693,-1.5138456911499003,-0.9070742518556405,-1.315874817813155,-1.052362135079183,-0.01610167928481408,-0.020213536197862498,1.5138456911499036,0.9522907789840104,-0.6594372801062467,0.7290087655617725,0.09846080551349397,-0.38744411323898026,98346.28
1.0847347443206135,0.4515163455137032,0.01203006182906223,-0.4169108333665442,0.9502432353523981,0.4222400477068847,-0.020213536197862498,-0.4515163455136996,0.9522907789840104,0.42972985608090714,-0.03987783111693531,-0.31024983785462773,1.1512285520161478,81730.61
-0.9023457165144926,-1.2114823008939613,-1.1191752473213412,-1.315874817813155,-1.052362135079183,1.5262909615359355,1.1945547843381912,1.2114823008939646,0.9522907789840104,0.12496414354809153,2.280752516942516,-0.25680306141418124,2.122442554249507,69330.2
-0.9023457165144926,-1.6650273862778697,0.01203006182906223,0.48205315108006663,0.9502432353523981,0.04591287914471018,-0.020213536197862498,1.665027386277873,0.9522907789840104,-0.6597580556676099,0.8853235149086668,1.2302748948405995,-0.26764155666356654,60767.46
-1.3991158317232693,0.14915295525776417,-0.6242729245680396,-1.315874817813155,-1.052362135079183,0.5039056426283279,-0.020213536197862498,-0.14915295525776068,0.9522907789840104,0.25147664117559154,0.21471224151898322,-0.48630980730551093,0.3338715005351011,73463.68
-0.4055756013057161,0.4515163455137032,1.4967370300889666,-0.4169108333665442,0.9502432353523981,-0.2514173537727015,1.1945547843381912,-0.4515163455136996,-1.0500994255839482,-0.1551418780518698,-0.429321467220634,0.48202002467434585,0.2337897666176811,78269.05
0.09119451390306038,1.660969906537459,1.284636034623266,1.3810171355266774,0.9502432353523981,-1.4241255926290741,-0.020213536197862498,-1.6609699065374555,-1.0500994255839482,-0.8617020781469273,-1.1937161360128679,-0.9641868672436221,-0.7470670257026498,80286.31
-0.4055756013057161,0.30033465038573365,0.7190333800480644,-1.315874817813155,0.9502432353523981,-1.4904839427816796,1.1945547843381912,-0.30033465038573015,-1.0500994255839482,-1.2406989160133521,-1.1380209052539483,0.2084982864202957,0.2337897666176811,13746.65
0.5879646291118369,1.660969906537459,-1.401976574608942,-1.315874817813155,-1.052362135079183,-0.1680188632170503,1.1945547843381912,-1.6609699065374555,0.9522907789840104,1.9737442936008955,-0.9516629445032927,-1.4420639271817335,-0.9671453726489531,10285.87
0.5879646291118369,1.0562431260255811,1.0018347073356655,0.48205315108006663,-1.052362135079183,0.40872346176006213,-1.2349818567339161,-1.0562431260255776,0.9522907789840104,1.2117855039631862,-0.4441079298755522,-0.3982798225800692,0.37516262445382653,81093.66
0.09119451390306038,1.5097882114094896,1.0725350391575654,1.3810171355266774,-1.052362135079183,-1.647692234717031,-0.020213536197862498,-1.5097882114094858,-1.0500994255839482,-1.3666437491579964,-1.2367620622241744,-0.8447176022590943,0.07785883467789716,29641.48
-1.3991158317232693,1.8121516016654287,0.931134375513765,1.3810171355266774,-1.052362135079183,-0.8532057969829006,-0.020213536197862498,-1.8121516016654249,0.9522907789840104,0.8758234393803285,-1.1220094725484628,-1.1779739730054088,0.3338715005351011,60287.13
0.09119451390306038,1.2074248211535505,-1.331276242787042,1.3810171355266774,0.9502432353523981,0.6789281016833376,1.1945547843381912,-1.207424821153547,-1.0500994255839482,1.9154760258262076,-0.45209166244047244,-1.2785796698344847,-1.6196282426233282,47152.53
0.5879646291118369,0.9050614308976117,1.213935702801366,0.48205315108006663,-1.052362135079183,-0.29774343039386253,-1.2349818567339161,-0.905061430897608,0.9522907789840104,0.15643933072999144,-0.6513120869978813,-0.15934129261101354,0.37516262445382653,8826.72
1.58150485952939,-0.3043921301261443,0.294831389116663,-0.4169108333665442,0.9502432353523981,0.6083299335457031,-1.2349818567339161,0.30439213012614774,-1.0500994255839482,0.04703588152438986,0.6113020000439842,0.4537246724411685,0.3674671920348336,83576.9
1.58150485952939,-0.4555738252541138,0.5069323845823639,1.3810171355266774,-1.052362135079183,1.5055539771132462,-0.020213536197862498,0.4555738252541172,-1.0500994255839482,0.5055400711809317,1.4980545359953479,0.7461099788506712,-1.2207387173533923,62729.37
-1.3991158317232693,-0.6067555203820832,-0.12937060181473833,0.48205315108006663,0.9502432353523981,-1.6035033960447267,-0.020213536197862498,0.6067555203820867,0.9522907789840104,-1.3426801430507147,-1.1958160051636133,0.34054326350845787,-0.38744411323898026,54765.09
-0.9023457165144926,-0.3043921301261443,0.0827303936509625,-0.4169108333665442,0.9502432353523981,-0.2829791595904102,-1.2349818567339161,0.30439213012614774,0.9522907789840104,-0.5118469026686446,-0.11866216115701758,0.2933843431198287,1.1026041036699394,94713.45
-0.4055756013057161,0.7538797357696422,-1.614077570074643,-0.4169108333665442,0.9502432353523981,-0.20765596269016837,-0.020213536197862498,-0.7538797357696385,-1.0500994255839482,0.11028582483653439,-0.5428424082266929,-1.2534282456272159,0.2337897666176811,21445.93
-0.9023457165144926,-1.5138456911499003,0.5069323845823639,0.48205315108006663,0.9502432353523981,-1.286429705534905,1.1945547843381912,1.5138456911499036,0.9522907789840104,-1.2108889185789469,-0.8009515565689893,1.6704248184678072,1.1026041036699394,29507.23
1.58150485952939,-0.9091189106380223,-1.4726769064308425,1.3810171355266774,0.9502432353523981,-1.064480432705542,-0.020213536197862498,0.9091189106380256,-1.0500994255839482,-1.0684504867512805,-0.6461678806474067,-0.7063847691191147,0.3674671920348336,76890.21
1.58150485952939,-1.0603006057659918,-0.2000709336366383,-0.4169108333665442,-1.052362135079183,0.1680358108061299,1.1945547843381912,1.0603006057659952,-1.0500994255839482,-0.4766509083504993,0.6882541622483243,0.5826257215034225,-1.2207387173533923,78647.35
0.5879646291118369,-0.4555738252541138,-0.6949732563899399,1.3810171355266774,-1.052362135079183,0.8991675841536153,-0.020213536197862498,0.4555738252541172,0.9522907789840104,0.14532594003916127,0.9722234802406046,-0.21593199707736896,-0.4991774591537944,43465.23
-0.9023457165144926,-1.0603006057659918,0.1534307254728628,1.3810171355266774,0.9502432353523981,0.15099567040308437,-0.020213536197862498,1.0603006057659952,0.9522907789840104,-0.4850129096851458,0.670194063138414,0.9284578043533714,-0.23600717548390576,95342.95
-0.9023457165144926,0.9050614308976117,-1.2605759109651418,-1.315874817813155,-1.052362135079183,1.5070442673586653,-1.2349818567339161,-0.905061430897608,0.9522907789840104,2.193439296394902,0.1312033450276211,-1.1496786207722312,2.122442554249507,94134.18
1.58150485952939,1.2074248211535505,0.7190333800480644,1.3810171355266774,0.9502432353523981,-1.6180366140969513,1.1945547843381912,-1.207424821153547,-1.0500994255839482,-1.3251523961514422,-1.226690148091908,-0.6403622805750336,-1.2207387173533923,6178.92
-0.4055756013057161,-0.4555738252541138,1.0725350391575654,-1.315874817813155,0.9502432353523981,-0.06526970474607624,-1.2349818567339161,0.4555738252541172,-1.0500994255839482,-0.42758259500584384,0.13590676251846406,1.198835614581513,0.2337897666176811,21371.15
-1.3991158317232693,0.7538797357696422,-1.1898755791432414,-0.4169108333665442,0.9502432353523981,-0.9036215073007925,-0.020213536197862498,-0.7538797357696385,0.9522907789840104,-0.603815689325047,-0.878125782857917,-1.0647925640726983,-0.38744411323898026,82920.85
-1.3991158317232693,-0.002028739870205314,-1.2605759109651418,-1.315874817813155,-1.052362135079183,-0.11176907093065805,-0.020213536197862498,0.002028739870208805,0.9522907789840104,-0.2840492150672563,-0.12650285996319366,-0.8289979621295512,-0.38744411323898026,14068.95
-0.9023457165144926,-0.7579372155100528,1.3553363664451665,0.48205315108006663,0.9502432353523981,-1.0977866867950201,-0.020213536197862498,0.7579372155100562,0.9522907789840104,-1.0720853344280654,-0.7063906585945887,1.7647426592450661,-0.23600717548390576,79574.92
-1.3991158317232693,-1.3626639960219307,0.0827303936509625,-0.4169108333665442,-1.052362135079183,0.19006669063569448,-0.020213536197862498,1.362663996021934,0.9522907789840104,-0.5380154126261525,0.8887440809835363,1.0856542056488028,-0.38744411323898026,48185.43
1.58150485952939,-0.3043921301261443,-0.12937060181473833,1.3810171355266774,0.9502432353523981,-0.6394011336343153,1.1945547843381912,0.30439213012614774,-1.0500994255839482,-0.7353362698648741,-0.4105645655194878,0.13304401379848846,0.3674671920348336,51779.02
-0.9023457165144926,-1.3626639960219307,0.5069323845823639,0.48205315108006663,-1.052362135079183,-0.332285816702409,1.1945547843381912,1.362663996021934,0.9522907789840104,-0.7738397238928391,0.28479655709724383,1.5383798413796452,-0.23600717548390576,67785.03
-0.9023457165144926,0.6026980406416726,1.284636034623266,-0.4169108333665442,0.9502432353523981,0.8128924868451788,-1.2349818567339161,-0.6026980406416691,0.9522907789840104,0.9469732048607308,0.06738468725457993,0.20221043036847836,-0.23600717548390576,57367.93
1.0847347443206135,1.8121516016654287,0.4362320527604633,-0.4169108333665442,-1.052362135079183,-0.6884074221697181,-1.2349818567339161,-1.8121516016654249,0.9522907789840104,1.3408286644465792,-1.0981918472354086,-1.24399646154949,-0.4721873181544019,37331.49
0.5879646291118369,-0.3043921301261443,-1.4726769064308425,1.3810171355266774,-1.052362135079183,0.928488178284415,-1.2349818567339161,0.30439213012614774,0.9522907789840104,0.24778658919679716,0.8735051418855868,-0.8824447385699979,2.062366028251568,61703.53
-0.9023457165144926,-0.9091189106380223,-1.331276242787042,-1.315874817813155,-1.052362135079183,-1.149727345271015,-0.020213536197862498,0.9091189106380256,0.9522907789840104,-1.112184655642258,-0.7324105585510302,-0.5743397920309524,-0.23600717548390576,92862.86
-0.9023457165144926,1.660969906537459,-1.2605759109651418,1.3810171355266774,-1.052362135079183,-1.3249115412518844,-0.020213536197862498,-1.6609699065374555,0.9522907789840104,-0.6377433050452681,-1.1745974757779332,-1.4169125029744645,2.122442554249507,74883.99
0.09119451390306038,-0.7579372155100528,-0.8363739200337406,-0.4169108333665442,-1.052362135079183,1.6165170608903663,-0.020213536197862498,0.7579372155100562,-1.0500994255839482,0.38674253444233875,1.9088563959339284,-0.1844927168182827,-0.7470670257026498,78674.31
0.5879646291118369,0.4515163455137032,-0.41217192910233913,-1.315874817813155,0.9502432353523981,-0.5876684226344253,-0.020213536197862498,-0.4515163455136996,0.9522907789840104,-0.4470762430825429,-0.623709354318217,-0.536612655720049,-0.9671453726489531,81838.19
0.09119451390306038,-0.9091189106380223,1.5674373619108672,1.3810171355266774,0.9502432353523981,0.5608832510810875,-1.2349818567339161,0.9091189106380256,-1.0500994255839482,-0.2345911982827348,0.9981816029705068,2.1325822382763753,-0.7470670257026498,59222.42
1.58150485952939,1.2074248211535505,0.4362320527604633,-1.315874817813155,-1.052362135079183,-0.46741701825795023,-1.2349818567339161,-1.207424821153547,-1.0500994255839482,0.29817709582712176,-0.838670170956565,-0.7283922653004753,-1.2207387173533923,5998.26
-0.9023457165144926,1.2074248211535505,-1.331276242787042,1.3810171355266774,-1.052362135079183,0.9177442253523252,-1.2349818567339161,-1.207424821153547,0.9522907789840104,2.25240515350127,-0.37155642109685305,-1.2785796698344847,-0.23600717548390576,16102.78
0.09119451390306038,-0.002028739870205314,0.8604340436918649,-0.4169108333665442,0.9502432353523981,-0.9861882079520238,-1.2349818567339161,0.002028739870208805,-1.0500994255839482,-0.9008779126709106,-0.7583837081738742,0.585769649529331,1.1379736053352763,62534.36
-1.3991158317232693,1.0562431260255811,-0.7656735882118402,0.48205315108006663,0.9502432353523981,0.04448035208709822,1.1945547843381912,-1.0562431260255776,0.9522907789840104,0.7549985042011016,-0.5844880506364422,-1.0270654277617948,0.47660365932963433,98434.45
1.58150485952939,1.2074248211535505,0.5069323845823639,0.48205315108006663,0.9502432353523981,-0.7709510175458266,-0.020213536197862498,-1.207424821153547,-1.0500994255839482,-0.13005799998047268,-0.9410300263678586,-0.7063847691191146,-1.2207387173533923,28041.25
-0.4055756013057161,0.4515163455137032,1.7795383573765677,-1.315874817813155,-1.052362135079183,-0.5533455364395451,-0.020213536197862498,-0.4515163455136996,-1.0500994255839482,-0.41727699212033126,-0.6038671770157048,0.6329285699179603,0.5993057439214935,33847.1
0.5879646291118369,-1.5138456911499003,-0.8363739200337406,1.3810171355266774,0.9502432353523981,0.22986552703467195,1.1945547843381912,1.5138456911499036,0.9522907789840104,-0.552662481682072,1.0252472633653928,0.1770590061612092,-0.4991774591537944,90378.98
-1.3991158317232693,1.3586065162815202,-0.7656735882118402,1.3810171355266774,-1.052362135079183,-1.3867643627555493,-1.2349818567339161,-1.3586065162815164,0.9522907789840104,-0.946128083137775,-1.1613047975917665,-1.1779739730054088,0.47660365932963433,61384.1
-1.3991158317232693,-1.3626639960219307,0.7190333800480644,-1.315874817813155,0.9502432353523981,0.9990170305966813,-1.2349818567339161,1.362663996021934,0.9522907789840104,-0.17280197133836772,1.8240579694075074,1.7647426592450661,0.47660365932963433,46085.67
1.58150485952939,-0.9091189106380223,0.7897337118699643,-1.315874817813155,-1.052362135079183,-0.7129221190749808,1.1945547843381912,0.9091189106380256,-1.0500994255839482,-0.8880907505375206,-0.29050303022253027,1.4063348642914824,-1.021296133371345,16594.14
